102 50207
202 16919
302 48516
402 25295
502 45820
602 4045
702 32176
802 45024
902 42547
1002 19209
1102 28905
1202 7175
1302 8070
1402 38914
1502 12271
1602 58294
1702 11261
1802 17061
1902 42440
2002 61689
2102 41092
2202 37414
2302 35934
2402 18310
2502 16139
2602 54385
2702 55607
2802 16393
2902 59335
3002 16068
3102 14954
3202 39493
3302 26813
3402 57246
3502 23649
3602 49985
3702 52593
3802 1582
3902 18821
4002 32909
4102 7301
4202 11920
4302 45025
4402 59846
4502 52271
4602 7752
4702 33078
4802 8510
4902 54419
5002 42267
5102 9285
5202 36140
5302 23030
5402 12814
5502 41023
5602 8462
5702 55002
5802 29128
5902 12797
6002 25727
6102 44395
6202 24665
6302 24332
6402 54217
6502 58491
6602 33083
6702 17553
6802 49994
6902 45504
7002 58353
7102 26918
7202 8131
7302 5352
7402 15029
7502 40542
7602 5237
7702 58819
7802 17939
7902 49470
8002 35768
8102 7338
8202 34748
8302 17836
8402 36551
8502 13432
8602 51490
8702 48665
8802 65163
8902 7974
9002 39100
9102 32750
9202 10245
9302 12366
9402 41283
9502 37802
9602 23127
9702 44559
9802 7228
9902 37448
10002 65374
10102 63542
10202 16208
10302 62383
10402 56493
10502 16181
10602 57551
10702 48256
10802 17407
10902 18376
11002 57676
11102 37149
11202 50938
11302 25178
11402 37565
11502 17084
11602 39325
11702 61723
11802 10955
11902 5894
12002 54792
12102 58711
12202 39865
12302 61215
12402 62822
12502 35879
12602 65056
12702 11023
12802 240
12902 793
13002 22009
13102 64413
13202 52557
13302 27361
13402 2603
13502 9050
13602 56848
13702 58499
13802 62086
13902 35104
14002 16602
14102 34362
14202 5697
14302 60583
14402 15549
14502 29753
14602 33685
14702 54369
14802 52077
14902 24838
15002 1125
15102 21804
15202 7875
15302 112
15402 37461
15502 38144
15602 48802
15702 37552
15802 10966
15902 29189
16002 11627
16102 64665
16202 36427
16302 10391
16402 49590
16502 64975
16602 5744
16702 11555
16802 24720
16902 64471
17002 27961
17102 12931
17202 25127
17302 3449
17402 34472
17502 57211
17602 45370
17702 45779
17802 26376
17902 30149
18002 63545
18102 1032
18202 65078
18302 4005
18402 52914
18502 4637
18602 4734
18702 57767
18802 38174
18902 5062
19002 34832
19102 48511
19202 22269
19302 40536
19402 16985
19502 50980
19602 13864
19702 44635
19802 64242
19902 32867
20002 16909
20102 46852
20202 51105
20302 63272
20402 419
20502 3215
20602 17776
20702 15739
20802 20336
20902 54151
21002 34971
21102 45829
21202 25112
21302 53098
21402 27473
21502 65012
21602 58899
21702 358
21802 56262
21902 29969
22002 64470
22102 61576
22202 39011
22302 53585
22402 46781
22502 27906
22602 12275
22702 31868
22802 16852
22902 50333
23002 56149
23102 64585
23202 11095
23302 60375
23402 27813
23502 26933
23602 24460
23702 52472
23802 60832
23902 428
24002 62328
24102 32678
24202 63608
24302 8187
24402 50920
24502 8398
24602 59736
24702 36357
24802 24221
24902 31962
25002 49708
25102 64034
25202 49790
25302 56853
25402 15097
25502 57914
25602 13678
25702 9730
25802 62815
25902 31921
26002 40993
26102 25319
26202 63170
26302 21386
26402 6300
26502 28890
26602 13324
26702 44907
26802 5512
26902 31161
27002 46613
27102 38481
27202 53328
27302 52069
27402 11680
27502 18880
27602 56617
27702 61643
27802 51153
27902 5737
28002 59352
28102 40690
28202 39694
28302 60276
28402 41530
28502 300
28602 30735
28702 4271
28802 24079
28902 23093
29002 13213
29102 45135
29202 20394
29302 46400
29402 21799
29502 44497
29602 58967
29702 21253
29802 26709
29902 33933
30002 43950
30102 22424
30202 24757
30302 3986
30402 7518
30502 58547
30602 6607
30702 7275
30802 4356
30902 18600
31002 11402
31102 62744
31202 22603
31302 31512
31402 9794
31502 38351
31602 23544
31702 20568
31802 18288
31902 13181
32002 65450
32102 50616
32202 30321
32302 29174
32402 773
32502 40340
32602 2332
32702 12433
32802 4765
32902 47423
33002 60674
33102 54829
33202 19446
33302 44630
33402 1324
33502 59126
33602 13282
33702 44520
33802 8802
33902 18584
34002 2353
34102 62656
34202 57810
34302 38400
34402 50741
34502 40951
34602 54012
34702 36964
34802 58385
34902 26323
35002 60736
35102 62753
35202 62824
35302 55474
35402 39752
35502 64508
35602 56016
35702 28569
35802 61334
35902 23705
36002 53240
36102 45656
36202 3557
36302 22380
36402 45944
36502 1003
36602 46461
36702 30965
36802 63159
36902 9814
37002 57607
37102 31078
37202 47545
37302 31738
37402 55788
37502 27359
37602 55627
37702 62614
37802 28430
37902 43966
38002 50397
38102 52537
38202 64319
38302 33679
38402 57202
38502 36592
38602 54290
38702 27006
38802 2527
38902 7420
39002 7290
39102 52618
39202 26268
39302 35346
39402 22543
39502 5623
39602 18407
39702 17844
39802 19538
39902 38773
40002 3819
40102 20024
40202 17724
40302 42560
40402 50412
40502 38645
40602 40900
40702 31646
40802 43322
40902 31347
41002 918
41102 21245
41202 12533
41302 56583
41402 60923
41502 35236
41602 8909
41702 37520
41802 43706
41902 3823
42002 48706
42102 31937
42202 60590
42302 4408
42402 30553
42502 51938
42602 33548
42702 9955
42802 19919
42902 3110
43002 54787
43102 50397
43202 9884
43302 21879
43402 35979
43502 23712
43602 34165
43702 7527
43802 42701
43902 57032
44002 41546
44102 32990
44202 58025
44302 39261
44402 58606
44502 19594
44602 25102
44702 158
44802 53690
44902 62501
45002 29199
45102 40645
45202 16703
45302 8881
45402 9449
45502 1864
45602 23765
45702 40630
45802 16783
45902 22824
46002 1987
46102 34877
46202 65383
46302 10550
46402 22946
46502 60278
46602 58274
46702 46709
46802 4679
46902 43557
47002 29516
47102 59846
47202 27184
47302 50048
47402 9859
47502 9739
47602 44385
47702 36013
47802 22432
47902 34002
48002 1600
48102 8568
48202 22435
48302 15398
48402 46725
48502 26152
48602 49046
48702 43959
48802 10566
48902 12478
49002 35942
49102 5918
49202 34618
49302 43695
49402 55274
49502 49772
49602 9780
49702 6325
49802 7900
49902 15195
50002 50886
50102 55488
50202 59721
50302 46725
50402 20312
50502 10104
50602 60420
50702 30538
50802 45991
50902 32067
51002 27768
51102 21157
51202 33081
51302 36542
51402 52890
51502 8391
51602 9073
51702 42883
51802 18641
51902 492
52002 57287
52102 15286
52202 61298
52302 59616
52402 7753
52502 15128
52602 30045
52702 25489
52802 14459
52902 53539
53002 60236
53102 65344
53202 63008
53302 56963
53402 51736
53502 26773
53602 17716
53702 18969
53802 44278
53902 52873
54002 32614
54102 47078
54202 33136
54302 47369
54402 46090
54502 62533
54602 53917
54702 51791
54802 4352
54902 7477
55002 17242
55102 35174
55202 16474
55302 28863
55402 17402
55502 52707
55602 134
55702 57062
55802 44285
55902 65457
56002 47327
56102 27805
56202 5560
56302 22597
56402 15782
56502 38028
56602 21310
56702 49337
56802 34422
56902 2290
57002 41587
57102 62944
57202 57587
57302 64272
57402 37306
57502 41989
57602 51000
57702 36653
57802 8180
57902 25825
58002 63422
58102 52029
58202 35778
58302 9735
58402 65526
58502 63031
58602 18255
58702 15818
58802 967
58902 47738
59002 45547
59102 58777
59202 44936
59302 14432
59402 33213
59502 19841
59602 46968
59702 27460
59802 38963
59902 54086
60002 43450
60102 27407
60202 61125
60302 44645
60402 206
60502 41743
60602 7582
60702 32504
60802 59584
60902 54565
61002 55946
61102 4662
61202 40966
61302 18951
61402 26014
61502 20721
61602 36321
61702 58100
61802 11845
61902 38488
62002 45613
62102 53434
62202 6519
62302 11577
62402 33154
62502 49468
62602 54762
62702 59816
62802 18478
62902 64842
63002 30696
63102 34029
63202 37693
63302 1592
63402 59251
63502 31247
63602 8937
63702 40563
63802 28196
63902 26744
64002 14383
64102 31527
64202 52202
64302 15954
64402 16116
64502 62521
64602 25323
64702 20853
64802 43644
64902 40960
65002 25663
65102 34872
65202 419
65302 54425
65402 10841
65502 40047
65602 50400
65702 8030
65802 23539
65902 63730
66002 29714
66102 46797
66202 39991
66302 13793
66402 7420
66502 16735
66602 58460
66702 34217
66802 22034
66902 7279
67002 57656
67102 18494
67202 19171
67302 55609
67402 13121
67502 36257
67602 20247
67702 38280
67802 50082
67902 64475
68002 30036
68102 25843
68202 39557
68302 51899
68402 59281
68502 26330
68602 14779
68702 15916
68802 28938
68902 34953
69002 14170
69102 51188
69202 48221
69302 16555
69402 20018
69502 14679
69602 60224
69702 51812
69802 65279
69902 58727
70002 13410
70102 12643
70202 60140
70302 4764
70402 59750
70502 36332
70602 15608
70702 34654
70802 16317
70902 2783
71002 38802
71102 26790
71202 54170
71302 32272
71402 64574
71502 28507
71602 33997
71702 15326
71802 65053
71902 51932
72002 41953
72102 14760
72202 13329
72302 45795
72402 64581
72502 60626
72602 57326
72702 57761
72802 36542
72902 38682
73002 26147
73102 10815
73202 64386
73302 28243
73402 57968
73502 1696
73602 34876
73702 44269
73802 16389
73902 44947
74002 38503
74102 34836
74202 59603
74302 2047
74402 44912
74502 44033
74602 23335
74702 5894
74802 57514
74902 49141
75002 22807
75102 61081
75202 19326
75302 450
75402 2595
75502 17633
75602 36941
75702 55585
75802 502
75902 59034
76002 3782
76102 33403
76202 34399
76302 30932
76402 8135
76502 12641
76602 15181
76702 61563
76802 11090
76902 17277
77002 55108
77102 62323
77202 36553
77302 9963
77402 54459
77502 28178
77602 16675
77702 15411
77802 9113
77902 2388
78002 44883
78102 26930
78202 23899
78302 14759
78402 25537
78502 61213
78602 48122
78702 63038
78802 50835
78902 24143
79002 45016
79102 6176
79202 58795
79302 23264
79402 46103
79502 11122
79602 7168
79702 54482
79802 3527
79902 32409
80002 17017
80102 24605
80202 13125
80302 59373
80402 46059
80502 4167
80602 45691
80702 43259
80802 64283
80902 63411
81002 23291
81102 48124
81202 3172
81302 38734
81402 64007
81502 50638
81602 37113
81702 58426
81802 60374
81902 51623
82002 45030
82102 41817
82202 61617
82302 61442
82402 40593
82502 15435
82602 21154
82702 51636
82802 50427
82902 38503
83002 48526
83102 34605
83202 31334
83302 26840
83402 64119
83502 34720
83602 7339
83702 19443
83802 35601
83902 1947
84002 59535
84102 6214
84202 3365
84302 38023
84402 17967
84502 26534
84602 33796
84702 1599
84802 29925
84902 24869
85002 41434
85102 25036
85202 52585
85302 65084
85402 4151
85502 34533
85602 5670
85702 27618
85802 42722
85902 37763
86002 49505
86102 9309
86202 15064
86302 64533
86402 6460
86502 8003
86602 18967
86702 12322
86802 27654
86902 26423
87002 37473
87102 31892
87202 64299
87302 23039
87402 59973
87502 40130
87602 46549
87702 15652
87802 3400
87902 49669
88002 6258
88102 22102
88202 51936
88302 55687
88402 18168
88502 12620
88602 40881
88702 51762
88802 24616
88902 58363
89002 18143
89102 57410
89202 26485
89302 25092
89402 4249
89502 16447
89602 38741
89702 8699
89802 41922
89902 22845
90002 7535
90102 57538
90202 42150
90302 48163
90402 41218
90502 8022
90602 9166
90702 54448
90802 44180
90902 18125
91002 35082
91102 32645
91202 8075
91302 32462
91402 4586
91502 51530
91602 5977
91702 22428
91802 46555
91902 37050
92002 7152
92102 57897
92202 16119
92302 26698
92402 23097
92502 29083
92602 14328
92702 39838
92802 31575
92902 44289
93002 20086
93102 34153
93202 35728
93302 60101
93402 65109
93502 49459
93602 58102
93702 59052
93802 23406
93902 47558
94002 40719
94102 32649
94202 35134
94302 41900
94402 42242
94502 15462
94602 41018
94702 9873
94802 56981
94902 46580
95002 54945
95102 26645
95202 16782
95302 46804
95402 38433
95502 16713
95602 51021
95702 34809
95802 18969
95902 40363
96002 37975
96102 44345
96202 58465
96302 30396
96402 44484
96502 38741
96602 55688
96702 49645
96802 36756
96902 41102
97002 60899
97102 52903
97202 25650
97302 50733
97402 44212
97502 42663
97602 51502
97702 57252
97802 46505
97902 6861
98002 8497
98102 3500
98202 4836
98302 63690
98402 32473
98502 35094
98602 37365
98702 58562
98802 6271
98902 4503
99002 52325
99102 48485
99202 36555
99302 8358
99402 58242
99502 63014
99602 34939
99702 51979
99802 11542
99902 53866
100002 2431
100102 8401
100202 57867
100302 45103
100402 5801
100502 3246
100602 28061
100702 8240
100802 963
100902 26990
101002 58116
101102 20879
101202 37663
101302 53723
101402 56329
101502 64703
101602 62044
101702 38678
101802 27516
101902 51149
102002 30069
102102 34517
102202 58565
102302 58330
102402 8817
102502 42673
102602 2213
102702 17014
102802 26831
102902 4481
103002 63437
103102 43191
103202 10026
103302 65298
103402 28929
103502 55755
103602 6059
103702 1305
103802 50738
103902 22074
104002 16539
104102 29531
104202 13667
104302 21503
104402 34161
104502 22996
104602 23640
104702 25543
104802 51472
104902 21371
105002 31089
105102 46025
105202 58738
105302 49701
105402 21684
105502 36966
105602 38152
105702 23858
105802 30002
105902 64979
106002 43463
106102 10086
106202 44179
106302 26620
106402 48575
106502 50408
106602 15336
106702 65494
106802 36951
106902 36330
107002 20546
107102 21967
107202 40669
107302 53132
107402 47299
107502 16082
107602 24976
107702 29387
107802 61213
107902 5927
108002 47007
108102 18689
108202 54143
108302 37210
108402 32823
108502 15504
108602 55106
108702 64210
108802 43046
108902 35155
109002 47000
109102 6095
109202 51855
109302 51302
109402 58491
109502 27379
109602 35982
109702 24962
109802 32521
109902 13396
110002 2898
110102 26074
110202 48833
110302 38365
110402 30331
110502 64705
110602 27532
110702 64885
110802 17789
110902 17143
111002 11349
111102 57023
111202 29782
111302 9145
111402 14914
111502 40007
111602 20504
111702 48859
111802 52396
111902 44613
112002 51509
112102 26058
112202 64166
112302 37469
112402 55125
112502 64834
112602 13213
112702 19760
112802 15667
112902 2623
113002 36806
113102 6081
113202 37846
113302 50659
113402 33500
113502 52427
113602 35866
113702 63779
113802 38325
113902 49797
114002 37073
114102 17830
114202 55852
114302 31958
114402 16242
114502 50764
114602 3546
114702 61395
114802 44533
114902 39044
115002 13615
115102 37098
115202 28304
115302 24324
115402 44856
115502 18066
115602 6268
115702 18632
115802 58845
115902 61999
116002 21768
116102 18827
116202 6743
116302 42027
116402 39108
116502 30230
116602 5427
116702 36397
116802 64582
116902 28909
117002 28440
117102 30294
117202 57416
117302 16622
117402 27858
117502 64815
117602 21189
117702 64308
117802 48890
117902 1248
118002 27605
118102 13113
118202 32695
118302 13647
118402 46193
118502 42908
118602 13202
118702 26224
118802 50821
118902 5320
119002 14600
119102 63563
119202 25304
119302 24123
119402 28378
119502 55115
119602 48741
119702 45846
119802 4213
119902 61286
120002 30659
120102 7636
120202 23911
120302 323
120402 47622
120502 28950
120602 59568
120702 59103
120802 40433
120902 59367
121002 40522
121102 12052
121202 52475
121302 11416
121402 61270
121502 29811
121602 33463
121702 23168
121802 32581
121902 56449
122002 17794
122102 43049
122202 41089
122302 24297
122402 49473
122502 21314
122602 57
122702 5335
122802 62264
122902 65532
123002 12000
123102 38158
123202 20381
123302 17090
123402 40866
123502 6330
123602 56931
123702 59650
123802 24115
123902 52229
124002 24579
124102 30574
124202 4715
124302 5854
124402 16636
124502 49794
124602 45634
124702 49280
124802 26049
124902 1199
125002 20763
125102 40057
125202 48251
125302 60529
125402 15602
125502 49842
125602 31347
125702 58966
125802 13707
125902 58345
126002 38442
126102 29127
126202 35868
126302 36498
126402 1458
126502 31402
126602 28599
126702 12850
126802 33996
126902 64392
127002 36073
127102 52106
127202 24944
127302 36828
127402 27923
127502 55630
127602 48893
127702 8774
127802 14895
127902 33397
128002 52106
128102 31945
128202 16592
128302 24127
128402 30119
128502 23135
128602 31285
128702 44808
128802 43222
128902 48841
129002 37963
129102 53417
129202 453
129302 5298
129402 16211
129502 51094
129602 64118
129702 5710
129802 24573
129902 55867
130002 61056
130102 62241
130202 63672
130302 22595
130402 63273
130502 12445
130602 50820
130702 45118
130802 34251
130902 22369
131002 53320
131102 18081
131202 44719
131302 46998
131402 45620
131502 63021
131602 37600
131702 26174
131802 14094
131902 22244
132002 17518
132102 49910
132202 36750
132302 39021
132402 62870
132502 63010
132602 8250
132702 2413
132802 29346
132902 19216
133002 61560
133102 23481
133202 62751
133302 34141
133402 58498
133502 22989
133602 48648
133702 26672
133802 32653
133902 35251
134002 51367
134102 33096
134202 2396
134302 35736
134402 26127
134502 52205
134602 20288
134702 62949
134802 44717
134902 54695
135002 16330
135102 56908
135202 16107
135302 51694
135402 11843
135502 49502
135602 63247
135702 61105
135802 52286
135902 40712
136002 614
136102 18357
136202 26224
136302 45455
136402 55123
136502 4621
136602 30021
136702 13659
136802 15450
136902 10031
137002 24296
137102 48223
137202 9613
137302 14596
137402 19077
137502 20351
137602 345
137702 40824
137802 13839
137902 29955
138002 9396
138102 59890
138202 53976
138302 12929
138402 57627
138502 18361
138602 64181
138702 29991
138802 54486
138902 21590
139002 9512
139102 46242
139202 9491
139302 63634
139402 38860
139502 60117
139602 3847
139702 21192
139802 41855
139902 597
140002 8284
140102 14249
140202 52027
140302 31872
140402 43148
140502 41830
140602 63840
140702 43008
140802 26313
140902 7327
141002 55979
141102 47947
141202 60406
141302 30410
141402 42427
141502 57100
141602 59603
141702 64015
141802 55327
141902 7806
142002 37934
142102 41286
142202 57466
142302 57879
142402 714
142502 43677
142602 42818
142702 42199
142802 13088
142902 42899
143002 417
143102 46525
143202 23000
143302 62520
143402 55890
143502 19054
143602 16259
143702 16626
143802 57139
143902 47209
144002 44485
144102 34071
144202 39700
144302 31078
144402 4530
144502 26715
144602 13334
144702 33219
144802 34863
144902 9480
145002 58347
145102 65160
145202 6926
145302 60635
145402 30592
145502 32507
145602 62612
145702 62767
145802 39572
145902 64590
146002 45553
146102 6190
146202 5872
146302 21562
146402 62463
146502 32246
146602 36597
146702 61326
146802 39277
146902 26978
147002 62557
147102 57424
147202 18187
147302 27166
147402 56703
147502 36564
147602 17805
147702 39729
147802 26240
147902 6380
148002 58850
148102 48046
148202 44232
148302 28505
148402 46045
148502 59763
148602 21699
148702 9792
148802 3353
148902 33533
149002 33464
149102 17201
149202 50683
149302 8613
149402 3855
149502 42596
149602 3990
149702 58466
149802 14876
149902 43509
150002 46369
150102 45560
150202 64319
150302 64096
150402 27517
150502 36297
150602 14403
150702 48058
150802 41317
150902 65189
151002 37857
151102 40257
151202 50319
151302 14942
151402 42514
151502 42307
151602 42325
151702 12466
151802 47407
151902 4117
152002 53152
152102 64922
152202 26067
152302 36159
152402 18666
152502 10790
152602 59642
152702 49499
152802 39905
152902 49684
153002 55810
153102 55648
153202 5249
153302 54393
153402 30316
153502 2892
153602 13492
153702 61967
153802 47174
153902 656
154002 32889
154102 59895
154202 61141
154302 18763
154402 43276
154502 39403
154602 44011
154702 11935
154802 1921
154902 1015
155002 53664
155102 47112
155202 32746
155302 60317
155402 28690
155502 2918
155602 40469
155702 40607
155802 10836
155902 43746
156002 42531
156102 9129
156202 56428
156302 61691
156402 12659
156502 54528
156602 54423
156702 28175
156802 55914
156902 56992
157002 17185
157102 46288
157202 3276
157302 20850
157402 44045
157502 61579
157602 32745
157702 37023
157802 26690
157902 28163
158002 55094
158102 60724
158202 26504
158302 34540
158402 63233
158502 14990
158602 8077
158702 28791
158802 63094
158902 45936
159002 7219
159102 43213
159202 14331
159302 39138
159402 65393
159502 11117
159602 7521
159702 21247
159802 60333
159902 37374
160002 53672
160102 2695
160202 49422
160302 15114
160402 1015
160502 57304
160602 16119
160702 57513
160802 18230
160902 1312
161002 54175
161102 240
161202 13998
161302 38149
161402 15281
161502 37109
161602 65515
161702 47625
161802 8823
161902 31099
162002 64738
162102 16191
162202 49107
162302 52528
162402 38634
162502 51609
162602 39210
162702 2597
162802 36860
162902 14970
163002 61885
163102 58891
163202 39684
163302 46302
163402 27555
163502 43269
163602 22481
163702 5009
163802 57723
163902 26272
164002 15342
164102 4010
164202 47984
164302 50452
164402 36590
164502 41850
164602 34010
164702 27856
164802 4663
164902 18301
165002 37387
165102 45408
165202 2970
165302 30949
165402 2671
165502 6258
165602 54921
165702 46445
165802 27873
165902 53928
166002 25925
166102 44119
166202 57823
166302 59340
166402 51080
166502 35413
166602 19640
166702 24896
166802 62909
166902 36870
167002 12846
167102 53562
167202 39659
167302 4198
167402 5347
167502 42422
167602 6039
167702 22837
167802 36815
167902 1127
168002 30520
168102 37844
168202 64355
168302 494
168402 33908
168502 32348
168602 29057
168702 15991
168802 6077
168902 35379
169002 33104
169102 18561
169202 10175
169302 27356
169402 36320
169502 939
169602 40020
169702 4389
169802 19347
169902 18493
170002 5849
170102 819
170202 30354
170302 14493
170402 17552
170502 29383
170602 39680
170702 23572
170802 3372
170902 9642
171002 31900
171102 60358
171202 51868
171302 40744
171402 19106
171502 11958
171602 44849
171702 37727
171802 52274
171902 22233
172002 26813
172102 55403
172202 44605
172302 21077
172402 36457
172502 45
172602 62918
172702 59950
172802 1159
172902 56872
173002 42314
173102 23534
173202 7347
173302 17439
173402 34428
173502 58571
173602 19623
173702 10399
173802 25900
173902 18557
174002 3982
174102 39571
174202 57043
174302 50305
174402 40946
174502 62955
174602 20453
174702 27365
174802 18546
174902 55933
175002 24385
175102 28291
175202 11759
175302 48563
175402 16981
175502 7679
175602 34019
175702 10622
175802 52533
175902 4882
176002 14552
176102 65022
176202 43643
176302 51884
176402 39882
176502 54421
176602 44618
176702 30933
176802 58611
176902 20521
177002 48467
177102 5832
177202 65117
177302 14528
177402 1115
177502 55963
177602 36821
177702 18411
177802 13830
177902 1848
178002 37349
178102 32569
178202 49930
178302 27639
178402 41966
178502 62817
178602 6912
178702 22319
178802 12619
178902 31320
179002 62977
179102 50012
179202 4890
179302 57896
179402 13267
179502 23904
179602 56149
179702 8221
179802 7678
179902 22381
180002 17706
180102 3125
180202 4539
180302 63662
180402 8158
180502 53254
180602 21491
180702 42900
180802 26193
180902 53714
181002 8345
181102 57051
181202 25071
181302 62288
181402 21394
181502 14208
181602 49222
181702 49285
181802 65533
181902 20219
182002 36952
182102 30244
182202 47896
182302 34728
182402 49952
182502 25693
182602 42425
182702 62914
182802 4900
182902 5744
183002 11604
183102 38294
183202 53174
183302 14028
183402 17057
183502 62762
183602 8446
183702 45513
183802 45783
183902 12645
184002 41982
184102 45879
184202 19143
184302 46298
184402 17702
184502 21601
184602 62734
184702 56658
184802 13585
184902 15863
185002 15933
185102 24421
185202 61656
185302 17005
185402 23902
185502 29332
185602 10526
185702 38779
185802 5005
185902 3451
186002 26633
186102 8845
186202 42895
186302 48001
186402 4444
186502 6634
186602 23773
186702 7466
186802 32233
186902 12575
187002 17450
187102 6356
187202 32476
187302 22747
187402 64628
187502 34027
187602 14104
187702 45481
187802 40897
187902 53838
188002 12405
188102 4006
188202 51746
188302 56460
188402 25570
188502 56888
188602 22060
188702 40975
188802 52279
188902 32332
189002 2104
189102 44534
189202 34095
189302 65465
189402 22830
189502 53217
189602 33309
189702 19346
189802 18915
189902 21113
190002 43765
190102 10665
190202 51588
190302 63860
190402 20866
190502 27108
190602 57950
190702 19385
190802 33795
190902 51081
191002 26226
191102 55000
191202 43281
191302 495
191402 2558
191502 55408
191602 10717
191702 45320
191802 14227
191902 34910
192002 42545
192102 27909
192202 34909
192302 65301
192402 24525
192502 21761
192602 30149
192702 53995
192802 31710
192902 16431
193002 52584
193102 63462
193202 23536
193302 26221
193402 30698
193502 42389
193602 42240
193702 50590
193802 16219
193902 17019
194002 39771
194102 57295
194202 60868
194302 29702
194402 30887
194502 2564
194602 38416
194702 18135
194802 17129
194902 1352
195002 25217
195102 54771
195202 15079
195302 31103
195402 61421
195502 53921
195602 63744
195702 60360
195802 57462
195902 18913
196002 15117
196102 63519
196202 15627
196302 16049
196402 31832
196502 34864
196602 63279
196702 36057
196802 45903
196902 60132
197002 13834
197102 49428
197202 9
197302 2978
197402 22770
197502 26885
197602 348
197702 64140
197802 5579
197902 12587
198002 43651
198102 3591
198202 13859
198302 49949
198402 15361
198502 24160
198602 16834
198702 55269
198802 25658
198902 45196
199002 84
199102 15106
199202 47280
199302 31354
199402 14083
199502 47124
199602 13308
199702 28546
199802 48797
199902 22293
200002 6433
200102 3317
200202 32193
200302 27028
200402 56281
200502 10848
200602 64434
200702 34642
200802 22135
200902 10829
201002 43575
201102 4848
201202 6539
201302 15262
201402 25291
201502 61779
201602 24359
201702 13278
201802 63380
201902 47620
202002 47781
202102 41853
202202 30557
202302 60981
202402 64875
202502 6859
202602 26177
202702 20102
202802 20608
202902 37944
203002 8030
203102 20099
203202 42502
203302 43661
203402 64601
203502 11244
203602 58815
203702 20983
203802 15936
203902 65031
204002 52191
204102 38663
204202 18816
204302 64084
204402 14926
204502 29775
204602 15633
204702 60853
204802 49184
204902 36137
205002 618
205102 30410
205202 17608
205302 59620
205402 8868
205502 3553
205602 15480
205702 47650
205802 27806
205902 14716
206002 62630
206102 38941
206202 58327
206302 15330
206402 12313
206502 61906
206602 4891
206702 830
206802 3832
206902 37660
207002 22899
207102 4999
207202 52417
207302 20533
207402 22327
207502 20375
207602 64514
207702 61954
207802 20159
207902 30759
208002 34838
208102 32471
208202 52149
208302 36467
208402 61063
208502 42877
208602 30364
208702 20776
208802 25023
208902 54528
209002 59150
209102 2009
209202 54068
209302 31668
209402 65517
209502 3170
209602 46561
209702 48338
209802 61903
209902 16568
210002 749
210102 27632
210202 64207
210302 22409
210402 5786
210502 23166
210602 19029
210702 64517
210802 32118
210902 48936
211002 24440
211102 54043
211202 34349
211302 54202
211402 274
211502 20965
211602 59292
211702 26077
211802 63344
211902 42096
212002 42632
212102 18596
212202 16573
212302 59078
212402 52116
212502 22535
212602 64199
212702 29965
212802 8164
212902 55763
213002 55078
213102 45853
213202 64171
213302 17199
213402 7087
213502 14026
213602 32220
213702 13928
213802 42050
213902 31502
214002 42565
214102 11492
214202 14848
214302 8426
214402 50837
214502 40439
214602 51234
214702 39227
214802 52821
214902 46019
215002 49306
215102 5847
215202 60248
215302 28035
215402 36017
215502 12748
215602 39950
215702 57568
215802 53033
215902 20386
216002 51842
216102 36936
216202 24046
216302 35532
216402 3941
216502 3121
216602 25961
216702 36587
216802 35660
216902 38137
217002 26896
217102 49344
217202 1611
217302 32572
217402 55087
217502 3833
217602 12923
217702 61847
217802 42083
217902 47008
218002 26211
218102 60694
218202 58535
218302 51007
218402 10632
218502 59360
218602 32471
218702 3055
218802 53699
218902 64571
219002 33666
219102 2223
219202 48611
219302 31279
219402 3901
219502 41779
219602 41432
219702 23556
219802 55725
219902 58291
220002 17224
220102 65274
220202 30859
220302 39087
220402 2186
220502 33951
220602 42307
220702 25284
220802 30890
220902 29545
221002 56201
221102 41702
221202 6476
221302 8297
221402 59729
221502 62846
221602 10740
221702 57957
221802 1334
221902 40310
222002 65140
222102 13768
222202 7004
222302 54877
222402 22786
222502 39130
222602 5741
222702 20164
222802 60327
222902 20345
223002 9861
223102 45798
223202 47395
223302 30387
223402 60766
223502 28185
223602 22730
223702 36749
223802 39967
223902 18968
224002 20833
224102 17125
224202 62070
224302 34316
224402 44672
224502 32342
224602 13051
224702 25644
224802 19742
224902 48724
225002 16776
225102 58
225202 57311
225302 8660
225402 55645
225502 8956
225602 18617
225702 54338
225802 44766
225902 18365
226002 14881
226102 1230
226202 49800
226302 21195
226402 42126
226502 18086
226602 7381
226702 21372
226802 61258
226902 53546
227002 34974
227102 25398
227202 58572
227302 13520
227402 56464
227502 19934
227602 8730
227702 30795
227802 52241
227902 21283
228002 15791
228102 30736
228202 11405
228302 15562
228402 32217
228502 29920
228602 52100
228702 55213
228802 47806
228902 12063
229002 44298
229102 45772
229202 59880
229302 46794
229402 38498
229502 42897
229602 9715
229702 63532
229802 35851
229902 2524
230002 53579
230102 19942
230202 3989
230302 28910
230402 26169
230502 24681
230602 46202
230702 60149
230802 21859
230902 63736
231002 24989
231102 47946
231202 27798
231302 46574
231402 7208
231502 9331
231602 59157
231702 196
231802 19284
231902 35567
232002 64802
232102 29389
232202 46274
232302 27360
232402 6973
232502 16898
232602 30264
232702 43020
232802 33938
232902 20126
233002 9218
233102 18464
233202 53555
233302 56809
233402 61399
233502 38685
233602 56074
233702 10395
233802 23788
233902 54436
234002 25016
234102 5900
234202 22999
234302 51065
234402 41322
234502 62155
234602 53868
234702 36620
234802 23071
234902 59693
235002 22444
235102 25193
235202 43029
235302 40995
235402 11403
235502 58475
235602 52818
235702 4918
235802 64550
235902 53685
236002 44875
236102 11437
236202 57236
236302 10365
236402 54720
236502 40813
236602 36813
236702 21036
236802 6987
236902 48062
237002 3691
237102 30849
237202 22897
237302 60557
237402 11726
237502 15467
237602 57440
237702 56280
237802 38622
237902 62775
238002 45233
238102 33366
238202 4988
238302 30167
238402 50034
238502 30301
238602 26833
238702 30853
238802 1985
238902 5796
239002 11464
239102 42064
239202 42102
239302 26976
239402 43840
239502 25927
239602 41127
239702 43489
239802 22913
239902 51789
240002 39165
240102 20294
240202 31021
240302 9153
240402 40041
240502 39967
240602 63795
240702 5245
240802 17673
240902 41500
241002 20569
241102 17971
241202 15143
241302 23973
241402 7304
241502 44796
241602 43417
241702 26654
241802 26615
241902 2222
242002 1433
242102 4574
242202 53561
242302 6663
242402 18830
242502 44636
242602 11010
242702 19987
242802 56400
242902 16130
243002 24780
243102 65395
243202 41293
243302 39881
243402 15658
243502 63787
243602 25779
243702 49554
243802 19137
243902 26046
244002 22295
244102 44569
244202 19109
244302 26943
244402 22457
244502 65501
244602 51400
244702 8440
244802 6767
244902 63357
245002 31124
245102 48215
245202 35444
245302 17482
245402 55043
245502 44161
245602 64225
245702 30769
245802 25072
245902 30157
246002 26958
246102 39241
246202 7147
246302 19451
246402 20803
246502 49139
246602 31854
246702 64418
246802 17334
246902 22109
247002 3568
247102 48093
247202 54203
247302 35767
247402 26348
247502 18586
247602 10023
247702 34741
247802 52415
247902 49349
248002 26711
248102 9517
248202 29497
248302 6066
248402 54205
248502 6885
248602 48540
248702 51306
248802 63358
248902 59330
249002 19567
249102 39813
249202 6959
249302 44648
249402 11817
249502 56112
249602 46447
249702 18591
249802 136
249902 16088
250002 2537
250102 13841
250202 34440
250302 49340
250402 10230
250502 22295
250602 7242
250702 2048
250802 30517
250902 38267
251002 53773
251102 4007
251202 667
251302 61271
251402 16487
251502 61319
251602 21598
251702 146
251802 54307
251902 31871
252002 7178
252102 22226
252202 58658
252302 32462
252402 13756
252502 37263
252602 11499
252702 36112
252802 50367
252902 34965
253002 23144
253102 11827
253202 58542
253302 26563
253402 16064
253502 42206
253602 59066
253702 29107
253802 47257
253902 50230
254002 55802
254102 18455
254202 52284
254302 22470
254402 57139
254502 36227
254602 19255
254702 63226
254802 19144
254902 24372
255002 8551
255102 58094
255202 28223
255302 16143
255402 13603
255502 49462
255602 59091
255702 61147
255802 52898
255902 1154
256002 57359
256102 51037
256202 46352
256302 8700
256402 40178
256502 32004
256602 12360
256702 26426
256802 47305
256902 16162
257002 37286
257102 64294
257202 34500
257302 7020
257402 28355
257502 7211
257602 20439
257702 61070
257802 10936
257902 2286
258002 14871
258102 20373
258202 37683
258302 7605
258402 10496
258502 47472
258602 23545
258702 16522
258802 39311
258902 10807
259002 12081
259102 49770
259202 21516
259302 56642
259402 21182
259502 45609
259602 37206
259702 58268
259802 52402
259902 59756
260002 34649
260102 31867
260202 22372
260302 58415
260402 34686
260502 13945
260602 44539
260702 45863
260802 58440
260902 48311
261002 7178
261102 27184
261202 19829
261302 25969
261402 20091
261502 28627
261602 46553
261702 42460
261802 29159
261902 42063
262002 10539
262102 20218
262202 58922
262302 34317
262402 40481
262502 48529
262602 20197
262702 26878
262802 23217
262902 51
263002 8604
263102 27212
263202 46376
263302 62498
263402 23194
263502 32457
263602 15744
263702 34259
263802 40678
263902 47366
264002 6863
264102 34168
264202 8883
264302 8809
264402 44761
264502 11994
264602 13300
264702 11967
264802 25258
264902 12864
265002 1116
265102 40165
265202 12836
265302 50778
265402 30219
265502 27899
265602 44433
265702 52683
265802 64854
265902 31878
266002 24020
266102 43073
266202 29477
266302 64453
266402 2261
266502 63221
266602 28632
266702 17834
266802 16585
266902 50441
267002 873
267102 33464
267202 65307
267302 49686
267402 27037
267502 45497
267602 28201
267702 20091
267802 28898
267902 63770
268002 42987
268102 22992
268202 42346
268302 21807
268402 35632
268502 55570
268602 59021
268702 2993
268802 56979
268902 42581
269002 53792
269102 7182
269202 49603
269302 34511
269402 36737
269502 64262
269602 52926
269702 10005
269802 5426
269902 54447
270002 21031
270102 5875
270202 48526
270302 61947
270402 56184
270502 44060
270602 27128
270702 58026
270802 3148
270902 26649
271002 29767
271102 15940
271202 50926
271302 37024
271402 28121
271502 62101
271602 4932
271702 41507
271802 13945
271902 6696
272002 12631
272102 4555
272202 10341
272302 44566
272402 14909
272502 46232
272602 46312
272702 36115
272802 8121
272902 47658
273002 53750
273102 8598
273202 54860
273302 49533
273402 17325
273502 143
273602 64279
273702 51260
273802 49411
273902 63785
274002 51445
274102 62081
274202 8478
274302 18156
274402 37094
274502 1785
274602 56224
274702 48921
274802 32127
274902 25952
275002 9279
275102 14224
275202 38176
275302 53995
275402 23526
275502 17809
275602 37493
275702 62061
275802 46642
275902 28279
276002 64392
276102 38603
276202 38528
276302 28710
276402 50568
276502 46610
276602 26767
276702 25349
276802 51623
276902 42571
277002 54929
277102 28466
277202 27482
277302 54330
277402 59078
277502 29166
277602 22487
277702 55701
277802 27296
277902 56720
278002 17567
278102 26119
278202 21575
278302 4895
278402 36635
278502 1476
278602 4757
278702 36477
278802 16305
278902 53852
279002 31089
279102 47728
279202 5194
279302 9422
279402 42002
279502 30759
279602 33450
279702 3159
279802 13125
279902 15364
280002 10893
280102 39311
280202 28515
280302 29472
280402 50214
280502 49307
280602 42699
280702 13352
280802 6521
280902 35013
281002 52098
281102 29427
281202 56411
281302 32965
281402 0
281502 39168
281602 3371
281702 13967
281802 29450
281902 41738
282002 31300
282102 18921
282202 3478
282302 32760
282402 570
282502 9502
282602 10943
282702 6750
282802 35674
282902 11972
283002 266
283102 52139
283202 16518
283302 3036
283402 53032
283502 8547
283602 48473
283702 4587
283802 65452
283902 54811
284002 63432
284102 14021
284202 1286
284302 51226
284402 11305
284502 44127
284602 24486
284702 43743
284802 47838
284902 20367
285002 40419
285102 14581
285202 58218
285302 62302
285402 15391
285502 35724
285602 57347
285702 34446
285802 14579
285902 58034
286002 39262
286102 5066
286202 29915
286302 55486
286402 13123
286502 11263
286602 47537
286702 3600
286802 8824
286902 56479
287002 63472
287102 30851
287202 9210
287302 12767
287402 8609
287502 38247
287602 33428
287702 185
287802 51526
287902 54535
288002 33918
288102 19157
288202 60831
288302 59193
288402 52025
288502 34440
288602 46049
288702 38766
288802 31779
288902 22085
289002 64558
289102 41640
289202 16983
289302 56937
289402 25870
289502 16814
289602 33193
289702 50888
289802 62510
289902 38181
290002 8380
290102 37037
290202 57961
290302 32722
290402 1545
290502 36843
290602 41341
290702 64794
290802 65216
290902 2531
291002 8784
291102 34469
291202 7722
291302 29435
291402 52889
291502 33203
291602 9777
291702 52166
291802 60484
291902 8424
292002 31609
292102 63021
292202 33639
292302 41599
292402 47381
292502 27147
292602 247
292702 4980
292802 36806
292902 4360
293002 46499
293102 7521
293202 44279
293302 11507
293402 5584
293502 43655
293602 48176
293702 52925
293802 27832
293902 32900
294002 25022
294102 35952
294202 48753
294302 27310
294402 14005
294502 65027
294602 61546
294702 63830
294802 48133
294902 30130
295002 55545
295102 85
295202 26991
295302 14796
295402 41713
295502 3348
295602 13757
295702 34777
295802 5382
295902 62056
296002 5004
296102 16477
296202 11129
296302 49184
296402 61006
296502 64877
296602 28564
296702 4635
296802 53376
296902 37503
297002 49637
297102 57783
297202 12857
297302 9027
297402 60294
297502 17210
297602 38188
297702 60541
297802 49616
297902 24822
298002 16813
298102 3615
298202 40557
298302 24846
298402 17998
298502 32244
298602 9250
298702 47596
298802 20352
298902 37206
299002 12139
299102 4762
299202 34115
299302 2872
299402 8124
299502 60447
299602 7336
299702 19869
299802 5015
299902 10393
300002 6325
300102 49486
300202 36781
300302 48902
300402 58026
300502 27097
300602 26991
300702 61935
300802 63736
300902 22706
301002 10588
301102 61965
301202 633
301302 127
301402 38755
301502 8715
301602 27482
301702 33128
301802 39356
301902 1514
302002 21293
302102 42826
302202 54960
302302 9708
302402 16188
302502 53678
302602 16388
302702 12075
302802 37202
302902 3864
303002 17373
303102 34512
303202 16681
303302 17651
303402 7968
303502 42910
303602 4693
303702 11393
303802 36879
303902 52689
304002 13240
304102 56119
304202 28611
304302 665
304402 6488
304502 2659
304602 9231
304702 57024
304802 12237
304902 65105
305002 25117
305102 26201
305202 40331
305302 47091
305402 4938
305502 59566
305602 28583
305702 7248
305802 55489
305902 8126
306002 31646
306102 15341
306202 62957
306302 38625
306402 57399
306502 47206
306602 9277
306702 50885
306802 12201
306902 15535
307002 10641
307102 22382
307202 34022
307302 18235
307402 35631
307502 36236
307602 57752
307702 37883
307802 51486
307902 56262
308002 25943
308102 12860
308202 64379
308302 6860
308402 51961
308502 31364
308602 56309
308702 52054
308802 1917
308902 14547
309002 49836
309102 61900
309202 15260
309302 5947
309402 22205
309502 12182
309602 39113
309702 5824
309802 29912
309902 22753
310002 43229
310102 18343
310202 57927
310302 62871
310402 47495
310502 15340
310602 35831
310702 10594
310802 13043
310902 27251
311002 37830
311102 65515
311202 26948
311302 34281
311402 55370
311502 37137
311602 62784
311702 50050
311802 33668
311902 9904
312002 59695
312102 38928
312202 49870
312302 15633
312402 40878
312502 7390
312602 29228
312702 43989
312802 40417
312902 10385
313002 14918
313102 8190
313202 26092
313302 1328
313402 44162
313502 43291
313602 60625
313702 19742
313802 11941
313902 59945
314002 22396
314102 36602
314202 64723
314302 34836
314402 2899
314502 64223
314602 48057
314702 37288
314802 14877
314902 32351
315002 17809
315102 46557
315202 18334
315302 45011
315402 8990
315502 2674
315602 30178
315702 47545
315802 35257
315902 57392
316002 64432
316102 49426
316202 19971
316302 55060
316402 19110
316502 35207
316602 23874
316702 50162
316802 36918
316902 65474
317002 63997
317102 9346
317202 10117
317302 63355
317402 33784
317502 14240
317602 8867
317702 17084
317802 37277
317902 61585
318002 12568
318102 26220
318202 65434
318302 63650
318402 25558
318502 3571
318602 356
318702 16241
318802 3223
318902 19714
319002 13322
319102 62223
319202 23367
319302 61816
319402 50497
319502 49015
319602 47158
319702 52078
319802 64887
319902 44684
320002 19971
320102 60107
320202 56854
320302 3547
320402 12427
320502 48830
320602 23257
320702 5067
320802 10294
320902 38347
321002 20344
321102 24517
321202 3421
321302 6298
321402 51556
321502 4256
321602 7983
321702 59368
321802 27583
321902 57105
322002 55611
322102 62050
322202 35566
322302 59173
322402 37324
322502 10165
322602 44026
322702 42332
322802 36716
322902 64571
323002 34419
323102 2228
323202 22712
323302 37685
323402 47769
323502 51053
323602 24017
323702 43961
323802 33527
323902 59921
324002 30094
324102 31422
324202 12747
324302 2538
324402 62803
324502 57579
324602 10795
324702 59987
324802 8709
324902 65238
325002 29517
325102 7224
325202 65387
325302 22232
325402 41508
325502 51536
325602 32555
325702 31441
325802 63665
325902 13139
326002 42642
326102 13628
326202 24111
326302 51391
326402 56343
326502 48632
326602 7993
326702 28862
326802 36683
326902 22766
327002 41403
327102 48317
327202 26628
327302 39006
327402 5600
327502 63794
327602 51713
327702 36028
327802 56626
327902 19763
328002 31051
328102 59703
328202 11767
328302 6029
328402 61403
328502 30656
328602 4957
328702 9997
328802 16177
328902 54982
329002 25251
329102 50909
329202 49371
329302 62268
329402 34341
329502 52511
329602 47598
329702 1637
329802 20481
329902 39958
330002 6947
330102 6075
330202 54862
330302 61450
330402 18531
330502 55895
330602 49668
330702 51374
330802 46305
330902 33267
331002 20475
331102 36645
331202 46440
331302 50673
331402 62113
331502 60148
331602 19211
331702 63334
331802 33974
331902 2902
332002 60094
332102 65192
332202 19549
332302 41961
332402 6385
332502 57033
332602 24837
332702 21787
332802 22647
332902 48535
333002 18794
333102 33732
333202 22780
333302 54949
333402 30776
333502 25299
333602 10362
333702 61368
333802 12985
333902 34778
334002 31762
334102 65401
334202 60867
334302 39396
334402 64232
334502 54545
334602 39935
334702 27970
334802 43499
334902 27904
335002 57783
335102 10762
335202 39774
335302 39909
335402 9623
335502 54348
335602 13921
335702 53574
335802 50486
335902 29655
336002 60777
336102 16976
336202 61161
336302 11921
336402 21990
336502 36015
336602 34104
336702 10922
336802 19159
336902 28591
337002 5782
337102 26248
337202 28510
337302 40078
337402 42382
337502 15047
337602 48169
337702 51474
337802 59218
337902 65069
338002 15723
338102 31805
338202 64222
338302 32655
338402 8766
338502 29516
338602 29289
338702 10583
338802 37957
338902 5539
339002 21660
339102 53118
339202 50875
339302 34850
339402 24412
339502 60035
339602 2613
339702 56970
339802 6234
339902 53075
340002 6392
340102 54961
340202 43740
340302 40720
340402 47315
340502 52415
340602 25981
340702 10156
340802 52389
340902 26598
341002 58661
341102 15343
341202 6673
341302 59462
341402 14710
341502 40458
341602 61304
341702 34565
341802 46410
341902 62076
342002 26591
342102 12434
342202 34220
342302 62984
342402 33206
342502 2367
342602 2983
342702 22551
342802 37054
342902 30885
343002 56965
343102 18952
343202 5139
343302 61801
343402 1776
343502 23339
343602 21163
343702 11434
343802 2217
343902 37480
344002 64800
344102 27183
344202 55593
344302 65115
344402 31103
344502 55644
344602 13778
344702 16208
344802 14024
344902 15965
345002 30875
345102 20418
345202 17448
345302 44334
345402 3968
345502 61104
345602 24913
345702 39147
345802 54914
345902 18804
346002 39883
346102 39972
346202 7936
346302 17832
346402 28729
346502 45828
346602 694
346702 30030
346802 36665
346902 52223
347002 15394
347102 56307
347202 24205
347302 42559
347402 5836
347502 39342
347602 40402
347702 42867
347802 56096
347902 34893
348002 56923
348102 63338
348202 13348
348302 42996
348402 28084
348502 44817
348602 5054
348702 58200
348802 29502
348902 29232
349002 47218
349102 35966
349202 26648
349302 29748
349402 64060
349502 45159
349602 45386
349702 747
349802 17739
349902 19288
350002 26832
350102 4186
350202 59173
350302 48375
350402 24302
350502 21140
350602 9972
350702 25591
350802 45008
350902 2745
351002 15650
351102 50526
351202 38471
351302 40524
351402 60103
351502 48920
351602 17931
351702 44847
351802 47804
351902 30368
352002 17266
352102 11480
352202 24417
352302 14558
352402 31455
352502 60959
352602 21501
352702 47479
352802 34068
352902 55159
353002 25975
353102 20710
353202 11016
353302 7174
353402 24940
353502 59661
353602 20770
353702 36242
353802 31167
353902 20561
354002 62456
354102 45202
354202 11004
354302 8900
354402 51872
354502 25901
354602 29963
354702 20957
354802 46928
354902 17970
355002 25212
355102 48506
355202 14121
355302 6417
355402 33053
355502 14644
355602 51085
355702 7290
355802 16559
355902 6420
356002 11692
356102 24335
356202 43415
356302 31560
356402 25920
356502 13396
356602 41021
356702 31264
356802 40026
356902 10037
357002 60435
357102 23260
357202 36240
357302 43184
357402 28562
357502 49501
357602 29650
357702 52112
357802 12317
357902 42246
358002 29301
358102 52762
358202 17012
358302 14471
358402 59566
358502 39302
358602 28648
358702 47915
358802 51209
358902 10621
359002 34974
359102 53566
359202 1797
359302 51406
359402 10849
359502 34362
359602 8909
359702 64205
359802 35200
359902 38423
360002 23530
360102 39018
360202 26237
360302 57660
360402 36496
360502 17296
360602 19158
360702 45495
360802 35417
360902 38454
361002 1894
361102 11711
361202 51501
361302 9661
361402 57547
361502 41630
361602 6010
361702 60624
361802 45962
361902 14758
362002 59619
362102 56105
362202 51824
362302 5884
362402 59244
362502 43127
362602 59351
362702 9630
362802 14919
362902 22363
363002 32473
363102 22144
363202 63491
363302 48217
363402 21710
363502 59729
363602 8169
363702 25661
363802 60148
363902 25962
364002 56096
364102 6509
364202 3000
364302 59079
364402 2605
364502 13011
364602 48828
364702 43648
364802 18443
364902 14056
365002 46663
365102 47193
365202 34676
365302 58998
365402 44315
365502 53520
365602 38586
365702 35110
365802 13952
365902 62217
366002 41502
366102 16710
366202 12966
366302 6135
366402 11543
366502 16572
366602 52362
366702 6841
366802 30618
366902 39258
367002 22344
367102 44771
367202 61510
367302 36281
367402 52391
367502 19682
367602 4405
367702 10822
367802 13222
367902 54221
368002 4393
368102 49751
368202 7104
368302 7924
368402 63803
368502 18175
368602 50106
368702 24536
368802 64468
368902 47992
369002 55620
369102 58056
369202 22298
369302 10476
369402 54217
369502 54812
369602 26775
369702 61845
369802 59966
369902 19129
370002 19546
370102 23125
370202 20933
370302 18637
370402 56551
370502 21475
370602 65157
370702 43048
370802 45437
370902 31949
371002 13589
371102 22844
371202 4359
371302 5835
371402 2160
371502 49352
371602 8791
371702 13442
371802 44012
371902 58275
372002 14519
372102 45259
372202 42735
372302 10081
372402 20628
372502 8594
372602 21547
372702 5195
372802 38133
372902 26759
373002 19674
373102 3826
373202 22330
373302 26410
373402 28109
373502 45957
373602 37201
373702 22318
373802 32991
373902 51249
374002 59007
374102 61857
374202 26849
374302 42518
374402 41934
374502 9521
374602 46745
374702 22521
374802 24885
374902 38937
375002 39166
375102 49647
375202 39072
375302 7936
375402 44086
375502 14598
375602 64843
375702 63327
375802 26267
375902 16124
376002 27804
376102 43181
376202 15588
376302 49902
376402 59921
376502 15627
376602 63618
376702 51876
376802 36724
376902 28846
377002 690
377102 18555
377202 14964
377302 65115
377402 61282
377502 50755
377602 18163
377702 5785
377802 24792
377902 4714
378002 65225
378102 44638
378202 55581
378302 9544
378402 50767
378502 55874
378602 25208
378702 39116
378802 33141
378902 1754
379002 21514
379102 9620
379202 15906
379302 50722
379402 44576
379502 12172
379602 58464
379702 40136
379802 33888
379902 58684
380002 48483
380102 64936
380202 36722
380302 43903
380402 5936
380502 50550
380602 58010
380702 16639
380802 19979
380902 51342
381002 51893
381102 62184
381202 26915
381302 18885
381402 21363
381502 6181
381602 40756
381702 1070
381802 19195
381902 7196
382002 57481
382102 5597
382202 62011
382302 31848
382402 31490
382502 51555
382602 7195
382702 27289
382802 65302
382902 36891
383002 28060
383102 31403
383202 19230
383302 61327
383402 4736
383502 63046
383602 33487
383702 64336
383802 44241
383902 53032
384002 49850
384102 60416
384202 28320
384302 40462
384402 49693
384502 9610
384602 28043
384702 31755
384802 36361
384902 14708
385002 15910
385102 12830
385202 21594
385302 4819
385402 35301
385502 20038
385602 40498
385702 29599
385802 41713
385902 35480
386002 28218
386102 8680
386202 29189
386302 60796
386402 38522
386502 2438
386602 18240
386702 15863
386802 32297
386902 51122
387002 42588
387102 34824
387202 39115
387302 46355
387402 20013
387502 14318
387602 58932
387702 46660
387802 55343
387902 62685
388002 61856
388102 58950
388202 47360
388302 16353
388402 9348
388502 64459
388602 32516
388702 55494
388802 56266
388902 19600
389002 60549
389102 33149
389202 47744
389302 56992
389402 51150
389502 25924
389602 50100
389702 39460
389802 27356
389902 3873
390002 26060
390102 6595
390202 6962
390302 13842
390402 4597
390502 44210
390602 24084
390702 58163
390802 1199
390902 64027
391002 64123
391102 23267
391202 48085
391302 50164
391402 62073
391502 12653
391602 1936
391702 54945
391802 15722
391902 9189
392002 33493
392102 38218
392202 22644
392302 21270
392402 28542
392502 53669
392602 11734
392702 11092
392802 62645
392902 35159
393002 16442
393102 9307
393202 25103
393302 60186
393402 48524
393502 14975
393602 4870
393702 54137
393802 61802
393902 46962
394002 26796
394102 43051
394202 39022
394302 120
394402 7562
394502 40954
394602 36992
394702 29967
394802 20624
394902 10197
395002 38025
395102 37778
395202 56062
395302 36375
395402 21034
395502 30062
395602 8610
395702 51663
395802 53980
395902 11797
396002 47012
396102 29175
396202 30371
396302 11914
396402 27684
396502 26306
396602 46528
396702 26970
396802 57840
396902 14955
397002 20302
397102 23677
397202 28910
397302 32170
397402 12588
397502 18961
397602 42953
397702 48871
397802 25682
397902 43370
398002 53364
398102 15015
398202 54186
398302 2980
398402 10906
398502 63043
398602 49425
398702 58819
398802 41128
398902 847
399002 45281
399102 17846
399202 39981
399302 50405
399402 53650
399502 63079
399602 42223
399702 33371
399802 3036
399902 17534
400002 30125
400102 49593
400202 38808
400302 61481
400402 10015
400502 50832
400602 25545
400702 32136
400802 62333
400902 20468
401002 4155
401102 14040
401202 3469
401302 2020
401402 7743
401502 63400
401602 4478
401702 18135
401802 46036
401902 32522
402002 28408
402102 52645
402202 60853
402302 53703
402402 15430
402502 57380
402602 40027
402702 28687
402802 14175
402902 9427
403002 48053
403102 31965
403202 43941
403302 65181
403402 19182
403502 54023
403602 49689
403702 29143
403802 53209
403902 20979
404002 18276
404102 20859
404202 29676
404302 17492
404402 8144
404502 42206
404602 23923
404702 24902
404802 40919
404902 60099
405002 19396
405102 44443
405202 63547
405302 16086
405402 4849
405502 15304
405602 54736
405702 33905
405802 7417
405902 15861
406002 23150
406102 61520
406202 9716
406302 27000
406402 48896
406502 8001
406602 60493
406702 38970
406802 10945
406902 61070
407002 30981
407102 62295
407202 1075
407302 44051
407402 63703
407502 19571
407602 23659
407702 30355
407802 11206
407902 38199
408002 34164
408102 23153
408202 54789
408302 4698
408402 61329
408502 59667
408602 23895
408702 15783
408802 22642
408902 45835
409002 21865
409102 40345
409202 27317
409302 15698
409402 34992
409502 27434
409602 28223
409702 23778
409802 41481
409902 35153
410002 59196
410102 60825
410202 61035
410302 34112
410402 15689
410502 9424
410602 2362
410702 1640
410802 62799
410902 17676
411002 13699
411102 15406
411202 12026
411302 54953
411402 12534
411502 51288
411602 52422
411702 29633
411802 64264
411902 18944
412002 21662
412102 13268
412202 22898
412302 17164
412402 59097
412502 26315
412602 62755
412702 10177
412802 52035
412902 17728
413002 814
413102 20828
413202 24360
413302 6160
413402 3462
413502 37215
413602 11008
413702 39567
413802 53379
413902 29447
414002 23766
414102 24856
414202 13905
414302 45838
414402 6974
414502 6077
414602 44912
414702 22424
414802 32952
414902 34741
415002 51140
415102 43175
415202 8230
415302 48968
415402 27959
415502 50715
415602 19768
415702 54242
415802 56591
415902 57691
416002 45128
416102 11957
416202 8987
416302 22133
416402 6111
416502 59020
416602 32962
416702 57234
416802 48824
416902 4420
417002 30204
417102 20907
417202 43610
417302 24028
417402 65381
417502 55228
417602 57407
417702 56830
417802 38116
417902 17741
418002 772
418102 26913
418202 61465
418302 38715
418402 53837
418502 51978
418602 28910
418702 28820
418802 20327
418902 59015
419002 31828
419102 21885
419202 21355
419302 47142
419402 37112
419502 46673
419602 20965
419702 15580
419802 24610
419902 32671
420002 35649
420102 43666
420202 1005
420302 16270
420402 49610
420502 22550
420602 45891
420702 48072
420802 10289
420902 61290
421002 49244
421102 61158
421202 43702
421302 35740
421402 35348
421502 18115
421602 2078
421702 53659
421802 35529
421902 65342
422002 14465
422102 51576
422202 8965
422302 30429
422402 5038
422502 15242
422602 43760
422702 42300
422802 15870
422902 15390
423002 30636
423102 63746
423202 1646
423302 31265
423402 43333
423502 23545
423602 57066
423702 46662
423802 17234
423902 56082
424002 62507
424102 8393
424202 53873
424302 7839
424402 21103
424502 54501
424602 42977
424702 52829
424802 25097
424902 19570
425002 54058
425102 46831
425202 43478
425302 16930
425402 7535
425502 25031
425602 53582
425702 40281
425802 57675
425902 97
426002 26135
426102 47403
426202 17386
426302 60452
426402 26390
426502 39989
426602 735
426702 30143
426802 55018
426902 48726
427002 48426
427102 6116
427202 35985
427302 20293
427402 60701
427502 18766
427602 58992
427702 54577
427802 25291
427902 51505
428002 39168
428102 30515
428202 30592
428302 48165
428402 59081
428502 9200
428602 41438
428702 2379
428802 1664
428902 10851
429002 5742
429102 2116
429202 26568
429302 64149
429402 29446
429502 12475
429602 47954
429702 23318
429802 21513
429902 45810
430002 9565
430102 6646
430202 21319
430302 6267
430402 22123
430502 13867
430602 11752
430702 6536
430802 15354
430902 57214
431002 5339
431102 19272
431202 1396
431302 11899
431402 60137
431502 750
431602 30914
431702 11659
431802 23616
431902 2458
432002 35683
432102 9876
432202 38663
432302 34963
432402 1403
432502 6200
432602 36108
432702 45775
432802 11610
432902 44120
433002 41977
433102 48257
433202 59127
433302 46686
433402 11806
433502 34465
433602 13221
433702 37461
433802 25039
433902 27774
434002 64338
434102 47382
434202 23206
434302 42140
434402 52519
434502 35097
434602 48465
434702 11343
434802 53942
434902 35705
435002 14993
435102 61568
435202 11366
435302 315
435402 11971
435502 731
435602 52197
435702 4
435802 56064
435902 39424
436002 37594
436102 60382
436202 47591
436302 18939
436402 54159
436502 35576
436602 64060
436702 129
436802 27921
436902 5454
437002 42439
437102 34994
437202 48382
437302 45489
437402 59698
437502 27964
437602 8683
437702 48887
437802 1997
437902 48990
438002 48786
438102 31977
438202 32428
438302 45572
438402 21533
438502 48475
438602 37820
438702 37983
438802 31609
438902 42074
439002 50802
439102 31301
439202 51030
439302 51874
439402 23477
439502 61056
439602 37402
439702 14314
439802 7001
439902 63924
440002 64653
440102 54847
440202 21336
440302 26782
440402 12773
440502 43496
440602 13029
440702 10032
440802 30470
440902 1062
441002 12801
441102 31717
441202 30479
441302 8702
441402 65394
441502 1092
441602 24691
441702 34719
441802 8217
441902 44810
442002 21047
442102 21289
442202 14775
442302 19960
442402 3950
442502 65104
442602 18521
442702 2213
442802 61303
442902 31312
443002 15272
443102 12549
443202 28001
443302 41876
443402 45557
443502 15493
443602 49396
443702 12309
443802 2798
443902 3098
444002 57226
444102 45968
444202 36774
444302 24983
444402 33656
444502 35712
444602 50311
444702 19589
444802 12817
444902 56110
445002 12569
445102 62586
445202 21762
445302 39506
445402 13792
445502 6087
445602 35849
445702 62754
445802 62369
445902 33841
446002 58453
446102 21026
446202 35124
446302 15919
446402 41154
446502 1584
446602 56315
446702 16386
446802 51776
446902 23497
447002 3626
447102 65426
447202 33152
447302 58489
447402 9189
447502 34791
447602 29215
447702 24699
447802 54610
447902 23008
448002 50042
448102 49826
448202 835
448302 58998
448402 47935
448502 34509
448602 44277
448702 849
448802 1914
448902 41148
449002 26233
449102 14154
449202 14002
449302 14617
449402 25582
449502 9954
449602 8110
449702 60479
449802 8171
449902 16277
450002 25178
450102 60910
450202 43991
450302 47470
450402 57498
450502 32544
450602 37802
450702 50816
450802 60357
450902 20952
451002 46038
451102 12273
451202 63326
451302 54420
451402 6689
451502 56084
451602 21773
451702 7253
451802 60642
451902 28841
452002 14798
452102 15251
452202 23075
452302 14957
452402 794
452502 52404
452602 33021
452702 34310
452802 46324
452902 37811
453002 58593
453102 12061
453202 13215
453302 31802
453402 10848
453502 31430
453602 54586
453702 36279
453802 64129
453902 43372
454002 51872
454102 12053
454202 22884
454302 13020
454402 20052
454502 56685
454602 37204
454702 43625
454802 40735
454902 19577
455002 14206
455102 26307
455202 29654
455302 15805
455402 51010
455502 32899
455602 31465
455702 49048
455802 16922
455902 19929
456002 50656
456102 48840
456202 52880
456302 49899
456402 50401
456502 58381
456602 43021
456702 20855
456802 6444
456902 49747
457002 29238
457102 47441
457202 24424
457302 38642
457402 63162
457502 16220
457602 59311
457702 32118
457802 7702
457902 54352
458002 12525
458102 33564
458202 65150
458302 230
458402 26910
458502 35684
458602 25642
458702 62307
458802 35582
458902 10771
459002 42564
459102 19227
459202 1275
459302 11248
459402 20002
459502 12363
459602 3678
459702 7315
459802 49418
459902 4416
460002 11902
460102 11806
460202 33671
460302 40522
460402 47501
460502 14028
460602 55125
460702 27549
460802 2704
460902 34924
461002 53018
461102 15853
461202 64544
461302 52115
461402 48284
461502 38849
461602 19471
461702 2549
461802 30347
461902 28266
462002 31325
462102 3326
462202 33970
462302 47004
462402 15011
462502 2701
462602 55219
462702 10924
462802 45955
462902 289
463002 12792
463102 56732
463202 14068
463302 20404
463402 3883
463502 52549
463602 38330
463702 15040
463802 34550
463902 38113
464002 32284
464102 28826
464202 31276
464302 49881
464402 2011
464502 31038
464602 6750
464702 32494
464802 15587
464902 32366
465002 4330
465102 26763
465202 10786
465302 42372
465402 7799
465502 3194
465602 21815
465702 31246
465802 38830
465902 23660
466002 35591
466102 58841
466202 34519
466302 63670
466402 15705
466502 32822
466602 64651
466702 28750
466802 784
466902 45451
467002 8339
467102 57168
467202 61525
467302 48788
467402 44711
467502 7563
467602 14830
467702 21477
467802 27838
467902 7356
468002 57585
468102 39736
468202 38643
468302 52076
468402 2530
468502 3741
468602 12933
468702 20076
468802 21647
468902 62243
469002 63357
469102 12233
469202 38976
469302 48199
469402 23854
469502 10441
469602 33330
469702 31518
469802 43769
469902 24106
470002 31131
470102 9
470202 38463
470302 41682
470402 2299
470502 53855
470602 9933
470702 1247
470802 18939
470902 28463
471002 25671
471102 36980
471202 35945
471302 37189
471402 205
471502 18095
471602 30911
471702 53932
471802 59324
471902 17329
472002 15269
472102 39068
472202 26322
472302 43133
472402 39806
472502 62443
472602 34588
472702 20733
472802 11669
472902 22065
473002 45966
473102 8744
473202 41693
473302 16840
473402 64800
473502 37167
473602 17748
473702 49599
473802 52094
473902 34767
474002 40538
474102 45125
474202 22167
474302 31909
474402 55266
474502 41799
474602 52027
474702 34448
474802 40225
474902 11908
475002 23665
475102 4197
475202 22876
475302 53485
475402 30859
475502 55419
475602 23607
475702 7436
475802 493
475902 19870
476002 29824
476102 61987
476202 40422
476302 5901
476402 58794
476502 39027
476602 56324
476702 9004
476802 22443
476902 50459
477002 32669
477102 14054
477202 65282
477302 43203
477402 58247
477502 16532
477602 12497
477702 56163
477802 61827
477902 61941
478002 43174
478102 25605
478202 36821
478302 15444
478402 12370
478502 62537
478602 38532
478702 38936
478802 57739
478902 30366
479002 61216
479102 10737
479202 36697
479302 42335
479402 57166
479502 28903
479602 26087
479702 39046
479802 10384
479902 61388
480002 51560
480102 24149
480202 60520
480302 46872
480402 27992
480502 27814
480602 47383
480702 8597
480802 61228
480902 25033
481002 12932
481102 43711
481202 28146
481302 41148
481402 58804
481502 5046
481602 59242
481702 34036
481802 33032
481902 2385
482002 27790
482102 3494
482202 16341
482302 40537
482402 49899
482502 53304
482602 44151
482702 36110
482802 32966
482902 60125
483002 21999
483102 36567
483202 2907
483302 43489
483402 60158
483502 7966
483602 3319
483702 51937
483802 40750
483902 7902
484002 23056
484102 21251
484202 53586
484302 10097
484402 8751
484502 39415
484602 30755
484702 8963
484802 48813
484902 30298
485002 64610
485102 12754
485202 46234
485302 20283
485402 65098
485502 51075
485602 18715
485702 18742
485802 23100
485902 55281
486002 60741
486102 27748
486202 54391
486302 17329
486402 4658
486502 17809
486602 41044
486702 27668
486802 22899
486902 48304
487002 46209
487102 57761
487202 16188
487302 34587
487402 9569
487502 30915
487602 21475
487702 17697
487802 4484
487902 32258
488002 40413
488102 18488
488202 55541
488302 48416
488402 50867
488502 8328
488602 60829
488702 2972
488802 34094
488902 934
489002 48920
489102 47797
489202 19208
489302 380
489402 53656
489502 1643
489602 60316
489702 1081
489802 36824
489902 21072
490002 49064
490102 46342
490202 41595
490302 15387
490402 48466
490502 64975
490602 21562
490702 26068
490802 54297
490902 38284
491002 44482
491102 56397
491202 17222
491302 48492
491402 34487
491502 14483
491602 29929
491702 45974
491802 45880
491902 7669
492002 64411
492102 46706
492202 44431
492302 43173
492402 30881
492502 41475
492602 8372
492702 43737
492802 10040
492902 12290
493002 50667
493102 4416
493202 35892
493302 19248
493402 19065
493502 22945
493602 44217
493702 61973
493802 45403
493902 24991
494002 43570
494102 8284
494202 16515
494302 47384
494402 61466
494502 58477
494602 61226
494702 37377
494802 9504
494902 33251
495002 21964
495102 33016
495202 49195
495302 63048
495402 61038
495502 3449
495602 31107
495702 14994
495802 21781
495902 16757
496002 35809
496102 63848
496202 19879
496302 50415
496402 60716
496502 497
496602 64647
496702 14741
496802 22885
496902 56954
497002 26460
497102 48156
497202 36416
497302 14752
497402 51168
497502 52545
497602 38598
497702 22804
497802 40455
497902 59661
498002 48745
498102 35827
498202 3525
498302 18004
498402 61664
498502 57680
498602 19447
498702 40658
498802 33965
498902 46515
499002 21102
499102 4139
499202 13810
499302 62611
499402 49298
499502 45195
499602 17846
499702 50866
499802 41647
499902 34299
500002 49479
500102 24086
500202 63314
500302 64205
500402 49123
500502 22072
500602 20065
500702 58476
500802 58792
500902 56207
501002 64062
501102 38634
501202 9116
501302 8434
501402 56348
501502 63266
501602 6923
501702 10713
501802 42743
501902 6514
502002 8616
502102 35225
502202 58775
502302 6815
502402 10396
502502 52617
502602 54041
502702 44495
502802 14439
502902 29979
503002 28474
503102 4207
503202 34241
503302 13973
503402 48230
503502 61255
503602 45156
503702 16538
503802 12004
503902 28593
504002 7138
504102 41965
504202 55911
504302 63046
504402 13640
504502 59284
504602 48980
504702 60462
504802 18877
504902 15997
505002 11666
505102 47454
505202 51582
505302 13083
505402 65532
505502 63360
505602 53944
505702 9510
505802 61562
505902 21059
506002 33230
506102 57428
506202 489
506302 65189
506402 2593
506502 735
506602 3958
506702 59261
506802 65121
506902 64220
507002 46462
507102 27571
507202 56917
507302 42696
507402 42953
507502 30986
507602 31579
507702 4584
507802 43315
507902 11065
508002 51780
508102 36738
508202 32485
508302 5426
508402 20744
508502 11479
508602 17323
508702 42305
508802 64424
508902 56187
509002 45412
509102 65475
509202 13370
509302 52426
509402 37276
509502 26339
509602 12759
509702 52104
509802 15562
509902 16183
510002 16075
510102 2160
510202 50758
510302 1184
510402 24595
510502 59893
510602 36151
510702 7086
510802 63855
510902 37202
511002 7998
511102 7805
511202 5207
511302 45574
511402 27322
511502 26083
511602 63699
511702 11722
511802 22310
511902 33035
512002 60178
512102 49425
512202 21644
512302 65389
512402 20379
512502 14195
512602 61457
512702 29328
512802 23656
512902 51166
513002 41020
513102 2648
513202 4953
513302 42751
513402 55140
513502 36232
513602 61181
513702 32372
513802 45677
513902 24338
514002 41165
514102 51787
514202 23313
514302 36150
514402 29637
514502 53919
514602 48202
514702 6505
514802 19608
514902 32044
515002 21965
515102 32328
515202 62776
515302 18685
515402 13768
515502 3461
515602 55428
515702 45806
515802 48113
515902 58409
516002 35071
516102 43070
516202 4167
516302 37353
516402 58484
516502 13100
516602 12214
516702 20344
516802 19555
516902 41465
517002 7322
517102 22080
517202 10436
517302 36187
517402 45347
517502 55287
517602 49486
517702 48992
517802 61859
517902 7451
518002 2402
518102 8366
518202 24933
518302 474
518402 44405
518502 1696
518602 44679
518702 39540
518802 24166
518902 4732
519002 36068
519102 8249
519202 16127
519302 26825
519402 17049
519502 52989
519602 36211
519702 1856
519802 1801
519902 47864
520002 31937
520102 1481
520202 27474
520302 59606
520402 8290
520502 56331
520602 60207
520702 53230
520802 11999
520902 20734
521002 57809
521102 46457
521202 42022
521302 44051
521402 52025
521502 53447
521602 63082
521702 47857
521802 45271
521902 51644
522002 23708
522102 63634
522202 38354
522302 19410
522402 35507
522502 63254
522602 56815
522702 14395
522802 52278
522902 57110
523002 40707
523102 18505
523202 48251
523302 29175
523402 30286
523502 48613
523602 6738
523702 27377
523802 29450
523902 36044
524002 39144
524102 32646
524202 49290
524302 46458
524402 5327
524502 50125
524602 42223
524702 52258
524802 65276
524902 34287
525002 59936
525102 20380
525202 9459
525302 5503
525402 50587
525502 56614
525602 38633
525702 55048
525802 57266
525902 35774
526002 32903
526102 47545
526202 8211
526302 12900
526402 2481
526502 22692
526602 45423
526702 20225
526802 3265
526902 56223
527002 36122
527102 23022
527202 43365
527302 53954
527402 55197
527502 45793
527602 27232
527702 46713
527802 15301
527902 26959
528002 45365
528102 29336
528202 29369
528302 42930
528402 34249
528502 17371
528602 13716
528702 22019
528802 35522
528902 61461
529002 57697
529102 65048
529202 5211
529302 49706
529402 38301
529502 24703
529602 21618
529702 53756
529802 60398
529902 58490
530002 61786
530102 7034
530202 45162
530302 14628
530402 50363
530502 35860
530602 25976
530702 28364
530802 4413
530902 41760
531002 59879
531102 314
531202 44094
531302 42585
531402 50995
531502 22105
531602 59971
531702 17520
531802 36016
531902 492
532002 34295
532102 32168
532202 40995
532302 25889
532402 29002
532502 12907
532602 9009
532702 46937
532802 40824
532902 27060
533002 31427
533102 27584
533202 13215
533302 60685
533402 65181
533502 3017
533602 41891
533702 20555
533802 35670
533902 12345
534002 36326
534102 5895
534202 44798
534302 22408
534402 6342
534502 46416
534602 6361
534702 39324
534802 39298
534902 20313
535002 21807
535102 56742
535202 51116
535302 58717
535402 53942
535502 14310
535602 57681
535702 57367
535802 42812
535902 44741
536002 61239
536102 48123
536202 40760
536302 43514
536402 42622
536502 8626
536602 11493
536702 58435
536802 5225
536902 56154
537002 33574
537102 1732
537202 37267
537302 58266
537402 19192
537502 31356
537602 2585
537702 49059
537802 24151
537902 47321
538002 17412
538102 22664
538202 13707
538302 2887
538402 4076
538502 4741
538602 38388
538702 9365
538802 21451
538902 25248
539002 6952
539102 51537
539202 1047
539302 30827
539402 62356
539502 51174
539602 54232
539702 13534
539802 43656
539902 14857
540002 16909
540102 6117
540202 25917
540302 13577
540402 22414
540502 24673
540602 53438
540702 54776
540802 26101
540902 11252
541002 35169
541102 55189
541202 26583
541302 41574
541402 33067
541502 54688
541602 36447
541702 63382
541802 46946
541902 25919
542002 36740
542102 49614
542202 2377
542302 7361
542402 60491
542502 30482
542602 48551
542702 50853
542802 21280
542902 14407
543002 53428
543102 11202
543202 60527
543302 60167
543402 65352
543502 20326
543602 25031
543702 46326
543802 4827
543902 42995
544002 18654
544102 22994
544202 43754
544302 18211
544402 11835
544502 21477
544602 24124
544702 33896
544802 37677
544902 9976
545002 22658
545102 18604
545202 53158
545302 1706
545402 4427
545502 62773
545602 39843
545702 23120
545802 19463
545902 45044
546002 5896
546102 64604
546202 18707
546302 39782
546402 15542
546502 50174
546602 26458
546702 5906
546802 55868
546902 17694
547002 1093
547102 48505
547202 40339
547302 53886
547402 9539
547502 36809
547602 37943
547702 6224
547802 10158
547902 30504
548002 15413
548102 6218
548202 14905
548302 53854
548402 4494
548502 39990
548602 33176
548702 20307
548802 32211
548902 8177
549002 55788
549102 32641
549202 21499
549302 8926
549402 18443
549502 55172
549602 46401
549702 29074
549802 11547
549902 61571
550002 51041
550102 48176
550202 16461
550302 45849
550402 4262
550502 64827
550602 10605
550702 29416
550802 23408
550902 6006
551002 27918
551102 11426
551202 31424
551302 3159
551402 60262
551502 25728
551602 49547
551702 26431
551802 14463
551902 44338
552002 21824
552102 36414
552202 29244
552302 6592
552402 60447
552502 64412
552602 33281
552702 26764
552802 10906
552902 24885
553002 14405
553102 51510
553202 15840
553302 49609
553402 59688
553502 50964
553602 65056
553702 30611
553802 28393
553902 31355
554002 28373
554102 4499
554202 61707
554302 18422
554402 50838
554502 31160
554602 49429
554702 16021
554802 34150
554902 468
555002 29394
555102 30166
555202 41079
555302 3346
555402 10204
555502 13394
555602 28062
555702 46185
555802 37889
555902 60754
556002 20698
556102 43492
556202 25523
556302 48951
556402 25898
556502 14258
556602 22884
556702 31385
556802 59170
556902 13847
557002 65116
557102 13174
557202 52294
557302 49112
557402 37055
557502 40922
557602 60831
557702 21793
557802 45589
557902 4168
558002 34972
558102 5324
558202 54791
558302 47221
558402 35205
558502 55605
558602 42721
558702 47653
558802 7535
558902 2999
559002 16844
559102 35943
559202 64387
559302 54606
559402 48327
559502 34090
559602 50397
559702 54409
559802 65372
559902 34655
560002 31691
560102 15685
560202 14080
560302 60712
560402 22053
560502 12913
560602 12068
560702 37248
560802 29076
560902 48572
561002 20884
561102 10896
561202 58720
561302 19023
561402 23821
561502 34028
561602 11675
561702 35454
561802 6131
561902 31783
562002 2968
562102 7880
562202 52190
562302 58253
562402 56779
562502 39684
562602 30119
562702 597
562802 34205
562902 5421
563002 56010
563102 9550
563202 21288
563302 11376
563402 30624
563502 17649
563602 19500
563702 18052
563802 25793
563902 28675
564002 18487
564102 23682
564202 23786
564302 688
564402 44791
564502 41251
564602 59825
564702 3605
564802 56579
564902 17217
565002 4106
565102 34181
565202 25370
565302 30955
565402 29225
565502 38391
565602 17852
565702 57099
565802 28828
565902 31745
566002 17431
566102 40760
566202 23666
566302 55228
566402 12902
566502 58442
566602 21507
566702 14844
566802 46655
566902 60658
567002 33768
567102 48544
567202 55217
567302 6089
567402 17177
567502 40612
567602 49740
567702 16181
567802 34983
567902 28581
568002 49444
568102 18171
568202 22633
568302 19164
568402 20746
568502 20926
568602 24272
568702 35270
568802 64181
568902 6814
569002 36977
569102 10014
569202 8368
569302 49298
569402 27720
569502 3303
569602 6962
569702 64917
569802 60021
569902 35597
570002 5030
570102 11466
570202 20269
570302 41704
570402 23219
570502 11069
570602 26776
570702 30400
570802 29413
570902 40196
571002 53680
571102 33812
571202 22813
571302 19814
571402 25817
571502 43882
571602 23401
571702 32906
571802 51085
571902 7893
572002 26690
572102 61877
572202 42554
572302 19674
572402 65350
572502 59121
572602 10410
572702 37103
572802 40174
572902 1909
573002 20794
573102 8276
573202 12038
573302 26911
573402 41339
573502 1691
573602 10714
573702 17528
573802 30172
573902 34639
574002 17203
574102 50151
574202 32636
574302 15391
574402 62102
574502 29986
574602 4755
574702 7730
574802 15139
574902 43458
575002 38208
575102 43127
575202 19860
575302 5248
575402 22325
575502 58357
575602 22226
575702 58304
575802 4302
575902 60704
576002 13028
576102 10372
576202 53473
576302 5305
576402 977
576502 39049
576602 47334
576702 55898
576802 63696
576902 45829
577002 21656
577102 32931
577202 53521
577302 33318
577402 33041
577502 20809
577602 62044
577702 12499
577802 43237
577902 35639
578002 28417
578102 12866
578202 22530
578302 60398
578402 18248
578502 562
578602 23211
578702 28132
578802 25515
578902 61913
579002 7049
579102 49465
579202 11403
579302 42224
579402 22903
579502 57987
579602 42392
579702 11088
579802 57373
579902 13326
580002 27396
580102 40319
580202 6783
580302 46546
580402 22156
580502 49803
580602 31101
580702 57053
580802 25641
580902 63277
581002 59198
581102 64377
581202 17528
581302 28016
581402 47381
581502 345
581602 48723
581702 61374
581802 42036
581902 64090
582002 20615
582102 6628
582202 28302
582302 39000
582402 11534
582502 59257
582602 33713
582702 51776
582802 19860
582902 43147
583002 15702
583102 48491
583202 57857
583302 53356
583402 6044
583502 41059
583602 22619
583702 55696
583802 19993
583902 24747
584002 35315
584102 63185
584202 61921
584302 48028
584402 45016
584502 16217
584602 14718
584702 5269
584802 63602
584902 34434
585002 31185
585102 43974
585202 6078
585302 30836
585402 38495
585502 35709
585602 8910
585702 9960
585802 3599
585902 27153
586002 20771
586102 30005
586202 33184
586302 3100
586402 45919
586502 12302
586602 32242
586702 11281
586802 9539
586902 40099
587002 44196
587102 43419
587202 8792
587302 786
587402 8322
587502 10094
587602 59989
587702 39678
587802 40362
587902 48038
588002 53404
588102 37103
588202 38975
588302 58689
588402 19907
588502 47041
588602 32663
588702 37795
588802 12433
588902 18899
589002 12513
589102 21447
589202 7700
589302 15427
589402 58499
589502 9674
589602 26911
589702 51426
589802 30597
589902 35830
590002 42833
590102 1393
590202 50647
590302 25236
590402 5059
590502 22075
590602 45451
590702 16184
590802 34868
590902 51516
591002 17503
591102 8473
591202 37691
591302 9002
591402 44108
591502 55275
591602 51900
591702 12378
591802 8567
591902 55856
592002 13062
592102 64842
592202 22222
592302 8
592402 51789
592502 4603
592602 26613
592702 8135
592802 6224
592902 12438
593002 36699
593102 55608
593202 28123
593302 40031
593402 19083
593502 25367
593602 4853
593702 8211
593802 42547
593902 13193
594002 26380
594102 15380
594202 26303
594302 22968
594402 50859
594502 26745
594602 39234
594702 61149
594802 40227
594902 51593
595002 58452
595102 15650
595202 16061
595302 29372
595402 43719
595502 769
595602 40557
595702 64207
595802 23914
595902 8501
596002 41355
596102 41536
596202 43707
596302 18930
596402 51478
596502 45162
596602 29855
596702 19194
596802 785
596902 693
597002 31645
597102 62288
597202 12687
597302 63827
597402 28015
597502 13569
597602 45686
597702 53487
597802 6448
597902 14268
598002 4965
598102 17771
598202 38626
598302 28611
598402 31479
598502 5073
598602 40050
598702 17146
598802 23094
598902 3070
599002 33509
599102 64459
599202 20851
599302 58905
599402 55502
599502 44743
599602 54033
599702 55735
599802 19364
599902 22773
600002 32769
600102 8025
600202 40410
600302 12968
600402 57467
600502 15217
600602 12211
600702 34972
600802 32521
600902 40500
601002 5561
601102 29261
601202 43160
601302 25756
601402 30742
601502 10108
601602 49485
601702 7183
601802 11445
601902 54004
602002 50231
602102 18733
602202 5681
602302 5507
602402 25430
602502 2891
602602 48057
602702 1633
602802 55862
602902 49387
603002 53058
603102 34619
603202 32662
603302 63637
603402 42959
603502 15154
603602 29102
603702 44935
603802 63580
603902 38137
604002 59587
604102 21716
604202 40985
604302 10947
604402 2167
604502 23164
604602 12723
604702 54279
604802 56235
604902 53003
605002 24268
605102 31240
605202 58690
605302 42855
605402 48355
605502 419
605602 20156
605702 4277
605802 12028
605902 3634
606002 19262
606102 52427
606202 57272
606302 39033
606402 7781
606502 18297
606602 35923
606702 41504
606802 27480
606902 52559
607002 18231
607102 15206
607202 8849
607302 13840
607402 52282
607502 64608
607602 50966
607702 53758
607802 18978
607902 39219
608002 4793
608102 33650
608202 41463
608302 42336
608402 56354
608502 61679
608602 39760
608702 54692
608802 538
608902 14692
609002 5210
609102 62648
609202 24252
609302 42950
609402 42354
609502 5518
609602 40640
609702 46737
609802 35978
609902 50344
610002 3236
610102 17826
610202 15524
610302 44372
610402 60675
610502 36173
610602 36713
610702 11027
610802 21173
610902 5256
611002 21109
611102 34337
611202 63628
611302 10935
611402 59796
611502 61102
611602 8601
611702 26035
611802 53268
611902 39663
612002 31810
612102 61759
612202 24051
612302 40601
612402 39204
612502 8123
612602 23943
612702 34856
612802 50760
612902 53267
613002 23986
613102 27331
613202 40324
613302 39603
613402 30450
613502 63726
613602 49602
613702 7070
613802 18356
613902 22217
614002 35187
614102 34019
614202 8714
614302 32530
614402 35768
614502 7485
614602 58581
614702 54020
614802 34833
614902 54061
615002 8320
615102 25779
615202 37682
615302 17665
615402 55545
615502 11109
615602 62589
615702 7816
615802 59584
615902 52764
616002 59649
616102 31193
616202 36030
616302 37165
616402 21773
616502 5269
616602 21889
616702 64188
616802 29418
616902 52042
617002 31338
617102 5420
617202 61221
617302 60388
617402 47086
617502 16925
617602 32847
617702 28797
617802 34645
617902 34853
618002 57766
618102 11159
618202 3772
618302 54733
618402 41145
618502 17813
618602 43139
618702 32888
618802 17101
618902 34540
619002 42578
619102 33811
619202 55897
619302 56389
619402 17076
619502 51323
619602 11288
619702 5433
619802 12921
619902 54608
620002 32323
620102 31733
620202 14494
620302 6138
620402 17029
620502 44247
620602 28885
620702 40806
620802 65337
620902 33990
621002 2894
621102 33655
621202 49417
621302 53322
621402 7517
621502 35016
621602 25374
621702 15432
621802 58804
621902 47743
622002 58493
622102 65335
622202 37619
622302 2573
622402 55904
622502 11922
622602 37045
622702 5619
622802 15068
622902 11034
623002 59063
623102 7190
623202 37843
623302 695
623402 24589
623502 28395
623602 3978
623702 60240
623802 42225
623902 36977
624002 52483
624102 54726
624202 30642
624302 9057
624402 53327
624502 1150
624602 39154
624702 57111
624802 10948
624902 29262
625002 40035
625102 48624
625202 63740
625302 35660
625402 20918
625502 42347
625602 64874
625702 8679
625802 21859
625902 34125
626002 58557
626102 63538
626202 2543
626302 36974
626402 14599
626502 63970
626602 45400
626702 18159
626802 37851
626902 41613
627002 19710
627102 16186
627202 7605
627302 62403
627402 47160
627502 5345
627602 13293
627702 60928
627802 9371
627902 23035
628002 52948
628102 27587
628202 23271
628302 64105
628402 6275
628502 27355
628602 62476
628702 38661
628802 44411
628902 38765
629002 22692
629102 56729
629202 39044
629302 36268
629402 60073
629502 42834
629602 9670
629702 43661
629802 64498
629902 57739
630002 28916
630102 54631
630202 37930
630302 15765
630402 7343
630502 11728
630602 22781
630702 19079
630802 61668
630902 38017
631002 15764
631102 15997
631202 44778
631302 44398
631402 45825
631502 29715
631602 27395
631702 55283
631802 61840
631902 37342
632002 47281
632102 4967
632202 65511
632302 25970
632402 44541
632502 46499
632602 13684
632702 7677
632802 4163
632902 24017
633002 19250
633102 38521
633202 54691
633302 34788
633402 26015
633502 40360
633602 41840
633702 7927
633802 33100
633902 52523
634002 41632
634102 16342
634202 64903
634302 36897
634402 7450
634502 32147
634602 19193
634702 492
634802 33209
634902 4572
635002 531
635102 53766
635202 63415
635302 40839
635402 49912
635502 57310
635602 30454
635702 2865
635802 4180
635902 62394
636002 35224
636102 39610
636202 49261
636302 32920
636402 10733
636502 22615
636602 64211
636702 61159
636802 18921
636902 10689
637002 47739
637102 26870
637202 8228
637302 9440
637402 20623
637502 8606
637602 21234
637702 10307
637802 28324
637902 60039
638002 6789
638102 48084
638202 40830
638302 65521
638402 51595
638502 27692
638602 34728
638702 60620
638802 21893
638902 2240
639002 17232
639102 42201
639202 23330
639302 56778
639402 28222
639502 41217
639602 14632
639702 55984
639802 44187
639902 65459
640002 3461
640102 33201
640202 59627
640302 30029
640402 534
640502 60190
640602 40390
640702 20576
640802 28650
640902 17296
641002 32633
641102 43414
641202 1230
641302 11014
641402 60202
641502 56083
641602 13434
641702 52843
641802 55146
641902 11938
642002 10477
642102 26639
642202 13556
642302 61464
642402 16870
642502 25717
642602 16061
642702 57459
642802 37111
642902 62931
643002 55012
643102 45280
643202 40817
643302 21276
643402 42598
643502 35753
643602 27347
643702 49041
643802 23967
643902 2506
644002 4214
644102 55297
644202 46809
644302 29175
644402 51751
644502 43717
644602 23503
644702 23588
644802 30927
644902 58253
645002 28262
645102 49607
645202 8199
645302 58270
645402 60293
645502 13612
645602 5848
645702 55484
645802 37214
645902 9540
646002 6537
646102 24712
646202 15363
646302 27383
646402 56833
646502 15397
646602 30740
646702 37724
646802 18338
646902 15170
647002 8000
647102 4289
647202 52600
647302 9299
647402 5766
647502 54309
647602 48814
647702 4940
647802 54349
647902 54032
648002 60075
648102 20438
648202 45660
648302 29913
648402 19738
648502 31594
648602 463
648702 10206
648802 46055
648902 34649
649002 61539
649102 24165
649202 20434
649302 52353
649402 59435
649502 27889
649602 40629
649702 57703
649802 42916
649902 45128
650002 30416
650102 60762
650202 15786
650302 32
650402 33385
650502 22939
650602 59250
650702 3637
650802 54111
650902 4752
651002 30868
651102 51190
651202 17597
651302 11442
651402 4582
651502 60262
651602 1052
651702 21436
651802 20240
651902 2875
652002 1958
652102 53747
652202 55830
652302 44171
652402 14016
652502 48736
652602 27733
652702 23288
652802 58224
652902 48861
653002 3153
653102 28364
653202 46607
653302 24498
653402 37620
653502 45905
653602 29348
653702 54593
653802 47456
653902 3685
654002 22890
654102 24219
654202 58287
654302 58382
654402 47292
654502 27227
654602 2736
654702 47414
654802 25026
654902 49879
655002 22887
655102 34224
655202 32905
655302 49341
655402 33405
655502 32423
655602 10790
655702 42710
655802 6640
655902 42570
656002 33767
656102 21542
656202 30368
656302 59512
656402 33859
656502 62878
656602 35024
656702 11973
656802 34999
656902 21278
657002 55822
657102 5034
657202 8449
657302 46132
657402 37348
657502 32565
657602 16668
657702 31515
657802 51388
657902 32375
658002 52608
658102 19465
658202 35609
658302 60263
658402 1181
658502 41745
658602 47483
658702 1829
658802 19840
658902 22897
659002 15161
659102 24695
659202 47982
659302 25038
659402 64719
659502 2321
659602 59496
659702 37883
659802 60619
659902 61530
660002 28095
660102 30826
660202 40811
660302 23105
660402 57088
660502 38245
660602 50878
660702 28490
660802 27483
660902 14699
661002 37546
661102 45109
661202 10450
661302 44633
661402 7065
661502 8651
661602 6035
661702 64751
661802 379
661902 45988
662002 56128
662102 19536
662202 43836
662302 47831
662402 55871
662502 39453
662602 15167
662702 37588
662802 11228
662902 61277
663002 14807
663102 29878
663202 45532
663302 57495
663402 35171
663502 28865
663602 3530
663702 16394
663802 6897
663902 24930
664002 10582
664102 48822
664202 2841
664302 9360
664402 27848
664502 28181
664602 52459
664702 56003
664802 12523
664902 4354
665002 7393
665102 54575
665202 27634
665302 11955
665402 64077
665502 60509
665602 11738
665702 34003
665802 56205
665902 49832
666002 59864
666102 2237
666202 24894
666302 9971
666402 58013
666502 31971
666602 14639
666702 2890
666802 13835
666902 2169
667002 48583
667102 42662
667202 59244
667302 13529
667402 61575
667502 65316
667602 3827
667702 17806
667802 3640
667902 58351
668002 33266
668102 12527
668202 28916
668302 59498
668402 51165
668502 59365
668602 55150
668702 2295
668802 27964
668902 39805
669002 16987
669102 59294
669202 3609
669302 19318
669402 46627
669502 10300
669602 64872
669702 57967
669802 57469
669902 54103
670002 55717
670102 16461
670202 29261
670302 63878
670402 9040
670502 14268
670602 26994
670702 24337
670802 35921
670902 50504
671002 47042
671102 49864
671202 27112
671302 22690
671402 59215
671502 4525
671602 63728
671702 34936
671802 43409
671902 47390
672002 54311
672102 39173
672202 57783
672302 8671
672402 5428
672502 2755
672602 23765
672702 42077
672802 34890
672902 27113
673002 46236
673102 3491
673202 24614
673302 57568
673402 18583
673502 8242
673602 47709
673702 28385
673802 1213
673902 57484
674002 45124
674102 14159
674202 52782
674302 24280
674402 12712
674502 56088
674602 16433
674702 37246
674802 54836
674902 43939
675002 36951
675102 60202
675202 49372
675302 47709
675402 26264
675502 30634
675602 39546
675702 21041
675802 34119
675902 28160
676002 1379
676102 49232
676202 32843
676302 30006
676402 63932
676502 65019
676602 45667
676702 21201
676802 61415
676902 57458
677002 38478
677102 29812
677202 36765
677302 62712
677402 37784
677502 13244
677602 3497
677702 40889
677802 3812
677902 63833
678002 64352
678102 47335
678202 20541
678302 2153
678402 52731
678502 17132
678602 32656
678702 42970
678802 23257
678902 19374
679002 26587
679102 54166
679202 59576
679302 40490
679402 9544
679502 46982
679602 754
679702 6539
679802 37522
679902 27645
680002 33826
680102 20732
680202 54019
680302 10524
680402 35648
680502 11371
680602 64091
680702 56750
680802 5409
680902 34876
681002 17496
681102 37474
681202 65034
681302 8363
681402 9416
681502 10239
681602 49348
681702 45463
681802 42848
681902 11546
682002 52465
682102 22160
682202 57052
682302 7026
682402 36619
682502 32212
682602 539
682702 33744
682802 24742
682902 19983
683002 14500
683102 38935
683202 6714
683302 32526
683402 25907
683502 21071
683602 59093
683702 53731
683802 36521
683902 55783
684002 45289
684102 44568
684202 35132
684302 40768
684402 63155
684502 21171
684602 44843
684702 24160
684802 15464
684902 24821
685002 5643
685102 3032
685202 8036
685302 57402
685402 57439
685502 9733
685602 7118
685702 43462
685802 48059
685902 59680
686002 30285
686102 11703
686202 42940
686302 1462
686402 17753
686502 33617
686602 32357
686702 38111
686802 39758
686902 53503
687002 58370
687102 23523
687202 22670
687302 63147
687402 64244
687502 39491
687602 11810
687702 12594
687802 50535
687902 28454
688002 36261
688102 43457
688202 38380
688302 48931
688402 54600
688502 10702
688602 30185
688702 40654
688802 36573
688902 61928
689002 58971
689102 2388
689202 23052
689302 18370
689402 12840
689502 63767
689602 9984
689702 42443
689802 59601
689902 57898
690002 56677
690102 28713
690202 5230
690302 7285
690402 39148
690502 30569
690602 16551
690702 36864
690802 15082
690902 12641
691002 53865
691102 53394
691202 58961
691302 28448
691402 39149
691502 4428
691602 51591
691702 54995
691802 22642
691902 22035
692002 3262
692102 36489
692202 17083
692302 42067
692402 36814
692502 26758
692602 47771
692702 37053
692802 23270
692902 51169
693002 30566
693102 11605
693202 620
693302 44327
693402 35587
693502 18511
693602 48286
693702 50138
693802 21105
693902 4039
694002 49625
694102 48827
694202 51956
694302 6333
694402 26741
694502 33939
694602 16585
694702 19299
694802 44820
694902 469
695002 9618
695102 43803
695202 35816
695302 57263
695402 45625
695502 38166
695602 21382
695702 16327
695802 26033
695902 18084
696002 35029
696102 6884
696202 11133
696302 18966
696402 37997
696502 62655
696602 5820
696702 852
696802 32665
696902 26781
697002 18536
697102 24307
697202 53967
697302 49313
697402 38207
697502 14281
697602 20888
697702 32389
697802 34623
697902 59399
698002 21600
698102 57675
698202 53368
698302 8420
698402 36438
698502 34718
698602 7661
698702 4917
698802 43521
698902 7202
699002 23157
699102 49256
699202 6468
699302 24396
699402 21605
699502 10954
699602 56771
699702 60225
699802 12466
699902 4898
700002 21027
700102 57313
700202 57008
700302 36948
700402 1379
700502 23079
700602 5603
700702 43549
700802 27148
700902 52652
701002 10406
701102 65500
701202 10196
701302 5524
701402 4306
701502 52332
701602 47012
701702 24710
701802 25137
701902 32054
702002 11323
702102 33312
702202 39608
702302 1768
702402 18975
702502 2392
702602 37373
702702 4402
702802 1971
702902 43440
703002 2391
703102 11802
703202 56540
703302 26693
703402 31736
703502 15558
703602 17520
703702 59072
703802 35810
703902 25783
704002 24426
704102 57440
704202 15138
704302 57587
704402 40298
704502 21378
704602 44639
704702 49212
704802 29748
704902 8395
705002 15385
705102 35220
705202 18567
705302 64358
705402 24797
705502 7446
705602 45207
705702 55448
705802 61846
705902 25533
706002 46547
706102 7458
706202 41464
706302 64687
706402 48686
706502 62594
706602 15360
706702 14380
706802 61408
706902 34992
707002 15577
707102 59183
707202 27632
707302 20575
707402 10030
707502 27982
707602 47840
707702 41538
707802 33691
707902 12831
708002 55173
708102 40444
708202 7296
708302 47886
708402 2298
708502 48472
708602 16928
708702 24419
708802 50921
708902 6693
709002 43437
709102 3999
709202 27389
709302 61783
709402 28643
709502 59682
709602 44610
709702 13802
709802 20044
709902 33589
710002 42757
710102 46815
710202 47960
710302 61562
710402 40766
710502 49118
710602 60875
710702 61747
710802 47972
710902 61165
711002 17739
711102 8902
711202 59981
711302 17057
711402 5921
711502 13315
711602 63559
711702 10132
711802 5248
711902 18878
712002 3397
712102 20883
712202 63362
712302 24443
712402 9149
712502 1918
712602 6239
712702 43135
712802 38629
712902 49223
713002 30010
713102 14175
713202 23159
713302 15482
713402 12073
713502 50358
713602 9868
713702 10949
713802 8944
713902 1403
714002 15543
714102 42212
714202 10912
714302 32948
714402 11450
714502 485
714602 9390
714702 21839
714802 35187
714902 39064
715002 55415
715102 37481
715202 8943
715302 1055
715402 46163
715502 50159
715602 44022
715702 47415
715802 54927
715902 58220
716002 46078
716102 3706
716202 18901
716302 32241
716402 55255
716502 56074
716602 14507
716702 31354
716802 39949
716902 8412
717002 54493
717102 64016
717202 5598
717302 42188
717402 33086
717502 62843
717602 51473
717702 6580
717802 6041
717902 1215
718002 52220
718102 23555
718202 45370
718302 14753
718402 31672
718502 63103
718602 43495
718702 44247
718802 62811
718902 18854
719002 46140
719102 38378
719202 4316
719302 13137
719402 29003
719502 31179
719602 16395
719702 35117
719802 55471
719902 4540
720002 28536
720102 51025
720202 10394
720302 8300
720402 38159
720502 60204
720602 23934
720702 47300
720802 33430
720902 45884
721002 25605
721102 60425
721202 26010
721302 40888
721402 58406
721502 8800
721602 31203
721702 22790
721802 30074
721902 36269
722002 7754
722102 45741
722202 41765
722302 65269
722402 6476
722502 50886
722602 20762
722702 27167
722802 27545
722902 9547
723002 14123
723102 53361
723202 38774
723302 20512
723402 5876
723502 26333
723602 23090
723702 65059
723802 58897
723902 42462
724002 3244
724102 54948
724202 65251
724302 55998
724402 35764
724502 51122
724602 47370
724702 7681
724802 37003
724902 9664
725002 59601
725102 137
725202 45774
725302 42330
725402 30785
725502 12208
725602 16504
725702 31874
725802 61873
725902 17740
726002 21996
726102 31843
726202 9008
726302 47427
726402 15268
726502 31638
726602 20685
726702 5646
726802 17989
726902 57926
727002 42809
727102 56663
727202 27883
727302 49517
727402 45559
727502 30145
727602 56434
727702 9236
727802 3621
727902 59256
728002 60291
728102 52056
728202 8150
728302 51494
728402 40225
728502 2946
728602 59334
728702 10042
728802 26875
728902 63948
729002 49415
729102 45319
729202 2751
729302 48883
729402 48221
729502 2629
729602 6830
729702 40118
729802 3502
729902 57679
730002 45276
730102 44379
730202 26731
730302 19990
730402 6961
730502 2062
730602 2054
730702 39745
730802 11349
730902 32929
731002 31872
731102 52536
731202 27263
731302 15892
731402 43154
731502 30880
731602 53206
731702 23404
731802 14460
731902 36561
732002 16120
732102 64204
732202 20362
732302 2907
732402 34119
732502 37013
732602 33018
732702 47805
732802 13534
732902 42868
733002 11511
733102 33987
733202 7819
733302 21021
733402 2772
733502 17458
733602 9892
733702 21579
733802 43020
733902 5743
734002 57900
734102 62262
734202 62695
734302 42497
734402 38241
734502 2113
734602 28477
734702 13926
734802 19658
734902 7208
735002 22704
735102 30410
735202 38606
735302 28964
735402 12060
735502 2286
735602 9762
735702 44630
735802 37962
735902 43882
736002 33008
736102 61371
736202 52736
736302 18105
736402 9135
736502 9705
736602 4063
736702 56541
736802 55030
736902 30121
737002 55061
737102 31818
737202 26075
737302 37159
737402 1851
737502 52934
737602 8983
737702 41081
737802 41234
737902 8938
738002 25118
738102 32429
738202 1569
738302 60120
738402 45999
738502 30938
738602 29872
738702 56052
738802 35192
738902 50773
739002 55570
739102 17417
739202 11132
739302 26001
739402 40264
739502 610
739602 22071
739702 54205
739802 8733
739902 43228
740002 37373
740102 1186
740202 30329
740302 43421
740402 55189
740502 23874
740602 18100
740702 3845
740802 2989
740902 40088
741002 60668
741102 20630
741202 41429
741302 6339
741402 51373
741502 49082
741602 47736
741702 11273
741802 9778
741902 41166
742002 40654
742102 65478
742202 31070
742302 54843
742402 50302
742502 64772
742602 50747
742702 45894
742802 41883
742902 38559
743002 33235
743102 17016
743202 39882
743302 14978
743402 11141
743502 61284
743602 9457
743702 58259
743802 54577
743902 46379
744002 46759
744102 45589
744202 26735
744302 40395
744402 24745
744502 32702
744602 54910
744702 49805
744802 5434
744902 32376
745002 31860
745102 35393
745202 40406
745302 44260
745402 21171
745502 29280
745602 37570
745702 30992
745802 17072
745902 58506
746002 51497
746102 31400
746202 58039
746302 29312
746402 56639
746502 28388
746602 444
746702 20876
746802 61509
746902 8534
747002 60560
747102 43895
747202 55827
747302 61672
747402 1121
747502 59115
747602 13450
747702 44008
747802 61475
747902 446
748002 55731
748102 29479
748202 62268
748302 11507
748402 54060
748502 30041
748602 61712
748702 26593
748802 4543
748902 16970
749002 19481
749102 16991
749202 31876
749302 64694
749402 49527
749502 64097
749602 23107
749702 845
749802 23711
749902 25327
750002 25568
750102 19593
750202 21500
750302 12500
750402 53638
750502 40664
750602 11145
750702 14208
750802 10633
750902 64782
751002 5134
751102 34832
751202 2901
751302 29392
751402 29044
751502 42020
751602 16114
751702 62512
751802 2415
751902 63653
752002 16123
752102 15078
752202 41398
752302 62867
752402 18449
752502 15259
752602 32776
752702 52246
752802 58889
752902 16389
753002 8734
753102 64381
753202 41717
753302 18279
753402 60162
753502 50770
753602 15391
753702 52327
753802 11942
753902 3315
754002 8507
754102 32656
754202 59113
754302 51668
754402 13323
754502 61301
754602 22619
754702 40951
754802 37618
754902 62764
755002 31777
755102 38896
755202 39581
755302 33037
755402 22561
755502 58062
755602 34567
755702 43827
755802 49932
755902 1229
756002 37613
756102 20885
756202 27210
756302 18982
756402 253
756502 60409
756602 56999
756702 45584
756802 2852
756902 20113
757002 9123
757102 31823
757202 50316
757302 33102
757402 51966
757502 43221
757602 31779
757702 58248
757802 2230
757902 12853
758002 904
758102 40706
758202 9761
758302 43660
758402 16867
758502 40819
758602 29545
758702 36318
758802 9939
758902 34354
759002 60432
759102 29875
759202 20314
759302 43239
759402 43504
759502 6183
759602 33355
759702 105
759802 46691
759902 32919
760002 7910
760102 29154
760202 3878
760302 14153
760402 21533
760502 3825
760602 620
760702 7287
760802 38748
760902 1013
761002 15576
761102 56211
761202 4376
761302 54815
761402 31217
761502 10453
761602 44204
761702 7814
761802 54529
761902 2730
762002 41567
762102 63084
762202 8786
762302 33900
762402 63810
762502 0
762602 24723
762702 55346
762802 10931
762902 9865
763002 61038
763102 6014
763202 6029
763302 37867
763402 43025
763502 48128
763602 18630
763702 60124
763802 45053
763902 5297
764002 63608
764102 11594
764202 57741
764302 29904
764402 1451
764502 48565
764602 2149
764702 38097
764802 50750
764902 10200
765002 790
765102 56604
765202 38400
765302 20499
765402 46369
765502 19826
765602 63523
765702 53842
765802 34319
765902 63108
766002 18023
766102 16583
766202 65387
766302 38680
766402 14596
766502 55391
766602 8493
766702 49788
766802 27718
766902 41447
767002 54786
767102 15132
767202 24463
767302 58643
767402 346
767502 27809
767602 18745
767702 18697
767802 35768
767902 46058
768002 26463
768102 64853
768202 17101
768302 16666
768402 58380
768502 1811
768602 57492
768702 12891
768802 51255
768902 28325
769002 435
769102 62132
769202 52360
769302 61315
769402 32878
769502 10087
769602 9304
769702 34733
769802 62804
769902 45442
770002 46869
770102 40153
770202 6953
770302 47584
770402 47108
770502 30016
770602 12681
770702 60824
770802 50896
770902 51675
771002 5063
771102 61136
771202 44424
771302 43419
771402 18360
771502 54390
771602 56747
771702 49493
771802 29083
771902 27167
772002 30361
772102 38456
772202 43116
772302 48722
772402 47971
772502 24487
772602 21603
772702 42576
772802 25157
772902 36834
773002 6525
773102 15613
773202 65434
773302 43503
773402 13785
773502 58784
773602 32708
773702 31165
773802 47724
773902 7705
774002 5178
774102 21461
774202 49301
774302 4443
774402 32485
774502 263
774602 16785
774702 2683
774802 43147
774902 31501
775002 64634
775102 54523
775202 12488
775302 46469
775402 18523
775502 25218
775602 11686
775702 36777
775802 39994
775902 40555
776002 10815
776102 27584
776202 65036
776302 23865
776402 63652
776502 4478
776602 54489
776702 38990
776802 62211
776902 48500
777002 23670
777102 31516
777202 58771
777302 36639
777402 15779
777502 3639
777602 21424
777702 37460
777802 22312
777902 14717
778002 18238
778102 17234
778202 12157
778302 59633
778402 17833
778502 25029
778602 51058
778702 21744
778802 39224
778902 44035
779002 43019
779102 44440
779202 22743
779302 65459
779402 45638
779502 19858
779602 61716
779702 44399
779802 29934
779902 46761
780002 54318
780102 46495
780202 44320
780302 45449
780402 45371
780502 56623
780602 42629
780702 22775
780802 27554
780902 11770
781002 708
781102 34797
781202 3105
781302 57960
781402 28283
781502 17049
781602 65458
781702 46537
781802 63481
781902 17459
782002 11891
782102 54964
782202 31266
782302 16284
782402 45128
782502 46460
782602 1158
782702 61440
782802 41754
782902 64077
783002 54043
783102 34405
783202 3031
783302 17732
783402 19430
783502 27402
783602 55979
783702 28767
783802 25262
783902 23475
784002 11295
784102 44782
784202 41030
784302 40988
784402 50119
784502 22054
784602 19223
784702 43899
784802 62763
784902 56123
785002 4360
785102 64530
785202 45129
785302 55131
785402 56307
785502 42942
785602 26206
785702 16555
785802 50406
785902 28843
786002 41060
786102 41613
786202 28776
786302 53708
786402 26483
786502 54521
786602 62054
786702 12089
786802 43042
786902 22841
787002 4203
787102 23543
787202 43675
787302 33263
787402 6930
787502 20081
787602 40616
787702 32813
787802 60025
787902 46529
788002 28805
788102 25175
788202 24228
788302 43517
788402 47969
788502 63750
788602 22574
788702 32062
788802 43336
788902 20112
789002 25601
789102 9298
789202 29038
789302 37563
789402 27897
789502 9391
789602 30185
789702 4030
789802 50206
789902 41968
790002 31805
790102 31278
790202 43299
790302 8411
790402 28034
790502 39262
790602 11339
790702 46292
790802 21600
790902 61979
791002 55892
791102 6681
791202 65187
791302 22416
791402 52535
791502 44859
791602 52910
791702 17376
791802 39532
791902 23968
792002 42929
792102 43982
792202 41186
792302 47806
792402 13868
792502 43761
792602 2268
792702 63176
792802 2569
792902 53164
793002 55567
793102 3195
793202 30576
793302 21212
793402 37679
793502 27944
793602 45438
793702 41567
793802 29830
793902 26210
794002 45759
794102 59275
794202 52287
794302 17533
794402 20810
794502 19950
794602 41763
794702 62805
794802 55964
794902 61639
795002 35927
795102 51999
795202 19710
795302 63446
795402 4200
795502 37020
795602 4117
795702 23936
795802 36096
795902 5651
796002 47645
796102 20067
796202 25423
796302 47690
796402 28186
796502 25406
796602 34775
796702 3259
796802 14787
796902 17859
797002 642
797102 25027
797202 35219
797302 5428
797402 17485
797502 35045
797602 22210
797702 13098
797802 2881
797902 40612
798002 53335
798102 38528
798202 22374
798302 30944
798402 51278
798502 33965
798602 35953
798702 34951
798802 27335
798902 3201
799002 47617
799102 14937
799202 54551
799302 59804
799402 51225
799502 45308
799602 13542
799702 36847
799802 21609
799902 26655
800002 32984
800102 22852
800202 3552
800302 23894
800402 13720
800502 5550
800602 56655
800702 53330
800802 49847
800902 47503
801002 44847
801102 10049
801202 15920
801302 17839
801402 8877
801502 14903
801602 30933
801702 49227
801802 33214
801902 43340
802002 48887
802102 51450
802202 2226
802302 43987
802402 15961
802502 15984
802602 45024
802702 7000
802802 35617
802902 41794
803002 48875
803102 36729
803202 21820
803302 28746
803402 34311
803502 30220
803602 7418
803702 43717
803802 17425
803902 49445
804002 9789
804102 45273
804202 23342
804302 37393
804402 28419
804502 51953
804602 29209
804702 56606
804802 56731
804902 51016
805002 64593
805102 26138
805202 11900
805302 57624
805402 4136
805502 34
805602 59703
805702 60055
805802 43839
805902 1981
806002 51316
806102 39403
806202 18083
806302 49429
806402 47330
806502 9366
806602 52694
806702 18489
806802 46704
806902 39881
807002 51177
807102 60283
807202 27490
807302 18245
807402 4547
807502 8105
807602 59549
807702 602
807802 20292
807902 59791
808002 27268
808102 47672
808202 7564
808302 5736
808402 52328
808502 10953
808602 42504
808702 48376
808802 47916
808902 21218
809002 34300
809102 55785
809202 55488
809302 29136
809402 12128
809502 21836
809602 42002
809702 30282
809802 39203
809902 48196
810002 10517
810102 50038
810202 13219
810302 44449
810402 36605
810502 15696
810602 35389
810702 43316
810802 21188
810902 1601
811002 35738
811102 42265
811202 26626
811302 1989
811402 22981
811502 14762
811602 61642
811702 45860
811802 58993
811902 7545
812002 22912
812102 15593
812202 40062
812302 18130
812402 57183
812502 60930
812602 10110
812702 57047
812802 54091
812902 17168
813002 63879
813102 14574
813202 46496
813302 61073
813402 57848
813502 17665
813602 53278
813702 53667
813802 29326
813902 52116
814002 22312
814102 43923
814202 34926
814302 576
814402 334
814502 19662
814602 33695
814702 30367
814802 51367
814902 23666
815002 14749
815102 13550
815202 42594
815302 50842
815402 46423
815502 24615
815602 9468
815702 15906
815802 2099
815902 7831
816002 21868
816102 18731
816202 44880
816302 6047
816402 35035
816502 41112
816602 57820
816702 3889
816802 54230
816902 39583
817002 2571
817102 1186
817202 29410
817302 25133
817402 60173
817502 1978
817602 9563
817702 53053
817802 44883
817902 41664
818002 13389
818102 8977
818202 10193
818302 1554
818402 25032
818502 52075
818602 34714
818702 21222
818802 40041
818902 13813
819002 26755
819102 30708
819202 14983
819302 58884
819402 4109
819502 57638
819602 17689
819702 14101
819802 27481
819902 17447
820002 3644
820102 46463
820202 63079
820302 37952
820402 63501
820502 43821
820602 11246
820702 60706
820802 5605
820902 42832
821002 40574
821102 33928
821202 4642
821302 36681
821402 62802
821502 24762
821602 4307
821702 31055
821802 54343
821902 42041
822002 16426
822102 31650
822202 36128
822302 23606
822402 32706
822502 54762
822602 10640
822702 28801
822802 55814
822902 41242
823002 48358
823102 60009
823202 15380
823302 30891
823402 53661
823502 52738
823602 63307
823702 12465
823802 59494
823902 14141
824002 4317
824102 43703
824202 45623
824302 42080
824402 11735
824502 58804
824602 40773
824702 13776
824802 6584
824902 54413
825002 8498
825102 53326
825202 27522
825302 20311
825402 38432
825502 5643
825602 28454
825702 10594
825802 15210
825902 3535
826002 47617
826102 60582
826202 30335
826302 65184
826402 5588
826502 60070
826602 44457
826702 18359
826802 49694
826902 53237
827002 61555
827102 57716
827202 46193
827302 5683
827402 4842
827502 56749
827602 39357
827702 27712
827802 27874
827902 26258
828002 15320
828102 58657
828202 11440
828302 27806
828402 45490
828502 391
828602 55582
828702 55398
828802 52648
828902 11589
829002 45222
829102 12223
829202 44634
829302 61841
829402 24083
829502 21804
829602 27182
829702 18298
829802 3640
829902 54718
830002 43315
830102 4776
830202 61115
830302 60002
830402 4878
830502 51386
830602 22977
830702 13315
830802 4529
830902 26329
831002 53295
831102 17830
831202 42376
831302 19225
831402 4834
831502 17120
831602 20928
831702 39315
831802 17718
831902 26210
832002 15345
832102 21816
832202 28728
832302 53116
832402 44469
832502 343
832602 60626
832702 35984
832802 3921
832902 56192
833002 60238
833102 20262
833202 37208
833302 57628
833402 28288
833502 2706
833602 9707
833702 38882
833802 325
833902 16984
834002 59610
834102 10516
834202 16753
834302 13505
834402 40016
834502 56518
834602 15930
834702 31983
834802 42817
834902 16267
835002 43767
835102 35726
835202 48338
835302 18674
835402 64919
835502 11241
835602 15559
835702 34628
835802 47508
835902 25263
836002 8166
836102 4214
836202 17389
836302 34121
836402 38777
836502 40174
836602 60928
836702 16212
836802 750
836902 32791
837002 8164
837102 43950
837202 64072
837302 63798
837402 26502
837502 36316
837602 57665
837702 31262
837802 12765
837902 42065
838002 25926
838102 33571
838202 10650
838302 20390
838402 35580
838502 33973
838602 31075
838702 47677
838802 51888
838902 17926
839002 21694
839102 48229
839202 35979
839302 38200
839402 64278
839502 30772
839602 8993
839702 1997
839802 25062
839902 1981
840002 1572
840102 63954
840202 15413
840302 4121
840402 35190
840502 14950
840602 28565
840702 65396
840802 49401
840902 13898
841002 31553
841102 58969
841202 45841
841302 62813
841402 19317
841502 10434
841602 48542
841702 59218
841802 48386
841902 18008
842002 27729
842102 45176
842202 47290
842302 48492
842402 39297
842502 4385
842602 4225
842702 42673
842802 61233
842902 21278
843002 19342
843102 30924
843202 1222
843302 57779
843402 505
843502 13190
843602 7077
843702 56041
843802 43266
843902 48265
844002 45115
844102 29775
844202 1842
844302 65468
844402 35029
844502 52881
844602 52142
844702 28875
844802 1414
844902 54535
845002 17010
845102 28040
845202 24435
845302 4709
845402 53949
845502 32532
845602 23419
845702 18441
845802 2159
845902 63698
846002 18515
846102 37945
846202 31090
846302 24879
846402 23116
846502 24155
846602 6614
846702 30015
846802 60899
846902 60024
847002 61601
847102 53321
847202 60210
847302 42369
847402 20214
847502 11170
847602 2968
847702 41978
847802 53870
847902 38453
848002 26390
848102 2849
848202 55473
848302 24456
848402 49931
848502 15760
848602 27506
848702 58825
848802 27324
848902 56318
849002 23235
849102 54514
849202 54800
849302 61035
849402 12736
849502 60705
849602 48910
849702 9738
849802 32493
849902 15809
850002 63304
850102 3699
850202 50197
850302 30175
850402 17613
850502 39860
850602 64685
850702 36841
850802 40707
850902 48805
851002 62406
851102 81
851202 16779
851302 58708
851402 57238
851502 46163
851602 59033
851702 64877
851802 54656
851902 49000
852002 32661
852102 9881
852202 1311
852302 20628
852402 20476
852502 65353
852602 10313
852702 6166
852802 41222
852902 7996
853002 25971
853102 32085
853202 15565
853302 27255
853402 30797
853502 16698
853602 18765
853702 1579
853802 18196
853902 5555
854002 8061
854102 7892
854202 64851
854302 28832
854402 33064
854502 52826
854602 41491
854702 17871
854802 31905
854902 10180
855002 26993
855102 49734
855202 44125
855302 62332
855402 59603
855502 21061
855602 53687
855702 48381
855802 38712
855902 50127
856002 6349
856102 14282
856202 28616
856302 364
856402 37970
856502 46236
856602 5138
856702 10256
856802 58848
856902 12771
857002 44733
857102 19409
857202 49392
857302 14642
857402 63897
857502 15597
857602 60627
857702 53170
857802 29934
857902 20650
858002 17921
858102 34989
858202 17009
858302 31584
858402 38809
858502 12523
858602 24347
858702 42181
858802 60616
858902 64908
859002 19065
859102 42313
859202 42545
859302 22696
859402 38426
859502 1774
859602 40877
859702 45960
859802 4479
859902 32647
860002 60109
860102 1451
860202 5933
860302 63160
860402 63195
860502 27046
860602 12482
860702 53478
860802 765
860902 4832
861002 46342
861102 28167
861202 202
861302 23575
861402 43856
861502 29223
861602 55016
861702 46879
861802 48052
861902 54981
862002 64311
862102 40777
862202 61524
862302 39815
862402 6917
862502 42218
862602 50082
862702 1417
862802 45187
862902 819
863002 34806
863102 18643
863202 34544
863302 21957
863402 29749
863502 48151
863602 32709
863702 62175
863802 56436
863902 872
864002 36573
864102 10
864202 59196
864302 22685
864402 20040
864502 15910
864602 33826
864702 37839
864802 27464
864902 44608
865002 61606
865102 54139
865202 59784
865302 39227
865402 55606
865502 60133
865602 55617
865702 37075
865802 17989
865902 64776
866002 50976
866102 33418
866202 14461
866302 11303
866402 23482
866502 32640
866602 337
866702 34356
866802 5993
866902 18347
867002 2578
867102 18915
867202 63823
867302 61384
867402 3728
867502 54678
867602 49977
867702 27241
867802 11279
867902 7012
868002 64408
868102 38540
868202 33390
868302 14888
868402 5258
868502 12312
868602 24405
868702 15170
868802 44776
868902 39036
869002 4854
869102 45751
869202 34862
869302 29842
869402 13009
869502 61810
869602 18655
869702 24518
869802 50099
869902 52854
870002 26457
870102 38133
870202 59978
870302 27164
870402 59523
870502 3487
870602 30564
870702 53389
870802 52710
870902 63041
871002 40783
871102 14985
871202 64298
871302 53062
871402 55031
871502 26315
871602 63505
871702 53522
871802 30675
871902 60281
872002 21753
872102 37580
872202 1877
872302 15400
872402 14333
872502 28207
872602 21723
872702 38098
872802 2825
872902 63669
873002 41245
873102 17772
873202 36055
873302 62770
873402 920
873502 33529
873602 53477
873702 18949
873802 2452
873902 64013
874002 5555
874102 58152
874202 13847
874302 31542
874402 37445
874502 56046
874602 16042
874702 56436
874802 41074
874902 33322
875002 31758
875102 53028
875202 57078
875302 1750
875402 55980
875502 53537
875602 19537
875702 50970
875802 13973
875902 32306
876002 32712
876102 46883
876202 12785
876302 30596
876402 5267
876502 53105
876602 13761
876702 18470
876802 8236
876902 39554
877002 51932
877102 21344
877202 39389
877302 40422
877402 22993
877502 26837
877602 1674
877702 28883
877802 17972
877902 3976
878002 58964
878102 41500
878202 40528
878302 51452
878402 44537
878502 52778
878602 14195
878702 24914
878802 21149
878902 42212
879002 64850
879102 2076
879202 1686
879302 43204
879402 11069
879502 34116
879602 3204
879702 53335
879802 36493
879902 14856
880002 62285
880102 57085
880202 55392
880302 14608
880402 17098
880502 40980
880602 48264
880702 57675
880802 2487
880902 25082
881002 43273
881102 64340
881202 46076
881302 6789
881402 13037
881502 12604
881602 22305
881702 8876
881802 37013
881902 46878
882002 36865
882102 37779
882202 51183
882302 46104
882402 11305
882502 49082
882602 15181
882702 33264
882802 35430
882902 18857
883002 25110
883102 64206
883202 63441
883302 58419
883402 46162
883502 50842
883602 48235
883702 3783
883802 50291
883902 39818
884002 34119
884102 31245
884202 15750
884302 9671
884402 50237
884502 41058
884602 63246
884702 10337
884802 20232
884902 32881
885002 34060
885102 65006
885202 40038
885302 18875
885402 3462
885502 14171
885602 2533
885702 16751
885802 36637
885902 6483
886002 10370
886102 44127
886202 20014
886302 2142
886402 58097
886502 43836
886602 23937
886702 49581
886802 27200
886902 27717
887002 60474
887102 53233
887202 15171
887302 25548
887402 5643
887502 511
887602 37142
887702 8324
887802 17061
887902 34550
888002 33312
888102 24242
888202 19921
888302 26776
888402 52335
888502 38060
888602 40611
888702 352
888802 59949
888902 717
889002 54845
889102 4814
889202 53284
889302 46223
889402 36571
889502 36699
889602 54044
889702 11414
889802 63784
889902 18027
890002 25041
890102 39706
890202 50447
890302 20886
890402 9408
890502 5428
890602 35509
890702 28527
890802 29904
890902 42470
891002 51097
891102 29408
891202 26779
891302 58917
891402 39072
891502 36543
891602 36560
891702 7685
891802 7527
891902 56836
892002 20128
892102 44961
892202 14863
892302 21369
892402 30385
892502 42949
892602 49350
892702 5873
892802 22120
892902 51339
893002 52707
893102 20922
893202 38726
893302 58869
893402 60521
893502 50862
893602 17444
893702 13527
893802 16151
893902 27932
894002 1388
894102 14740
894202 10792
894302 65152
894402 25897
894502 7756
894602 15128
894702 3258
894802 18053
894902 60972
895002 57175
895102 49129
895202 16372
895302 49232
895402 47725
895502 26901
895602 7940
895702 38486
895802 13966
895902 56385
896002 64482
896102 56690
896202 33461
896302 43617
896402 59560
896502 24275
896602 4500
896702 60107
896802 5040
896902 19760
897002 5533
897102 55573
897202 4766
897302 9236
897402 32776
897502 55047
897602 52463
897702 65489
897802 62946
897902 39843
898002 10266
898102 28430
898202 20491
898302 34429
898402 64635
898502 45827
898602 25767
898702 10330
898802 9435
898902 8323
899002 3074
899102 2573
899202 50450
899302 4504
899402 7263
899502 43039
899602 29656
899702 12675
899802 58842
899902 16879
900002 29151
900102 6245
900202 57968
900302 24005
900402 3083
900502 24659
900602 22056
900702 44780
900802 5979
900902 51524
901002 7133
901102 50084
901202 1674
901302 25909
901402 62325
901502 17860
901602 436
901702 30079
901802 23630
901902 24782
902002 38036
902102 6789
902202 25496
902302 22988
902402 28216
902502 38016
902602 61223
902702 26084
902802 7228
902902 15139
903002 4695
903102 55009
903202 20082
903302 31906
903402 49286
903502 58153
903602 51557
903702 35573
903802 56667
903902 62235
904002 40273
904102 10477
904202 63268
904302 55209
904402 61984
904502 52435
904602 27108
904702 35154
904802 39935
904902 4912
905002 63982
905102 55027
905202 5485
905302 7937
905402 12474
905502 39385
905602 65318
905702 38589
905802 13312
905902 6717
906002 28575
906102 5895
906202 16758
906302 62111
906402 24839
906502 18625
906602 65402
906702 12980
906802 44274
906902 48191
907002 62628
907102 2099
907202 40565
907302 39256
907402 37253
907502 8671
907602 31163
907702 16885
907802 45188
907902 40151
908002 5035
908102 11228
908202 47534
908302 46520
908402 48594
908502 7707
908602 40666
908702 27020
908802 28490
908902 9408
909002 14986
909102 40868
909202 1894
909302 20684
909402 48940
909502 5472
909602 61151
909702 29760
909802 14822
909902 60183
910002 37827
910102 17074
910202 7476
910302 11363
910402 59313
910502 31283
910602 36324
910702 51871
910802 8492
910902 20299
911002 65266
911102 16815
911202 16331
911302 59514
911402 5203
911502 42683
911602 60755
911702 34485
911802 63421
911902 27310
912002 57134
912102 26601
912202 51729
912302 1481
912402 47944
912502 18380
912602 31332
912702 36622
912802 697
912902 10659
913002 35010
913102 62456
913202 22878
913302 49234
913402 14774
913502 54718
913602 22114
913702 28175
913802 47510
913902 857
914002 12320
914102 63003
914202 40021
914302 38944
914402 45668
914502 57329
914602 65073
914702 44869
914802 12985
914902 40073
915002 5569
915102 64600
915202 47410
915302 33432
915402 43846
915502 5039
915602 60419
915702 16253
915802 55640
915902 40224
916002 27931
916102 61753
916202 22570
916302 11927
916402 47927
916502 44562
916602 55860
916702 65415
916802 1575
916902 37604
917002 19447
917102 53723
917202 40856
917302 48329
917402 32063
917502 16828
917602 1985
917702 6978
917802 8117
917902 32742
918002 54087
918102 52702
918202 45151
918302 3051
918402 52247
918502 63308
918602 5099
918702 45570
918802 60319
918902 35104
919002 21871
919102 9008
919202 29457
919302 25704
919402 32641
919502 10039
919602 20430
919702 30996
919802 58830
919902 1959
920002 65176
920102 44687
920202 5885
920302 10336
920402 45967
920502 48787
920602 41428
920702 43451
920802 2164
920902 35859
921002 16296
921102 21157
921202 596
921302 64731
921402 11904
921502 10615
921602 4011
921702 55458
921802 29375
921902 28106
922002 37054
922102 12724
922202 37014
922302 57529
922402 47383
922502 33722
922602 35810
922702 47162
922802 41165
922902 1533
923002 69
923102 62647
923202 7692
923302 9823
923402 14327
923502 52894
923602 17587
923702 57610
923802 17322
923902 26949
924002 17326
924102 65479
924202 13387
924302 37287
924402 59878
924502 7834
924602 3821
924702 55562
924802 7405
924902 22958
925002 44087
925102 36215
925202 12084
925302 37290
925402 61072
925502 16886
925602 41635
925702 33384
925802 18382
925902 20909
926002 51737
926102 46898
926202 42630
926302 20379
926402 47575
926502 1403
926602 56787
926702 31263
926802 5626
926902 12810
927002 20971
927102 32533
927202 52339
927302 22458
927402 9187
927502 42673
927602 54648
927702 48305
927802 45231
927902 11495
928002 15425
928102 60838
928202 64110
928302 48074
928402 42181
928502 30863
928602 33939
928702 41072
928802 32927
928902 9925
929002 20321
929102 17806
929202 37676
929302 24388
929402 27530
929502 14298
929602 30689
929702 44065
929802 5569
929902 9857
930002 8125
930102 23247
930202 57975
930302 44159
930402 49266
930502 59018
930602 25052
930702 45443
930802 62887
930902 64027
931002 63662
931102 25300
931202 10182
931302 10212
931402 18837
931502 9269
931602 65331
931702 60881
931802 64980
931902 26882
932002 40261
932102 55357
932202 62177
932302 1380
932402 64772
932502 24750
932602 37377
932702 60148
932802 63514
932902 42801
933002 50530
933102 48199
933202 47984
933302 7355
933402 43852
933502 3863
933602 9021
933702 62573
933802 962
933902 10667
934002 33479
934102 45530
934202 40167
934302 61891
934402 54153
934502 29830
934602 51006
934702 57914
934802 54576
934902 11419
935002 14824
935102 51603
935202 54419
935302 51310
935402 43860
935502 15727
935602 8293
935702 41326
935802 28729
935902 41317
936002 29451
936102 27185
936202 1604
936302 23573
936402 20113
936502 55090
936602 44452
936702 12497
936802 1807
936902 64203
937002 60182
937102 22265
937202 30822
937302 22386
937402 54754
937502 41311
937602 44929
937702 5689
937802 35390
937902 40492
938002 24361
938102 16868
938202 11254
938302 48459
938402 55643
938502 42745
938602 50865
938702 43019
938802 13680
938902 25207
939002 50828
939102 4279
939202 10137
939302 47225
939402 10843
939502 31406
939602 47501
939702 43783
939802 32271
939902 27849
940002 46360
940102 27977
940202 5022
940302 54150
940402 14860
940502 25958
940602 62156
940702 47730
940802 46569
940902 44401
941002 7818
941102 9647
941202 22073
941302 21429
941402 3256
941502 28909
941602 5300
941702 17619
941802 16872
941902 7601
942002 64484
942102 4999
942202 9510
942302 56716
942402 50580
942502 17807
942602 26050
942702 63998
942802 3090
942902 32989
943002 59275
943102 2485
943202 9201
943302 5963
943402 14118
943502 24392
943602 43140
943702 51071
943802 12575
943902 11088
944002 49147
944102 58615
944202 26695
944302 64112
944402 48673
944502 64063
944602 57953
944702 46079
944802 30868
944902 1278
945002 25556
945102 11945
945202 39923
945302 38593
945402 60655
945502 44762
945602 40938
945702 51280
945802 27798
945902 51979
946002 57519
946102 3485
946202 56306
946302 32628
946402 42407
946502 33335
946602 8414
946702 49925
946802 62269
946902 39648
947002 5016
947102 16983
947202 38182
947302 45746
947402 43239
947502 53004
947602 1164
947702 13088
947802 12088
947902 60139
948002 21955
948102 5321
948202 3370
948302 10343
948402 38120
948502 38826
948602 35107
948702 34279
948802 62191
948902 26185
949002 10657
949102 53297
949202 32977
949302 51066
949402 38139
949502 9072
949602 36815
949702 30906
949802 5290
949902 32212
950002 17867
950102 27784
950202 53450
950302 25461
950402 23698
950502 27654
950602 20875
950702 36628
950802 5970
950902 8537
951002 64404
951102 8309
951202 63869
951302 10579
951402 6730
951502 27807
951602 6408
951702 9353
951802 2597
951902 9073
952002 50189
952102 28450
952202 13596
952302 47927
952402 54521
952502 10299
952602 35235
952702 8310
952802 45033
952902 56133
953002 27743
953102 21576
953202 33253
953302 63255
953402 22715
953502 51559
953602 21270
953702 4991
953802 28395
953902 27869
954002 40705
954102 30477
954202 1259
954302 7071
954402 21153
954502 40247
954602 47525
954702 22466
954802 46636
954902 13668
955002 114
955102 11172
955202 49201
955302 922
955402 13163
955502 9077
955602 9464
955702 5144
955802 6163
955902 54466
956002 20713
956102 43142
956202 17728
956302 54473
956402 6950
956502 59016
956602 27149
956702 2166
956802 11141
956902 47112
957002 16671
957102 38486
957202 49677
957302 36377
957402 63742
957502 47514
957602 4763
957702 26478
957802 31450
957902 4013
958002 56383
958102 4188
958202 24584
958302 54613
958402 1794
958502 26742
958602 5106
958702 41718
958802 45875
958902 25542
959002 49567
959102 54397
959202 41157
959302 50389
959402 57063
959502 53606
959602 52472
959702 16919
959802 52231
959902 34637
960002 4844
960102 62969
960202 21775
960302 44060
960402 56728
960502 22634
960602 22385
960702 48198
960802 49600
960902 12879
961002 48703
961102 93
961202 55193
961302 64568
961402 31775
961502 14429
961602 31764
961702 47280
961802 53332
961902 2262
962002 19587
962102 52525
962202 62477
962302 17787
962402 37959
962502 7440
962602 24109
962702 33531
962802 16011
962902 55089
963002 60169
963102 38246
963202 29089
963302 44297
963402 31377
963502 32256
963602 34460
963702 44529
963802 56590
963902 38274
964002 12707
964102 11224
964202 24723
964302 12838
964402 48291
964502 50694
964602 62589
964702 23093
964802 57288
964902 61458
965002 64667
965102 53025
965202 62997
965302 55145
965402 36527
965502 40818
965602 5960
965702 48862
965802 48963
965902 5907
966002 35311
966102 57819
966202 2868
966302 3936
966402 20921
966502 47063
966602 28889
966702 23223
966802 5750
966902 45041
967002 15000
967102 49361
967202 42174
967302 9226
967402 38782
967502 8912
967602 20704
967702 35290
967802 59912
967902 10247
968002 45113
968102 38341
968202 34149
968302 37109
968402 62620
968502 16193
968602 55826
968702 43341
968802 62907
968902 40535
969002 7402
969102 19502
969202 49596
969302 42437
969402 46851
969502 27602
969602 13340
969702 58076
969802 28922
969902 49147
970002 47647
970102 27279
970202 28879
970302 403
970402 45243
970502 20329
970602 20651
970702 49395
970802 23429
970902 35688
971002 49756
971102 25413
971202 44471
971302 18943
971402 1612
971502 7411
971602 15025
971702 10999
971802 61672
971902 44695
972002 22816
972102 12294
972202 27110
972302 44441
972402 3555
972502 53010
972602 19468
972702 16834
972802 4192
972902 33628
973002 39855
973102 3087
973202 3724
973302 55042
973402 13003
973502 46194
973602 63333
973702 21857
973802 8069
973902 25089
974002 40293
974102 12221
974202 4188
974302 1032
974402 50035
974502 60587
974602 44185
974702 15105
974802 22286
974902 57531
975002 40784
975102 19695
975202 16159
975302 64623
975402 54262
975502 15061
975602 31129
975702 46045
975802 38214
975902 53121
976002 23135
976102 23038
976202 10148
976302 38179
976402 37578
976502 57831
976602 6686
976702 53909
976802 56000
976902 34743
977002 31114
977102 637
977202 39620
977302 956
977402 29299
977502 32818
977602 37419
977702 57831
977802 40845
977902 60082
978002 25773
978102 11146
978202 38843
978302 63724
978402 50169
978502 50033
978602 58598
978702 40474
978802 45912
978902 25775
979002 23867
979102 9407
979202 20055
979302 6826
979402 13683
979502 18696
979602 40462
979702 9005
979802 56213
979902 37298
980002 3490
980102 13133
980202 35238
980302 25123
980402 2459
980502 2482
980602 18545
980702 3233
980802 51027
980902 11229
981002 34354
981102 43513
981202 64455
981302 23808
981402 6031
981502 44084
981602 47637
981702 27888
981802 55
981902 39527
982002 11915
982102 11149
982202 6966
982302 40105
982402 24833
982502 12994
982602 50604
982702 19962
982802 3657
982902 4707
983002 38973
983102 49736
983202 43345
983302 53121
983402 41092
983502 16921
983602 42715
983702 15955
983802 20099
983902 9102
984002 60496
984102 58001
984202 27446
984302 29181
984402 14107
984502 9824
984602 64092
984702 61137
984802 15201
984902 60404
985002 36864
985102 62333
985202 44371
985302 15380
985402 2229
985502 21344
985602 59441
985702 59741
985802 10230
985902 34297
986002 63397
986102 23422
986202 35024
986302 36182
986402 41194
986502 37289
986602 1598
986702 8303
986802 34510
986902 6196
987002 28818
987102 37318
987202 7635
987302 33357
987402 16141
987502 11018
987602 20748
987702 48770
987802 33765
987902 10205
988002 62496
988102 27955
988202 53430
988302 41125
988402 60277
988502 40123
988602 64227
988702 34482
988802 45103
988902 14388
989002 4160
989102 60804
989202 10938
989302 42193
989402 11504
989502 35848
989602 59500
989702 19528
989802 7245
989902 61428
990002 16903
990102 32886
990202 28889
990302 59674
990402 25657
990502 3908
990602 10292
990702 13397
990802 64210
990902 47473
991002 28382
991102 6983
991202 30993
991302 46534
991402 23121
991502 63111
991602 15906
991702 35175
991802 53305
991902 10467
992002 1700
992102 14010
992202 22749
992302 48341
992402 31062
992502 1003
992602 14089
992702 5077
992802 31252
992902 37554
993002 58360
993102 23764
993202 3681
993302 63154
993402 20608
993502 4486
993602 43504
993702 26062
993802 48443
993902 41
994002 13920
994102 62182
994202 12148
994302 21992
994402 44680
994502 26362
994602 5658
994702 28273
994802 38354
994902 53214
995002 8869
995102 46321
995202 39638
995302 57122
995402 33894
995502 24932
995602 15329
995702 62356
995802 10268
995902 22245
996002 42835
996102 815
996202 28629
996302 45725
996402 4688
996502 56889
996602 3737
996702 38616
996802 21037
996902 29173
997002 35146
997102 30448
997202 63287
997302 31806
997402 4006
997502 17974
997602 48482
997702 60630
997802 11584
997902 49945
998002 24249
998102 54411
998202 51895
998302 60367
998402 60503
998502 57401
998602 20771
998702 64240
998802 5331
998902 52705
999002 62766
999102 61892
999202 28436
999302 11014
999402 31119
999502 58329
999602 33860
999702 4224
999802 52314
999902 61796
1000002 60387
1000102 46742
1000202 12127
1000302 56774
1000402 17740
1000502 46096
1000602 268
1000702 46886
1000802 29801
1000902 4595
1001002 43018
1001102 20337
1001202 33440
1001302 32378
1001402 25834
1001502 19746
1001602 5266
1001702 47223
1001802 19269
1001902 23713
1002002 22078
1002102 43646
1002202 14371
1002302 20382
1002402 51717
1002502 6269
1002602 42106
1002702 28210
1002802 3759
1002902 20186
1003002 19688
1003102 54190
1003202 43579
1003302 1543
1003402 1892
1003502 20891
1003602 40055
1003702 8574
1003802 34825
1003902 8739
1004002 54605
1004102 52248
1004202 38920
1004302 8245
1004402 32781
1004502 33514
1004602 57531
1004702 31131
1004802 37338
1004902 46028
1005002 6208
1005102 46957
1005202 24906
1005302 43966
1005402 21307
1005502 18373
1005602 19125
1005702 62906
1005802 29953
1005902 58512
1006002 64928
1006102 42844
1006202 28307
1006302 56086
1006402 64538
1006502 7646
1006602 5578
1006702 39369
1006802 31054
1006902 29544
1007002 35985
1007102 56246
1007202 37946
1007302 42718
1007402 59908
1007502 60685
1007602 54863
1007702 30483
1007802 60768
1007902 16478
1008002 29923
1008102 58767
1008202 49806
1008302 12904
1008402 17536
1008502 41039
1008602 49221
1008702 39913
1008802 62053
1008902 294
1009002 11587
1009102 21469
1009202 4805
1009302 32881
1009402 7918
1009502 60912
1009602 54935
1009702 14034
1009802 17805
1009902 473
1010002 6309
1010102 318
1010202 58917
1010302 23416
1010402 35049
1010502 14831
1010602 61919
1010702 50007
1010802 54996
1010902 12180
1011002 32430
1011102 33459
1011202 29302
1011302 311
1011402 22641
1011502 60688
1011602 13346
1011702 47223
1011802 7172
1011902 18325
1012002 54409
1012102 39822
1012202 34241
1012302 40157
1012402 48966
1012502 32624
1012602 2305
1012702 30170
1012802 59394
1012902 25584
1013002 5216
1013102 35779
1013202 44618
1013302 45979
1013402 65073
1013502 55262
1013602 29252
1013702 56109
1013802 50298
1013902 44006
1014002 2255
1014102 44086
1014202 38321
1014302 41136
1014402 58996
1014502 36782
1014602 19623
1014702 49553
1014802 8391
1014902 31653
1015002 45538
1015102 36526
1015202 26508
1015302 44504
1015402 30174
1015502 31903
1015602 44424
1015702 32110
1015802 29408
1015902 63700
1016002 26479
1016102 12531
1016202 46553
1016302 22620
1016402 21554
1016502 44437
1016602 57068
1016702 35963
1016802 11203
1016902 13375
1017002 39160
1017102 4510
1017202 41637
1017302 25120
1017402 32955
1017502 52370
1017602 1227
1017702 1338
1017802 12908
1017902 2655
1018002 58040
1018102 8025
1018202 48230
1018302 55370
1018402 26449
1018502 36037
1018602 14713
1018702 20415
1018802 38189
1018902 44887
1019002 11932
1019102 17469
1019202 18643
1019302 35370
1019402 9348
1019502 44076
1019602 30610
1019702 25433
1019802 43118
1019902 10160
1020002 21574
1020102 55108
1020202 10409
1020302 43220
1020402 391
1020502 13947
1020602 49576
1020702 60302
1020802 14378
1020902 43459
1021002 11539
1021102 13830
1021202 58733
1021302 64506
1021402 7880
1021502 54667
1021602 32860
1021702 20095
1021802 31809
1021902 64506
1022002 40872
1022102 11789
1022202 62041
1022302 52271
1022402 62149
1022502 986
1022602 29686
1022702 17755
1022802 40053
1022902 31829
1023002 43677
1023102 41777
1023202 52184
1023302 28197
1023402 56049
1023502 31878
1023602 63987
1023702 20686
1023802 6728
1023902 41779
1024002 41268
1024102 61391
1024202 58127
1024302 36051
1024402 121
1024502 55940
1024602 17376
1024702 10496
1024802 17538
1024902 42333
1025002 1186
1025102 36147
1025202 54102
1025302 52228
1025402 15707
1025502 24949
1025602 9274
1025702 52736
1025802 18060
1025902 63800
1026002 56929
1026102 19921
1026202 35571
1026302 39416
1026402 54026
1026502 31330
1026602 711
1026702 48632
1026802 50403
1026902 29601
1027002 40200
1027102 37992
1027202 44588
1027302 18561
1027402 26915
1027502 24233
1027602 39380
1027702 36258
1027802 46118
1027902 11575
1028002 61703
1028102 39526
1028202 34070
1028302 30739
1028402 29569
1028502 34392
1028602 6433
1028702 13378
1028802 47224
1028902 18393
1029002 64491
1029102 39713
1029202 63441
1029302 43363
1029402 42544
1029502 10120
1029602 14177
1029702 57498
1029802 1830
1029902 62987
1030002 40722
1030102 10362
1030202 64806
1030302 57511
1030402 41238
1030502 24411
1030602 48305
1030702 26979
1030802 43420
1030902 1316
1031002 61445
1031102 46637
1031202 49831
1031302 33737
1031402 52241
1031502 9035
1031602 151
1031702 48475
1031802 44006
1031902 41989
1032002 38343
1032102 22143
1032202 32038
1032302 1397
1032402 52081
1032502 16191
1032602 35549
1032702 13181
1032802 40269
1032902 23125
1033002 7953
1033102 9453
1033202 3007
1033302 63232
1033402 12070
1033502 17795
1033602 18027
1033702 27137
1033802 40953
1033902 21151
1034002 55327
1034102 28068
1034202 15628
1034302 24465
1034402 64476
1034502 44181
1034602 4809
1034702 63007
1034802 44531
1034902 35176
1035002 4084
1035102 13989
1035202 55797
1035302 40522
1035402 46317
1035502 39066
1035602 37024
1035702 551
1035802 9022
1035902 6260
1036002 9996
1036102 49039
1036202 48610
1036302 65212
1036402 50927
1036502 58155
1036602 48335
1036702 33108
1036802 11080
1036902 24238
1037002 26130
1037102 20613
1037202 3547
1037302 50616
1037402 57731
1037502 4318
1037602 62157
1037702 12594
1037802 44706
1037902 18530
1038002 8449
1038102 4019
1038202 37050
1038302 3856
1038402 42951
1038502 10141
1038602 61786
1038702 20566
1038802 17097
1038902 20485
1039002 20866
1039102 47409
1039202 20986
1039302 28766
1039402 43861
1039502 49032
1039602 37522
1039702 10866
1039802 19954
1039902 44319
1040002 55919
1040102 28803
1040202 3336
1040302 60008
1040402 45946
1040502 43719
1040602 34171
1040702 34210
1040802 12432
1040902 44513
1041002 39352
1041102 20325
1041202 61637
1041302 30421
1041402 7085
1041502 18011
1041602 8141
1041702 49423
1041802 40671
1041902 40899
1042002 34649
1042102 61775
1042202 41387
1042302 5610
1042402 64478
1042502 65414
1042602 45977
1042702 64255
1042802 14185
1042902 51820
1043002 56130
1043102 6819
1043202 39773
1043302 50947
1043402 37776
1043502 19439
1043602 64159
1043702 28356
1043802 34313
1043902 35181
1044002 56338
1044102 653
1044202 22630
1044302 54043
1044402 11617
1044502 37081
1044602 27739
1044702 52856
1044802 15121
1044902 9607
1045002 48190
1045102 36121
1045202 29631
1045302 8827
1045402 44103
1045502 18834
1045602 23487
1045702 19395
1045802 56842
1045902 13786
1046002 27476
1046102 12498
1046202 47299
1046302 2764
1046402 30670
1046502 61412
1046602 34666
1046702 37562
1046802 3541
1046902 5071
1047002 24197
1047102 43292
1047202 23374
1047302 18998
1047402 37751
1047502 32152
1047602 37156
1047702 44515
1047802 59173
1047902 52960
1048002 62817
1048102 38501
1048202 21510
1048302 37947
1048402 17609
1048502 31100
1048602 28822
1048702 55060
1048802 6640
1048902 55967
1049002 26462
1049102 44541
1049202 13699
1049302 8078
1049402 31711
1049502 54905
1049602 50575
1049702 35899
1049802 2806
1049902 3497
1050002 49632
1050102 60243
1050202 17547
1050302 54800
1050402 36223
1050502 61221
1050602 59098
1050702 56345
1050802 53210
1050902 27243
1051002 40594
1051102 62350
1051202 37330
1051302 49386
1051402 59975
1051502 51857
1051602 43644
1051702 58574
1051802 54049
1051902 27326
1052002 18147
1052102 56616
1052202 63101
1052302 16522
1052402 16053
1052502 11638
1052602 4569
1052702 62084
1052802 769
1052902 57838
1053002 23782
1053102 27309
1053202 42441
1053302 37132
1053402 22841
1053502 5755
1053602 26806
1053702 32402
1053802 34009
1053902 18037
1054002 64776
1054102 4082
1054202 41277
1054302 11585
1054402 19679
1054502 46314
1054602 76
1054702 2384
1054802 6338
1054902 16432
1055002 1889
1055102 51262
1055202 51009
1055302 9919
1055402 38865
1055502 1970
1055602 4473
1055702 32061
1055802 18765
1055902 36490
1056002 24269
1056102 57236
1056202 42813
1056302 34175
1056402 28159
1056502 18648
1056602 7404
1056702 31413
1056802 380
1056902 26363
1057002 8797
1057102 45744
1057202 21701
1057302 38811
1057402 39623
1057502 58014
1057602 12671
1057702 49999
1057802 2428
1057902 65047
1058002 10037
1058102 23303
1058202 4071
1058302 31600
1058402 41414
1058502 39136
1058602 42494
1058702 33084
1058802 21495
1058902 51887
1059002 51882
1059102 29366
1059202 34610
1059302 32276
1059402 33582
1059502 46895
1059602 2794
1059702 33823
1059802 23576
1059902 44607
1060002 10202
1060102 23273
1060202 22542
1060302 29112
1060402 56525
1060502 12875
1060602 20005
1060702 8774
1060802 1540
1060902 42321
1061002 48551
1061102 32515
1061202 51106
1061302 13992
1061402 32925
1061502 64614
1061602 22841
1061702 31557
1061802 21697
1061902 25283
1062002 21413
1062102 24075
1062202 7831
1062302 15662
1062402 43839
1062502 44429
1062602 26444
1062702 59445
1062802 26237
1062902 60405
1063002 36246
1063102 3960
1063202 2651
1063302 54073
1063402 6632
1063502 28668
1063602 9927
1063702 19630
1063802 55507
1063902 4208
1064002 1642
1064102 30508
1064202 57274
1064302 5559
1064402 59167
1064502 4790
1064602 55348
1064702 25554
1064802 64404
1064902 18758
1065002 19961
1065102 51220
1065202 5186
1065302 62493
1065402 51877
1065502 2150
1065602 4591
1065702 58051
1065802 43679
1065902 38578
1066002 53337
1066102 41677
1066202 1381
1066302 48249
1066402 47175
1066502 57363
1066602 25590
1066702 51915
1066802 25843
1066902 19661
1067002 39165
1067102 26518
1067202 45794
1067302 65104
1067402 59139
1067502 58017
1067602 11406
1067702 29872
1067802 788
1067902 31959
1068002 9791
1068102 18110
1068202 8796
1068302 13412
1068402 10410
1068502 21685
1068602 17750
1068702 53080
1068802 48174
1068902 58438
1069002 10058
1069102 28188
1069202 52158
1069302 8410
1069402 19729
1069502 6935
1069602 65366
1069702 33602
1069802 60147
1069902 9457
1070002 49165
1070102 18305
1070202 4243
1070302 40092
1070402 22249
1070502 65239
1070602 49028
1070702 62737
1070802 41830
1070902 36450
1071002 56107
1071102 51151
1071202 21658
1071302 31938
1071402 24566
1071502 46937
1071602 19074
1071702 54392
1071802 49040
1071902 54666
1072002 18293
1072102 28228
1072202 47383
1072302 46193
1072402 53596
1072502 34707
1072602 51936
1072702 36416
1072802 62165
1072902 12269
1073002 8539
1073102 31265
1073202 17242
1073302 47228
1073402 23982
1073502 59309
1073602 63318
1073702 12189
1073802 28319
1073902 49780
1074002 49265
1074102 58301
1074202 36288
1074302 58863
1074402 60539
1074502 57072
1074602 31164
1074702 63996
1074802 44861
1074902 63550
1075002 38034
1075102 56362
1075202 40071
1075302 46384
1075402 45716
1075502 23395
1075602 45552
1075702 47624
1075802 46726
1075902 11040
1076002 52460
1076102 48063
1076202 38676
1076302 28556
1076402 48876
1076502 65183
1076602 54850
1076702 31084
1076802 14784
1076902 20548
1077002 47081
1077102 55528
1077202 42429
1077302 62211
1077402 17040
1077502 43620
1077602 11686
1077702 34294
1077802 149
1077902 38702
1078002 48027
1078102 61281
1078202 40086
1078302 33865
1078402 17866
1078502 62901
1078602 4605
1078702 26524
1078802 9102
1078902 8650
1079002 34494
1079102 47054
1079202 35615
1079302 52450
1079402 61415
1079502 26382
1079602 5586
1079702 58226
1079802 17558
1079902 9478
1080002 47347
1080102 24987
1080202 47351
1080302 36765
1080402 5543
1080502 51845
1080602 30129
1080702 63327
1080802 26522
1080902 62107
1081002 55275
1081102 41456
1081202 31433
1081302 35839
1081402 11570
1081502 48811
1081602 46740
1081702 19945
1081802 46513
1081902 50061
1082002 1866
1082102 15381
1082202 7510
1082302 43148
1082402 11858
1082502 13657
1082602 56926
1082702 20177
1082802 18258
1082902 50202
1083002 64107
1083102 19967
1083202 46699
1083302 20650
1083402 37818
1083502 29746
1083602 19501
1083702 21410
1083802 36302
1083902 2248
1084002 61864
1084102 57018
1084202 11803
1084302 57379
1084402 10624
1084502 7795
1084602 28317
1084702 44566
1084802 56011
1084902 11974
1085002 44864
1085102 61754
1085202 23015
1085302 37182
1085402 15873
1085502 47959
1085602 28170
1085702 47506
1085802 32243
1085902 36113
1086002 54407
1086102 27700
1086202 24898
1086302 7370
1086402 24186
1086502 50606
1086602 9781
1086702 36147
1086802 41642
1086902 22771
1087002 33042
1087102 57428
1087202 22650
1087302 51712
1087402 2643
1087502 36253
1087602 53862
1087702 13883
1087802 53302
1087902 3709
1088002 9035
1088102 33028
1088202 2724
1088302 25657
1088402 17747
1088502 53869
1088602 44450
1088702 46519
1088802 56192
1088902 15749
1089002 10303
1089102 39382
1089202 43354
1089302 54299
1089402 26388
1089502 51151
1089602 19237
1089702 62916
1089802 41395
1089902 3913
1090002 36477
1090102 51388
1090202 34338
1090302 62868
1090402 43090
1090502 61593
1090602 39853
1090702 23284
1090802 50709
1090902 61355
1091002 40784
1091102 40557
1091202 47860
1091302 26630
1091402 60312
1091502 27726
1091602 22685
1091702 18574
1091802 18751
1091902 46331
1092002 49951
1092102 29704
1092202 62342
1092302 35528
1092402 46998
1092502 57949
1092602 8124
1092702 51171
1092802 64856
1092902 4034
1093002 54802
1093102 18388
1093202 8731
1093302 27487
1093402 25633
1093502 56622
1093602 31891
1093702 39254
1093802 49027
1093902 39116
1094002 10303
1094102 44015
1094202 57707
1094302 55407
1094402 39821
1094502 58402
1094602 34388
1094702 43109
1094802 41636
1094902 64533
1095002 13166
1095102 64022
1095202 5410
1095302 22658
1095402 44282
1095502 29674
1095602 60091
1095702 47125
1095802 24495
1095902 27246
1096002 65513
1096102 2744
1096202 55664
1096302 23928
1096402 7921
1096502 25030
1096602 51416
1096702 4433
1096802 62486
1096902 51705
1097002 17445
1097102 43399
1097202 23346
1097302 39388
1097402 41484
1097502 10368
1097602 28934
1097702 35186
1097802 52777
1097902 40401
1098002 51339
1098102 33397
1098202 52282
1098302 11478
1098402 37439
1098502 52398
1098602 46995
1098702 59737
1098802 10139
1098902 19613
1099002 51163
1099102 22999
1099202 40308
1099302 22146
1099402 13405
1099502 12509
1099602 36490
1099702 55395
1099802 51270
1099902 539
1100002 16863
1100102 61103
1100202 19832
1100302 59337
1100402 38137
1100502 25161
1100602 27951
1100702 58151
1100802 54968
1100902 25518
1101002 46965
1101102 12682
1101202 27774
1101302 35184
1101402 32560
1101502 39200
1101602 54739
1101702 9056
1101802 59914
1101902 30735
1102002 10162
1102102 5451
1102202 720
1102302 49578
1102402 30712
1102502 47736
1102602 37958
1102702 27288
1102802 855
1102902 48071
1103002 9067
1103102 24868
1103202 42942
1103302 45191
1103402 62285
1103502 49544
1103602 61502
1103702 32869
1103802 59577
1103902 26041
1104002 39855
1104102 34739
1104202 24331
1104302 27274
1104402 6606
1104502 25840
1104602 31636
1104702 29531
1104802 42563
1104902 56478
1105002 10848
1105102 10516
1105202 22379
1105302 28656
1105402 38884
1105502 38399
1105602 56059
1105702 49067
1105802 51233
1105902 14092
1106002 8853
1106102 21343
1106202 24386
1106302 5668
1106402 4085
1106502 26049
1106602 40227
1106702 25345
1106802 24330
1106902 9389
1107002 24184
1107102 4043
1107202 16881
1107302 26761
1107402 7603
1107502 34140
1107602 64124
1107702 5233
1107802 7176
1107902 40976
1108002 50110
1108102 36150
1108202 4230
1108302 48226
1108402 21376
1108502 16758
1108602 35644
1108702 40790
1108802 50328
1108902 21251
1109002 2479
1109102 29336
1109202 20025
1109302 46482
1109402 58984
1109502 22540
1109602 18144
1109702 48082
1109802 35664
1109902 58723
1110002 15208
1110102 21344
1110202 15591
1110302 45921
1110402 57559
1110502 4388
1110602 35285
1110702 40616
1110802 54524
1110902 49489
1111002 16730
1111102 24132
1111202 7890
1111302 8698
1111402 40579
1111502 65391
1111602 61682
1111702 62914
1111802 26169
1111902 19216
1112002 32364
1112102 12241
1112202 16110
1112302 11905
1112402 58902
1112502 7746
1112602 63570
1112702 27845
1112802 34088
1112902 60656
1113002 51956
1113102 5500
1113202 13377
1113302 52612
1113402 20189
1113502 45812
1113602 25402
1113702 44977
1113802 60684
1113902 8149
1114002 50491
1114102 32587
1114202 7315
1114302 11342
1114402 26537
1114502 24123
1114602 37139
1114702 44547
1114802 32712
1114902 53265
1115002 62101
1115102 8107
1115202 36522
1115302 35742
1115402 61046
1115502 27396
1115602 29305
1115702 17403
1115802 62244
1115902 62543
1116002 63380
1116102 46439
1116202 54669
1116302 21523
1116402 2995
1116502 60781
1116602 52633
1116702 46662
1116802 8434
1116902 43193
1117002 23215
1117102 15185
1117202 50222
1117302 62378
1117402 57659
1117502 54117
1117602 64390
1117702 62834
1117802 41228
1117902 27160
1118002 62017
1118102 5589
1118202 62824
1118302 47891
1118402 39818
1118502 36189
1118602 64320
1118702 27066
1118802 18359
1118902 61963
1119002 33685
1119102 16027
1119202 59409
1119302 38954
1119402 20212
1119502 22176
1119602 16580
1119702 40995
1119802 27851
1119902 21034
1120002 48283
1120102 18564
1120202 31602
1120302 32138
1120402 46916
1120502 45566
1120602 12259
1120702 60075
1120802 48430
1120902 1357
1121002 28942
1121102 5124
1121202 60876
1121302 61702
1121402 32819
1121502 42952
1121602 36951
1121702 2181
1121802 57459
1121902 31295
1122002 13099
1122102 13639
1122202 59835
1122302 7558
1122402 10262
1122502 3504
1122602 50388
1122702 2918
1122802 45951
1122902 61047
1123002 55714
1123102 27914
1123202 57235
1123302 3168
1123402 27316
1123502 9067
1123602 13394
1123702 16523
1123802 7759
1123902 38805
1124002 61799
1124102 36808
1124202 15525
1124302 25091
1124402 17668
1124502 36581
1124602 10050
1124702 15877
1124802 18940
1124902 17910
1125002 62994
1125102 19412
1125202 34611
1125302 25653
1125402 65329
1125502 43966
1125602 58914
1125702 5986
1125802 10140
1125902 28900
1126002 26503
1126102 12573
1126202 48176
1126302 48593
1126402 40082
1126502 43990
1126602 34028
1126702 60584
1126802 38255
1126902 28937
1127002 59129
1127102 4679
1127202 4913
1127302 13186
1127402 21360
1127502 12327
1127602 28737
1127702 44113
1127802 56658
1127902 63009
1128002 29787
1128102 19711
1128202 55294
1128302 51440
1128402 57498
1128502 43137
1128602 57390
1128702 26695
1128802 16475
1128902 26682
1129002 39584
1129102 21234
1129202 56602
1129302 40349
1129402 49668
1129502 26769
1129602 40145
1129702 23944
1129802 13667
1129902 3113
1130002 60376
1130102 42557
1130202 5808
1130302 22127
1130402 15286
1130502 20464
1130602 29586
1130702 8209
1130802 7914
1130902 57833
1131002 41491
1131102 63198
1131202 58422
1131302 47279
1131402 53177
1131502 47563
1131602 19660
1131702 56539
1131802 2826
1131902 45482
1132002 33425
1132102 2583
1132202 64377
1132302 55098
1132402 51162
1132502 22384
1132602 63990
1132702 46570
1132802 566
1132902 62362
1133002 45612
1133102 64115
1133202 7505
1133302 36023
1133402 58121
1133502 62654
1133602 27710
1133702 7259
1133802 5565
1133902 63368
1134002 12854
1134102 29970
1134202 20878
1134302 43343
1134402 11982
1134502 14089
1134602 26760
1134702 52171
1134802 54160
1134902 27142
1135002 16606
1135102 31003
1135202 28646
1135302 54930
1135402 59675
1135502 48648
1135602 58696
1135702 23475
1135802 43343
1135902 12084
1136002 61394
1136102 31373
1136202 38130
1136302 10101
1136402 65084
1136502 772
1136602 10739
1136702 40497
1136802 5466
1136902 33845
1137002 6070
1137102 53135
1137202 65171
1137302 28047
1137402 22437
1137502 606
1137602 54401
1137702 25233
1137802 31937
1137902 39026
1138002 52610
1138102 21399
1138202 14757
1138302 6782
1138402 15837
1138502 17000
1138602 15477
1138702 29100
1138802 7772
1138902 32043
1139002 42471
1139102 38787
1139202 10726
1139302 63733
1139402 6670
1139502 12410
1139602 30603
1139702 44197
1139802 59823
1139902 10942
1140002 6251
1140102 25649
1140202 41738
1140302 29081
1140402 65350
1140502 28250
1140602 13614
1140702 7103
1140802 52790
1140902 42880
1141002 39061
1141102 3874
1141202 20352
1141302 34400
1141402 53514
1141502 26562
1141602 46154
1141702 37053
1141802 9552
1141902 8408
1142002 25497
1142102 14248
1142202 293
1142302 54398
1142402 24671
1142502 48104
1142602 14870
1142702 58895
1142802 48599
1142902 1647
1143002 26655
1143102 37169
1143202 64342
1143302 26288
1143402 49197
1143502 52804
1143602 35115
1143702 47354
1143802 59984
1143902 18045
1144002 63795
1144102 4107
1144202 45091
1144302 31924
1144402 57494
1144502 48764
1144602 22704
1144702 23484
1144802 12085
1144902 17044
1145002 26415
1145102 3570
1145202 7704
1145302 8137
1145402 5931
1145502 17853
1145602 30498
1145702 50891
1145802 32038
1145902 18671
1146002 3035
1146102 55865
1146202 3666
1146302 10634
1146402 34768
1146502 19788
1146602 48209
1146702 28965
1146802 10924
1146902 56734
1147002 24647
1147102 30981
1147202 24104
1147302 7107
1147402 9209
1147502 55097
1147602 12698
1147702 2140
1147802 32340
1147902 54212
1148002 6667
1148102 28893
1148202 24811
1148302 5097
1148402 13553
1148502 18873
1148602 9155
1148702 30306
1148802 13377
1148902 38312
1149002 56827
1149102 33001
1149202 4719
1149302 51108
1149402 54064
1149502 31290
1149602 8107
1149702 15886
1149802 58121
1149902 57351
1150002 30141
1150102 29059
1150202 35444
1150302 63399
1150402 30521
1150502 1185
1150602 32174
1150702 42261
1150802 30950
1150902 35265
1151002 39959
1151102 51378
1151202 3933
1151302 51905
1151402 2859
1151502 26173
1151602 54962
1151702 43288
1151802 28447
1151902 49816
1152002 54960
1152102 49991
1152202 37149
1152302 36904
1152402 5612
1152502 41245
1152602 59536
1152702 37674
1152802 54182
1152902 35580
1153002 24184
1153102 45005
1153202 56082
1153302 37221
1153402 13480
1153502 34147
1153602 2424
1153702 3714
1153802 53834
1153902 28221
1154002 62546
1154102 30978
1154202 28100
1154302 38017
1154402 22453
1154502 44944
1154602 14968
1154702 13307
1154802 63837
1154902 44005
1155002 59125
1155102 50576
1155202 38875
1155302 952
1155402 36271
1155502 35609
1155602 9383
1155702 38242
1155802 63615
1155902 8026
1156002 13063
1156102 53841
1156202 42611
1156302 8083
1156402 10513
1156502 54372
1156602 43997
1156702 11550
1156802 31388
1156902 14410
1157002 52245
1157102 1745
1157202 36693
1157302 2503
1157402 24937
1157502 8165
1157602 62212
1157702 5883
1157802 4621
1157902 36779
1158002 4149
1158102 55089
1158202 4707
1158302 47981
1158402 52750
1158502 10790
1158602 58965
1158702 57344
1158802 4233
1158902 8830
1159002 743
1159102 22115
1159202 26230
1159302 25779
1159402 31704
1159502 46961
1159602 22004
1159702 13579
1159802 27866
1159902 51623
1160002 11702
1160102 59381
1160202 46415
1160302 4861
1160402 1559
1160502 33763
1160602 64806
1160702 31067
1160802 13142
1160902 55020
1161002 23979
1161102 63505
1161202 982
1161302 63035
1161402 27290
1161502 63478
1161602 41695
1161702 43013
1161802 26831
1161902 63968
1162002 35314
1162102 65344
1162202 45373
1162302 7861
1162402 58686
1162502 53564
1162602 47904
1162702 56591
1162802 24627
1162902 43772
1163002 30620
1163102 18187
1163202 52269
1163302 59974
1163402 54787
1163502 16203
1163602 38947
1163702 32880
1163802 17465
1163902 56722
1164002 27252
1164102 47114
1164202 58189
1164302 21872
1164402 25358
1164502 20153
1164602 556
1164702 43493
1164802 10030
1164902 29007
1165002 5834
1165102 43243
1165202 15478
1165302 59928
1165402 48345
1165502 38261
1165602 32691
1165702 33837
1165802 21291
1165902 15324
1166002 11478
1166102 63970
1166202 12487
1166302 41799
1166402 46787
1166502 19046
1166602 63613
1166702 61292
1166802 37665
1166902 25246
1167002 41491
1167102 38051
1167202 16302
1167302 105
1167402 62169
1167502 8948
1167602 45496
1167702 56745
1167802 11861
1167902 18740
1168002 47839
1168102 38148
1168202 43802
1168302 45613
1168402 60980
1168502 14267
1168602 37496
1168702 12099
1168802 55777
1168902 64242
1169002 19456
1169102 61750
1169202 20582
1169302 64262
1169402 2330
1169502 35137
1169602 27388
1169702 48098
1169802 58689
1169902 63234
1170002 29881
1170102 35385
1170202 34972
1170302 8071
1170402 35418
1170502 54063
1170602 43536
1170702 3117
1170802 29248
1170902 3949
1171002 16828
1171102 13373
1171202 37611
1171302 12740
1171402 33151
1171502 29835
1171602 18400
1171702 53039
1171802 26133
1171902 43824
1172002 53695
1172102 62331
1172202 24538
1172302 31399
1172402 30295
1172502 367
1172602 39710
1172702 25844
1172802 41795
1172902 30191
1173002 10412
1173102 49572
1173202 22282
1173302 46301
1173402 39350
1173502 59667
1173602 41269
1173702 40479
1173802 42404
1173902 33161
1174002 18486
1174102 30772
1174202 28477
1174302 31029
1174402 62341
1174502 40409
1174602 33723
1174702 38835
1174802 27255
1174902 12927
1175002 18509
1175102 39445
1175202 37317
1175302 44161
1175402 9526
1175502 40321
1175602 54451
1175702 15481
1175802 59692
1175902 63723
1176002 59713
1176102 19455
1176202 3339
1176302 3803
1176402 11786
1176502 53123
1176602 12588
1176702 32765
1176802 57941
1176902 27750
1177002 49449
1177102 4098
1177202 63349
1177302 51589
1177402 63991
1177502 22347
1177602 31192
1177702 12080
1177802 16229
1177902 47948
1178002 49132
1178102 29225
1178202 54267
1178302 17669
1178402 4708
1178502 51784
1178602 27912
1178702 38113
1178802 44525
1178902 41751
1179002 48477
1179102 30345
1179202 14615
1179302 8367
1179402 49566
1179502 55451
1179602 24492
1179702 55826
1179802 31625
1179902 57505
1180002 43712
1180102 64502
1180202 17880
1180302 40195
1180402 11304
1180502 14427
1180602 27150
1180702 2349
1180802 31646
1180902 28683
1181002 46595
1181102 31900
1181202 41558
1181302 40718
1181402 42137
1181502 5737
1181602 54516
1181702 23466
1181802 52996
1181902 52877
1182002 38295
1182102 3222
1182202 24053
1182302 22919
1182402 65296
1182502 26690
1182602 54033
1182702 51469
1182802 1200
1182902 15435
1183002 2713
1183102 6692
1183202 44185
1183302 34416
1183402 16577
1183502 46941
1183602 60935
1183702 59192
1183802 780
1183902 34030
1184002 5521
1184102 10849
1184202 48734
1184302 57120
1184402 36788
1184502 18927
1184602 25109
1184702 53746
1184802 26974
1184902 9005
1185002 11987
1185102 64052
1185202 63273
1185302 3445
1185402 22854
1185502 33004
1185602 38571
1185702 32483
1185802 64721
1185902 63915
1186002 61411
1186102 61822
1186202 3942
1186302 38607
1186402 15386
1186502 38981
1186602 17558
1186702 65357
1186802 38860
1186902 20430
1187002 44815
1187102 2099
1187202 46390
1187302 64910
1187402 23916
1187502 57898
1187602 31562
1187702 6719
1187802 51590
1187902 37668
1188002 9314
1188102 43149
1188202 36530
1188302 53263
1188402 47989
1188502 4077
1188602 44456
1188702 22006
1188802 4081
1188902 60499
1189002 50388
1189102 37813
1189202 16963
1189302 46239
1189402 11424
1189502 31591
1189602 57437
1189702 17878
1189802 49286
1189902 63465
1190002 35745
1190102 19131
1190202 58580
1190302 50037
1190402 52665
1190502 65383
1190602 24780
1190702 27295
1190802 64532
1190902 14741
1191002 62241
1191102 4923
1191202 51523
1191302 46590
1191402 6593
1191502 57241
1191602 21547
1191702 59204
1191802 5068
1191902 8776
1192002 30095
1192102 63790
1192202 27704
1192302 22633
1192402 41561
1192502 15988
1192602 54447
1192702 1686
1192802 9139
1192902 17124
1193002 55986
1193102 3200
1193202 13066
1193302 44413
1193402 34287
1193502 56674
1193602 40890
1193702 28872
1193802 60426
1193902 63823
1194002 42160
1194102 22256
1194202 44911
1194302 33916
1194402 35514
1194502 20395
1194602 9579
1194702 49642
1194802 53033
1194902 10295
1195002 15352
1195102 17655
1195202 22521
1195302 27551
1195402 60579
1195502 49843
1195602 41497
1195702 5104
1195802 54572
1195902 9850
1196002 28783
1196102 40873
1196202 13075
1196302 14916
1196402 13004
1196502 43005
1196602 13189
1196702 33749
1196802 64623
1196902 22940
1197002 32615
1197102 17219
1197202 52689
1197302 324
1197402 63469
1197502 53444
1197602 26715
1197702 15144
1197802 11324
1197902 20328
1198002 17869
1198102 61096
1198202 45098
1198302 38499
1198402 24327
1198502 31467
1198602 21105
1198702 4129
1198802 60093
1198902 60409
1199002 45489
1199102 54194
1199202 38224
1199302 57078
1199402 61012
1199502 47444
1199602 14420
1199702 64070
1199802 49094
1199902 64846
1200002 48174
1200102 13376
1200202 28101
1200302 21677
1200402 23315
1200502 64572
1200602 19321
1200702 33787
1200802 59827
1200902 57046
1201002 3683
1201102 39266
1201202 9577
1201302 13758
1201402 4471
1201502 15481
1201602 63010
1201702 11010
1201802 56466
1201902 4167
1202002 64503
1202102 54991
1202202 63213
1202302 64788
1202402 31506
1202502 52232
1202602 2272
1202702 422
1202802 8118
1202902 35567
1203002 56576
1203102 59360
1203202 12494
1203302 44494
1203402 29896
1203502 47097
1203602 58312
1203702 3798
1203802 555
1203902 49325
1204002 29816
1204102 6986
1204202 13739
1204302 15575
1204402 15220
1204502 39941
1204602 11245
1204702 15840
1204802 3706
1204902 9105
1205002 64090
1205102 31741
1205202 41070
1205302 40414
1205402 21044
1205502 51743
1205602 7966
1205702 11381
1205802 52366
1205902 34192
1206002 47331
1206102 45377
1206202 12093
1206302 41466
1206402 24408
1206502 32008
1206602 20473
1206702 40971
1206802 18301
1206902 26801
1207002 42267
1207102 26333
1207202 38362
1207302 21141
1207402 48089
1207502 10108
1207602 40749
1207702 19248
1207802 25638
1207902 24393
1208002 31370
1208102 36512
1208202 39649
1208302 64575
1208402 21364
1208502 45915
1208602 228
1208702 61625
1208802 12238
1208902 10057
1209002 50453
1209102 22090
1209202 39270
1209302 59086
1209402 51353
1209502 62809
1209602 9997
1209702 22978
1209802 28943
1209902 35987
1210002 3569
1210102 25134
1210202 63063
1210302 12194
1210402 1656
1210502 7897
1210602 55099
1210702 157
1210802 32216
1210902 31319
1211002 53231
1211102 42292
1211202 49541
1211302 26820
1211402 551
1211502 20579
1211602 21964
1211702 52083
1211802 40730
1211902 18770
1212002 19063
1212102 30211
1212202 13255
1212302 38485
1212402 7880
1212502 11305
1212602 28403
1212702 27354
1212802 18667
1212902 36823
1213002 44945
1213102 51981
1213202 28915
1213302 6435
1213402 15211
1213502 60026
1213602 7616
1213702 32736
1213802 25184
1213902 39299
1214002 28110
1214102 46484
1214202 20310
1214302 59798
1214402 53820
1214502 54521
1214602 63421
1214702 113
1214802 11812
1214902 16490
1215002 16721
1215102 57848
1215202 39297
1215302 42875
1215402 11836
1215502 50986
1215602 4949
1215702 49507
1215802 9571
1215902 19590
1216002 36102
1216102 13584
1216202 13518
1216302 50987
1216402 59308
1216502 35787
1216602 31083
1216702 62536
1216802 44685
1216902 667
1217002 39457
1217102 54250
1217202 39650
1217302 12687
1217402 32759
1217502 60279
1217602 55679
1217702 13461
1217802 43754
1217902 62815
1218002 36181
1218102 43615
1218202 20358
1218302 48647
1218402 44049
1218502 28566
1218602 6286
1218702 5448
1218802 24069
1218902 46115
1219002 41472
1219102 22003
1219202 24325
1219302 30578
1219402 4259
1219502 22694
1219602 31314
1219702 20693
1219802 56523
1219902 39278
1220002 24053
1220102 53982
1220202 3965
1220302 6997
1220402 39061
1220502 11415
1220602 64489
1220702 44221
1220802 15196
1220902 30202
1221002 41925
1221102 13708
1221202 33384
1221302 1555
1221402 36926
1221502 43168
1221602 36399
1221702 43019
1221802 61211
1221902 48467
1222002 52001
1222102 32875
1222202 35720
1222302 53292
1222402 20540
1222502 61499
1222602 12864
1222702 5945
1222802 32026
1222902 16002
1223002 19396
1223102 3696
1223202 8532
1223302 21165
1223402 8023
1223502 65285
1223602 15399
1223702 28346
1223802 11783
1223902 1941
1224002 28997
1224102 20176
1224202 49108
1224302 58425
1224402 40918
1224502 52696
1224602 42691
1224702 3197
1224802 24187
1224902 36522
1225002 6411
1225102 59093
1225202 31252
1225302 7945
1225402 30462
1225502 40516
1225602 22766
1225702 41375
1225802 7614
1225902 5372
1226002 8905
1226102 52598
1226202 40315
1226302 17308
1226402 54746
1226502 3760
1226602 46108
1226702 6193
1226802 29257
1226902 41147
1227002 42506
1227102 52621
1227202 8191
1227302 32484
1227402 33753
1227502 59282
1227602 60505
1227702 32550
1227802 45962
1227902 19980
1228002 30450
1228102 40673
1228202 20822
1228302 12325
1228402 27650
1228502 809
1228602 7832
1228702 29538
1228802 46430
1228902 2938
1229002 13440
1229102 874
1229202 56828
1229302 36092
1229402 11021
1229502 19753
1229602 59624
1229702 44209
1229802 54712
1229902 47295
1230002 37114
1230102 39978
1230202 5330
1230302 33854
1230402 20129
1230502 22052
1230602 56637
1230702 63580
1230802 37295
1230902 37161
1231002 12426
1231102 49067
1231202 7318
1231302 16606
1231402 25976
1231502 14798
1231602 58297
1231702 43369
1231802 43825
1231902 52030
1232002 26512
1232102 19433
1232202 12180
1232302 50567
1232402 50864
1232502 64742
1232602 9146
1232702 35619
1232802 5496
1232902 20726
1233002 11579
1233102 10802
1233202 5530
1233302 43357
1233402 9234
1233502 33476
1233602 15461
1233702 33429
1233802 12938
1233902 41848
1234002 59339
1234102 33719
1234202 53371
1234302 56700
1234402 41377
1234502 4758
1234602 2033
1234702 15335
1234802 33548
1234902 54806
1235002 60381
1235102 54763
1235202 11099
1235302 13592
1235402 29291
1235502 10391
1235602 21498
1235702 13207
1235802 2725
1235902 49043
1236002 8451
1236102 4211
1236202 58353
1236302 59182
1236402 48480
1236502 54415
1236602 9382
1236702 54067
1236802 18241
1236902 29572
1237002 36773
1237102 53122
1237202 44498
1237302 276
1237402 13303
1237502 11051
1237602 37191
1237702 12019
1237802 51673
1237902 63129
1238002 27498
1238102 43828
1238202 58477
1238302 54375
1238402 16703
1238502 7518
1238602 55122
1238702 27667
1238802 58086
1238902 32887
1239002 38577
1239102 58369
1239202 58783
1239302 57364
1239402 17472
1239502 15629
1239602 7650
1239702 27792
1239802 54646
1239902 48790
1240002 46871
1240102 42044
1240202 19452
1240302 52361
1240402 49147
1240502 48002
1240602 18352
1240702 38764
1240802 12982
1240902 32543
1241002 20204
1241102 61963
1241202 62955
1241302 27221
1241402 29169
1241502 53186
1241602 48044
1241702 8628
1241802 46091
1241902 45669
1242002 58689
1242102 16749
1242202 5490
1242302 53214
1242402 32147
1242502 13315
1242602 10308
1242702 17957
1242802 2014
1242902 56721
1243002 37154
1243102 63092
1243202 57757
1243302 43225
1243402 15607
1243502 675
1243602 56990
1243702 2905
1243802 59663
1243902 57541
1244002 25715
1244102 58625
1244202 35464
1244302 33695
1244402 45783
1244502 22193
1244602 24437
1244702 35627
1244802 65182
1244902 37393
1245002 750
1245102 22809
1245202 57513
1245302 4469
1245402 50065
1245502 39636
1245602 64782
1245702 10709
1245802 63057
1245902 18753
1246002 62335
1246102 58706
1246202 52686
1246302 25627
1246402 62440
1246502 25447
1246602 1381
1246702 26162
1246802 20918
1246902 36706
1247002 64012
1247102 51030
1247202 61646
1247302 19737
1247402 19022
1247502 32633
1247602 59684
1247702 29500
1247802 43186
1247902 57040
1248002 52238
1248102 30232
1248202 30841
1248302 15995
1248402 55834
1248502 12082
1248602 8792
1248702 46375
1248802 52723
1248902 55013
1249002 9983
1249102 5112
1249202 53860
1249302 59900
1249402 54647
1249502 15763
1249602 43648
1249702 12497
1249802 26457
1249902 60854
1250002 38934
1250102 51907
1250202 58736
1250302 37953
1250402 16005
1250502 46678
1250602 23566
1250702 31101
1250802 50483
1250902 14096
1251002 28598
1251102 36540
1251202 48451
1251302 20609
1251402 27775
1251502 18366
1251602 3048
1251702 52186
1251802 46116
1251902 33112
1252002 22408
1252102 58245
1252202 18157
1252302 50842
1252402 62241
1252502 46533
1252602 31180
1252702 26044
1252802 31557
1252902 48116
1253002 18341
1253102 56614
1253202 47229
1253302 59559
1253402 21120
1253502 28293
1253602 20818
1253702 42707
1253802 8429
1253902 58230
1254002 53579
1254102 63878
1254202 11218
1254302 59131
1254402 39841
1254502 37287
1254602 13938
1254702 47166
1254802 61369
1254902 21272
1255002 27094
1255102 59394
1255202 22736
1255302 13386
1255402 42140
1255502 10553
1255602 62556
1255702 47431
1255802 13657
1255902 39727
1256002 50371
1256102 11570
1256202 29760
1256302 19230
1256402 36008
1256502 21046
1256602 26965
1256702 64829
1256802 42889
1256902 7084
1257002 52036
1257102 36809
1257202 4171
1257302 62878
1257402 17552
1257502 2579
1257602 39008
1257702 33478
1257802 7601
1257902 57442
1258002 29365
1258102 17937
1258202 48567
1258302 40347
1258402 35699
1258502 10986
1258602 28524
1258702 61985
1258802 63282
1258902 20178
1259002 40918
1259102 13232
1259202 46283
1259302 53411
1259402 56383
1259502 19707
1259602 10696
1259702 57326
1259802 63870
1259902 54257
1260002 53090
1260102 62267
1260202 7888
1260302 31104
1260402 28516
1260502 48066
1260602 39224
1260702 43789
1260802 41104
1260902 10234
1261002 34495
1261102 54149
1261202 47246
1261302 32754
1261402 28898
1261502 64239
1261602 24639
1261702 62167
1261802 32031
1261902 20857
1262002 24218
1262102 61006
1262202 52147
1262302 6389
1262402 46067
1262502 26924
1262602 18885
1262702 4962
1262802 64802
1262902 63880
1263002 10890
1263102 20422
1263202 57581
1263302 31411
1263402 11660
1263502 9849
1263602 56960
1263702 60765
1263802 8552
1263902 21422
1264002 29386
1264102 33118
1264202 65349
1264302 45394
1264402 31423
1264502 46209
1264602 44541
1264702 35761
1264802 21707
1264902 30409
1265002 13911
1265102 11532
1265202 48654
1265302 2349
1265402 28518
1265502 21869
1265602 8014
1265702 14653
1265802 57680
1265902 21184
1266002 60416
1266102 30012
1266202 30552
1266302 61528
1266402 27232
1266502 53689
1266602 32180
1266702 14362
1266802 9015
1266902 42350
1267002 47646
1267102 48759
1267202 21910
1267302 8262
1267402 55683
1267502 2011
1267602 3543
1267702 12400
1267802 38941
1267902 47681
1268002 18798
1268102 52256
1268202 65225
1268302 1597
1268402 13952
1268502 28885
1268602 9454
1268702 43449
1268802 1232
1268902 53511
1269002 55155
1269102 18965
1269202 36737
1269302 5808
1269402 63491
1269502 35777
1269602 2550
1269702 40306
1269802 9127
1269902 4010
1270002 4146
1270102 59313
1270202 49576
1270302 6469
1270402 64129
1270502 3902
1270602 65071
1270702 18246
1270802 46686
1270902 30019
1271002 3396
1271102 62780
1271202 45692
1271302 57471
1271402 44618
1271502 48924
1271602 7759
1271702 38657
1271802 54914
1271902 62906
1272002 25952
1272102 31889
1272202 31192
1272302 27737
1272402 29748
1272502 15862
1272602 13995
1272702 36599
1272802 11762
1272902 52487
1273002 51786
1273102 34681
1273202 40015
1273302 37374
1273402 17640
1273502 61812
1273602 48556
1273702 38589
1273802 20164
1273902 64043
1274002 47270
1274102 54416
1274202 20355
1274302 63933
1274402 5135
1274502 32615
1274602 13707
1274702 4696
1274802 63197
1274902 40583
1275002 2635
1275102 46209
1275202 25740
1275302 53521
1275402 14727
1275502 23921
1275602 61225
1275702 46493
1275802 23341
1275902 48158
1276002 59041
1276102 21435
1276202 60606
1276302 20186
1276402 35305
1276502 53072
1276602 20340
1276702 9527
1276802 21992
1276902 25784
1277002 11402
1277102 5377
1277202 15145
1277302 42565
1277402 30948
1277502 2592
1277602 34656
1277702 43255
1277802 31256
1277902 44773
1278002 26503
1278102 10064
1278202 14261
1278302 18847
1278402 19608
1278502 13752
1278602 46945
1278702 32516
1278802 43006
1278902 52383
1279002 16276
1279102 13896
1279202 14294
1279302 11825
1279402 5222
1279502 44276
1279602 40871
1279702 36766
1279802 45151
1279902 42477
1280002 10250
1280102 43877
1280202 54020
1280302 19515
1280402 45505
1280502 22418
1280602 22880
1280702 64534
1280802 41525
1280902 14039
1281002 63665
1281102 63803
1281202 36679
1281302 32106
1281402 39508
1281502 42106
1281602 36638
1281702 38320
1281802 13523
1281902 27927
1282002 16959
1282102 64754
1282202 26717
1282302 20033
1282402 57319
1282502 40618
1282602 19544
1282702 51527
1282802 46981
1282902 45992
1283002 17451
1283102 59602
1283202 9757
1283302 65255
1283402 47713
1283502 60282
1283602 13763
1283702 35048
1283802 23737
1283902 43652
1284002 38053
1284102 50865
1284202 27940
1284302 57637
1284402 58015
1284502 34244
1284602 64265
1284702 48391
1284802 26908
1284902 62731
1285002 33372
1285102 385
1285202 15733
1285302 20286
1285402 25848
1285502 32607
1285602 1704
1285702 54965
1285802 58513
1285902 13091
1286002 28616
1286102 37290
1286202 50855
1286302 6308
1286402 18487
1286502 4228
1286602 64152
1286702 61025
1286802 43622
1286902 10095
1287002 34751
1287102 23384
1287202 47782
1287302 24352
1287402 64451
1287502 59611
1287602 47282
1287702 60609
1287802 22761
1287902 23284
1288002 26138
1288102 12313
1288202 18598
1288302 57661
1288402 64938
1288502 24323
1288602 31175
1288702 61806
1288802 46190
1288902 36884
1289002 63118
1289102 4804
1289202 8449
1289302 13771
1289402 14598
1289502 21503
1289602 37823
1289702 17105
1289802 22663
1289902 37798
1290002 4007
1290102 45263
1290202 33965
1290302 2751
1290402 38397
1290502 46772
1290602 28167
1290702 24843
1290802 34955
1290902 35042
1291002 29004
1291102 55196
1291202 5017
1291302 63272
1291402 61654
1291502 30340
1291602 50695
1291702 8931
1291802 43865
1291902 16902
1292002 19820
1292102 28347
1292202 59513
1292302 35685
1292402 26036
1292502 9937
1292602 61304
1292702 48259
1292802 56134
1292902 55589
1293002 32683
1293102 21686
1293202 12585
1293302 9921
1293402 12022
1293502 62078
1293602 31420
1293702 39991
1293802 47195
1293902 44524
1294002 16729
1294102 41773
1294202 37307
1294302 57708
1294402 11977
1294502 57434
1294602 19783
1294702 8896
1294802 45731
1294902 2965
1295002 25590
1295102 42246
1295202 26187
1295302 17067
1295402 33760
1295502 25305
1295602 24247
1295702 48736
1295802 42588
1295902 28036
1296002 44933
1296102 21335
1296202 42785
1296302 7595
1296402 55961
1296502 18406
1296602 1014
1296702 12225
1296802 26710
1296902 14050
1297002 55667
1297102 37075
1297202 30220
1297302 52861
1297402 10309
1297502 17714
1297602 28798
1297702 52233
1297802 17215
1297902 2711
1298002 44769
1298102 3510
1298202 10267
1298302 51665
1298402 50238
1298502 12790
1298602 24021
1298702 63579
1298802 16477
1298902 31678
1299002 46808
1299102 31097
1299202 50790
1299302 61685
1299402 23981
1299502 61606
1299602 53532
1299702 47633
1299802 17957
1299902 34755
1300002 64201
1300102 9949
1300202 49617
1300302 57124
1300402 54652
1300502 9081
1300602 24903
1300702 41130
1300802 4914
1300902 39228
1301002 26860
1301102 4582
1301202 53652
1301302 58787
1301402 5623
1301502 9290
1301602 34216
1301702 22578
1301802 62586
1301902 2763
1302002 48040
1302102 63119
1302202 64136
1302302 48626
1302402 63650
1302502 53289
1302602 64859
1302702 50531
1302802 54533
1302902 47703
1303002 10459
1303102 37227
1303202 51814
1303302 22712
1303402 32603
1303502 42258
1303602 41306
1303702 63521
1303802 8049
1303902 38987
1304002 54013
1304102 55347
1304202 27010
1304302 39567
1304402 51109
1304502 36070
1304602 13957
1304702 5900
1304802 8096
1304902 54283
1305002 49271
1305102 46987
1305202 47725
1305302 40695
1305402 57076
1305502 28077
1305602 50535
1305702 24700
1305802 52972
1305902 40358
1306002 3269
1306102 64772
1306202 45721
1306302 40390
1306402 31661
1306502 52009
1306602 5153
1306702 6197
1306802 31252
1306902 29102
1307002 41896
1307102 41832
1307202 11809
1307302 47340
1307402 8176
1307502 51896
1307602 51982
1307702 9852
1307802 59886
1307902 5330
1308002 56439
1308102 25724
1308202 50110
1308302 41953
1308402 62278
1308502 54443
1308602 12143
1308702 21709
1308802 45174
1308902 6597
1309002 23546
1309102 8432
1309202 29806
1309302 46818
1309402 41759
1309502 8601
1309602 56388
1309702 15597
1309802 12
1309902 56345
1310002 1940
1310102 8106
1310202 26602
1310302 36019
1310402 15773
1310502 1731
1310602 22044
1310702 15678
1310802 62127
1310902 26262
1311002 60706
1311102 33013
1311202 36148
1311302 9537
1311402 58977
1311502 43657
1311602 59642
1311702 8021
1311802 37128
1311902 8491
1312002 16962
1312102 7769
1312202 18031
1312302 358
1312402 11474
1312502 19517
1312602 18895
1312702 56831
1312802 22085
1312902 38363
1313002 20934
1313102 40793
1313202 12896
1313302 58157
1313402 58409
1313502 46752
1313602 28047
1313702 40344
1313802 60616
1313902 11069
1314002 14064
1314102 57162
1314202 17754
1314302 17573
1314402 16702
1314502 39
1314602 40054
1314702 59393
1314802 2581
1314902 16866
1315002 52223
1315102 14899
1315202 47090
1315302 29698
1315402 26390
1315502 60830
1315602 20164
1315702 37279
1315802 55079
1315902 18726
1316002 47185
1316102 24093
1316202 7900
1316302 45099
1316402 32205
1316502 44973
1316602 11528
1316702 61248
1316802 42676
1316902 41238
1317002 15705
1317102 7933
1317202 43210
1317302 33117
1317402 50467
1317502 55317
1317602 20944
1317702 18037
1317802 64833
1317902 53471
1318002 25401
1318102 54503
1318202 62236
1318302 12306
1318402 59374
1318502 18698
1318602 39685
1318702 29864
1318802 11918
1318902 51698
1319002 12177
1319102 24653
1319202 18085
1319302 50867
1319402 34097
1319502 64147
1319602 63982
1319702 35521
1319802 37683
1319902 20457
1320002 48331
1320102 38421
1320202 25791
1320302 63931
1320402 34803
1320502 55863
1320602 13884
1320702 27305
1320802 15980
1320902 36380
1321002 53958
1321102 368
1321202 62342
1321302 58644
1321402 16338
1321502 9314
1321602 477
1321702 25406
1321802 5176
1321902 59709
1322002 47019
1322102 62127
1322202 11256
1322302 1695
1322402 11259
1322502 52824
1322602 61916
1322702 13780
1322802 24964
1322902 14583
1323002 21211
1323102 52621
1323202 7062
1323302 37232
1323402 31573
1323502 8390
1323602 19361
1323702 47684
1323802 30450
1323902 13903
1324002 16533
1324102 36129
1324202 11282
1324302 24645
1324402 25616
1324502 8103
1324602 58239
1324702 923
1324802 36262
1324902 47805
1325002 49817
1325102 31404
1325202 52791
1325302 61123
1325402 5247
1325502 15119
1325602 21812
1325702 37088
1325802 63679
1325902 8867
1326002 55211
1326102 15779
1326202 51155
1326302 12
1326402 54080
1326502 42013
1326602 64049
1326702 13736
1326802 61345
1326902 11867
1327002 6340
1327102 26582
1327202 65179
1327302 1630
1327402 64419
1327502 6875
1327602 45333
1327702 52488
1327802 21572
1327902 56147
1328002 57213
1328102 54824
1328202 26194
1328302 28070
1328402 59817
1328502 64296
1328602 56570
1328702 64022
1328802 64658
1328902 57437
1329002 11283
1329102 19009
1329202 39167
1329302 22265
1329402 53312
1329502 7649
1329602 43948
1329702 51198
1329802 18532
1329902 16278
1330002 62349
1330102 41011
1330202 5905
1330302 9244
1330402 6192
1330502 40583
1330602 39874
1330702 48404
1330802 63588
1330902 806
1331002 6569
1331102 54236
1331202 16052
1331302 57286
1331402 29257
1331502 60136
1331602 19451
1331702 62996
1331802 31892
1331902 14851
1332002 62343
1332102 24400
1332202 48148
1332302 46806
1332402 39653
1332502 37555
1332602 1473
1332702 54800
1332802 28301
1332902 24784
1333002 44761
1333102 9544
1333202 36164
1333302 21306
1333402 24237
1333502 59676
1333602 44799
1333702 15908
1333802 19980
1333902 4945
1334002 29286
1334102 62833
1334202 63633
1334302 42859
1334402 61084
1334502 17335
1334602 52920
1334702 44389
1334802 16267
1334902 4503
1335002 60577
1335102 55180
1335202 20926
1335302 46953
1335402 10597
1335502 64446
1335602 58981
1335702 1670
1335802 41658
1335902 15720
1336002 19736
1336102 30204
1336202 42309
1336302 43544
1336402 19501
1336502 27810
1336602 49247
1336702 41545
1336802 7772
1336902 42225
1337002 37554
1337102 64552
1337202 7643
1337302 50079
1337402 10401
1337502 53495
1337602 57641
1337702 1973
1337802 36559
1337902 43427
1338002 38620
1338102 43927
1338202 34099
1338302 39458
1338402 17897
1338502 6077
1338602 12596
1338702 22524
1338802 24452
1338902 21555
1339002 56427
1339102 25101
1339202 56137
1339302 10382
1339402 58186
1339502 50415
1339602 20170
1339702 59482
1339802 64390
1339902 10096
1340002 58085
1340102 55199
1340202 42450
1340302 4028
1340402 43472
1340502 59359
1340602 35108
1340702 28807
1340802 377
1340902 53212
1341002 27022
1341102 63172
1341202 684
1341302 25322
1341402 11569
1341502 52497
1341602 57844
1341702 3892
1341802 21381
1341902 49595
1342002 6917
1342102 51324
1342202 40376
1342302 49736
1342402 37543
1342502 57588
1342602 27717
1342702 6193
1342802 30063
1342902 64726
1343002 50999
1343102 38421
1343202 624
1343302 43710
1343402 61207
1343502 1083
1343602 17993
1343702 25768
1343802 56654
1343902 62833
1344002 14169
1344102 25223
1344202 51135
1344302 17085
1344402 28890
1344502 61759
1344602 6104
1344702 15113
1344802 32424
1344902 7980
1345002 41121
1345102 11700
1345202 15625
1345302 35696
1345402 58751
1345502 23345
1345602 56841
1345702 58215
1345802 42652
1345902 45093
1346002 65244
1346102 19204
1346202 64538
1346302 14380
1346402 49871
1346502 6626
1346602 43560
1346702 40227
1346802 32634
1346902 13638
1347002 4290
1347102 31254
1347202 41495
1347302 17119
1347402 64041
1347502 36844
1347602 6682
1347702 17585
1347802 48895
1347902 52782
1348002 57040
1348102 5069
1348202 27012
1348302 50448
1348402 30422
1348502 26322
1348602 53351
1348702 16677
1348802 48999
1348902 19735
1349002 29926
1349102 45032
1349202 46012
1349302 23550
1349402 27993
1349502 1985
1349602 43998
1349702 58471
1349802 56711
1349902 30820
1350002 49326
1350102 61062
1350202 38448
1350302 4295
1350402 42761
1350502 12823
1350602 2462
1350702 22387
1350802 35830
1350902 49017
1351002 34254
1351102 19459
1351202 41597
1351302 28956
1351402 36569
1351502 20090
1351602 26175
1351702 27477
1351802 23278
1351902 15078
1352002 38939
1352102 40643
1352202 25376
1352302 56940
1352402 20761
1352502 6312
1352602 52754
1352702 7405
1352802 27870
1352902 21754
1353002 36169
1353102 65057
1353202 56743
1353302 57101
1353402 49150
1353502 63050
1353602 47510
1353702 46030
1353802 51557
1353902 6134
1354002 16721
1354102 6078
1354202 61735
1354302 58884
1354402 42033
1354502 7491
1354602 29370
1354702 55478
1354802 5214
1354902 8471
1355002 8699
1355102 25334
1355202 25086
1355302 51547
1355402 6558
1355502 23551
1355602 6458
1355702 52749
1355802 42880
1355902 3915
1356002 7830
1356102 43793
1356202 38145
1356302 46724
1356402 29806
1356502 13063
1356602 23631
1356702 7317
1356802 27992
1356902 19223
1357002 9377
1357102 46100
1357202 2637
1357302 62220
1357402 43982
1357502 330
1357602 57067
1357702 41512
1357802 15971
1357902 30462
1358002 52530
1358102 61950
1358202 48016
1358302 64676
1358402 30300
1358502 52062
1358602 33049
1358702 33256
1358802 16879
1358902 57449
1359002 36775
1359102 39446
1359202 25776
1359302 56101
1359402 6535
1359502 61554
1359602 24300
1359702 18782
1359802 59911
1359902 36098
1360002 39830
1360102 64319
1360202 11768
1360302 55931
1360402 26341
1360502 44781
1360602 54173
1360702 7112
1360802 21691
1360902 64513
1361002 24658
1361102 27434
1361202 48184
1361302 3758
1361402 43253
1361502 23718
1361602 65378
1361702 57603
1361802 7027
1361902 64449
1362002 53618
1362102 19780
1362202 18705
1362302 34749
1362402 64811
1362502 50089
1362602 25260
1362702 41797
1362802 14336
1362902 48792
1363002 3795
1363102 33386
1363202 61724
1363302 47844
1363402 16793
1363502 63561
1363602 45142
1363702 44951
1363802 5941
1363902 46467
1364002 4115
1364102 49313
1364202 6886
1364302 6993
1364402 60927
1364502 7825
1364602 33025
1364702 58080
1364802 64263
1364902 530
1365002 15911
1365102 34676
1365202 4729
1365302 51301
1365402 30656
1365502 5621
1365602 9099
1365702 3912
1365802 3266
1365902 5771
1366002 51296
1366102 11240
1366202 61074
1366302 27708
1366402 9309
1366502 60639
1366602 31489
1366702 26005
1366802 38355
1366902 40002
1367002 48753
1367102 59671
1367202 59372
1367302 44905
1367402 63279
1367502 54377
1367602 18018
1367702 43676
1367802 21887
1367902 31351
1368002 14869
1368102 36002
1368202 49551
1368302 55733
1368402 59610
1368502 33489
1368602 1757
1368702 21954
1368802 61661
1368902 52748
1369002 44746
1369102 23751
1369202 20167
1369302 63341
1369402 61636
1369502 45617
1369602 62237
1369702 57497
1369802 40723
1369902 55430
1370002 4784
1370102 22496
1370202 25253
1370302 24777
1370402 33393
1370502 6564
1370602 45136
1370702 52700
1370802 14606
1370902 26575
1371002 9212
1371102 25517
1371202 13801
1371302 24452
1371402 36456
1371502 14113
1371602 47753
1371702 46228
1371802 37500
1371902 19694
1372002 455
1372102 20279
1372202 383
1372302 504
1372402 55977
1372502 20149
1372602 55196
1372702 52175
1372802 52577
1372902 30359
1373002 56318
1373102 46748
1373202 7066
1373302 56170
1373402 57327
1373502 124
1373602 5713
1373702 24161
1373802 9623
1373902 39973
1374002 65173
1374102 2001
1374202 17634
1374302 24453
1374402 51891
1374502 2763
1374602 10912
1374702 36500
1374802 34568
1374902 5050
1375002 20038
1375102 15472
1375202 22000
1375302 1112
1375402 9103
1375502 18446
1375602 11316
1375702 44842
1375802 54032
1375902 62369
1376002 54115
1376102 16538
1376202 29466
1376302 11513
1376402 35649
1376502 3963
1376602 6923
1376702 4788
1376802 14824
1376902 8756
1377002 25373
1377102 58683
1377202 51729
1377302 11988
1377402 1339
1377502 27552
1377602 15546
1377702 20053
1377802 34066
1377902 34352
1378002 24666
1378102 34752
1378202 39740
1378302 39451
1378402 46940
1378502 25146
1378602 5854
1378702 8425
1378802 3470
1378902 11245
1379002 54688
1379102 27648
1379202 4677
1379302 15440
1379402 4095
1379502 7390
1379602 19517
1379702 51773
1379802 16015
1379902 47035
1380002 56578
1380102 4789
1380202 26153
1380302 44811
1380402 52284
1380502 12637
1380602 60075
1380702 24098
1380802 47636
1380902 35127
1381002 52262
1381102 5545
1381202 23531
1381302 18407
1381402 58966
1381502 31302
1381602 35053
1381702 37210
1381802 460
1381902 48059
1382002 50207
1382102 34605
1382202 27731
1382302 46252
1382402 37938
1382502 12465
1382602 17713
1382702 13243
1382802 24590
1382902 41868
1383002 10138
1383102 2719
1383202 34601
1383302 50945
1383402 28892
1383502 57737
1383602 22231
1383702 15630
1383802 5611
1383902 2155
1384002 48081
1384102 24140
1384202 301
1384302 6287
1384402 9775
1384502 14757
1384602 59992
1384702 47117
1384802 22736
1384902 4657
1385002 17462
1385102 10248
1385202 10714
1385302 43329
1385402 58636
1385502 54749
1385602 12480
1385702 36734
1385802 49872
1385902 36280
1386002 58091
1386102 11916
1386202 46633
1386302 30161
1386402 42372
1386502 35221
1386602 38761
1386702 16077
1386802 5513
1386902 7898
1387002 14341
1387102 52092
1387202 33129
1387302 36468
1387402 32734
1387502 38838
1387602 64265
1387702 38215
1387802 52813
1387902 53205
1388002 39684
1388102 29023
1388202 24609
1388302 24468
1388402 46619
1388502 50164
1388602 15393
1388702 8384
1388802 12391
1388902 10164
1389002 55290
1389102 53446
1389202 55145
1389302 20376
1389402 7169
1389502 53499
1389602 46975
1389702 55922
1389802 30806
1389902 31336
1390002 29274
1390102 30633
1390202 37086
1390302 19058
1390402 22994
1390502 42953
1390602 22445
1390702 20924
1390802 5826
1390902 25188
1391002 28887
1391102 39900
1391202 42617
1391302 37618
1391402 21687
1391502 49217
1391602 12979
1391702 43770
1391802 38415
1391902 45932
1392002 34807
1392102 43694
1392202 63138
1392302 50813
1392402 64895
1392502 64550
1392602 11212
1392702 29851
1392802 54930
1392902 59871
1393002 9877
1393102 5466
1393202 49454
1393302 3408
1393402 16400
1393502 34078
1393602 17187
1393702 29991
1393802 14936
1393902 8970
1394002 27366
1394102 5742
1394202 65532
1394302 33607
1394402 756
1394502 33047
1394602 51770
1394702 45146
1394802 7502
1394902 54915
1395002 30912
1395102 48796
1395202 9283
1395302 20995
1395402 44298
1395502 29564
1395602 8943
1395702 57978
1395802 4234
1395902 46048
1396002 18193
1396102 27984
1396202 14584
1396302 47489
1396402 32883
1396502 25391
1396602 23519
1396702 31097
1396802 29643
1396902 3495
1397002 46683
1397102 25880
1397202 11028
1397302 23098
1397402 2531
1397502 46210
1397602 674
1397702 44861
1397802 55294
1397902 64800
1398002 8399
1398102 19986
1398202 41734
1398302 42122
1398402 32462
1398502 19810
1398602 27122
1398702 28349
1398802 25369
1398902 25702
1399002 16818
1399102 21580
1399202 30726
1399302 12214
1399402 59043
1399502 53520
1399602 50646
1399702 42706
1399802 50514
1399902 48456
1400002 64936
1400102 52204
1400202 25680
1400302 56672
1400402 48809
1400502 24847
1400602 3180
1400702 58943
1400802 19684
1400902 22880
1401002 45437
1401102 54230
1401202 39976
1401302 47983
1401402 61840
1401502 5455
1401602 1642
1401702 56234
1401802 61026
1401902 47101
1402002 51768
1402102 63570
1402202 45693
1402302 2928
1402402 15844
1402502 44837
1402602 54032
1402702 4654
1402802 43185
1402902 23317
1403002 54715
1403102 10620
1403202 22839
1403302 9272
1403402 58974
1403502 61502
1403602 26659
1403702 16889
1403802 16681
1403902 42402
1404002 5183
1404102 46924
1404202 3740
1404302 6523
1404402 9840
1404502 12111
1404602 14390
1404702 40939
1404802 41142
1404902 47507
1405002 25564
1405102 40372
1405202 44549
1405302 45549
1405402 43671
1405502 9568
1405602 44647
1405702 59007
1405802 28505
1405902 12684
1406002 7051
1406102 58699
1406202 20509
1406302 21210
1406402 21183
1406502 20265
1406602 16085
1406702 9734
1406802 24451
1406902 8418
1407002 3135
1407102 17395
1407202 1858
1407302 30194
1407402 28041
1407502 18716
1407602 2961
1407702 16732
1407802 32907
1407902 51618
1408002 42886
1408102 42419
1408202 3455
1408302 15930
1408402 38064
1408502 52289
1408602 59978
1408702 54164
1408802 39929
1408902 41743
1409002 54510
1409102 29329
1409202 2432
1409302 54226
1409402 15796
1409502 70
1409602 31842
1409702 18308
1409802 52993
1409902 28427
1410002 26160
1410102 60463
1410202 22407
1410302 45718
1410402 33000
1410502 40206
1410602 3434
1410702 41025
1410802 20050
1410902 5713
1411002 48813
1411102 32576
1411202 23024
1411302 38344
1411402 6554
1411502 20172
1411602 63988
1411702 1668
1411802 5748
1411902 21597
1412002 30270
1412102 36256
1412202 13294
1412302 59763
1412402 44774
1412502 62531
1412602 58468
1412702 816
1412802 14839
1412902 45748
1413002 9792
1413102 50122
1413202 61195
1413302 51767
1413402 6781
1413502 19952
1413602 63248
1413702 19335
1413802 22514
1413902 49706
1414002 61674
1414102 39171
1414202 27671
1414302 26251
1414402 24390
1414502 61415
1414602 49392
1414702 10474
1414802 5875
1414902 511
1415002 5313
1415102 47250
1415202 47252
1415302 14879
1415402 26848
1415502 17749
1415602 50219
1415702 61153
1415802 32350
1415902 60459
1416002 29127
1416102 35597
1416202 65039
1416302 47038
1416402 58317
1416502 10345
1416602 31627
1416702 30701
1416802 8472
1416902 30461
1417002 61184
1417102 43773
1417202 18206
1417302 32020
1417402 13897
1417502 20438
1417602 36558
1417702 2838
1417802 59779
1417902 19519
1418002 10065
1418102 25303
1418202 53367
1418302 7468
1418402 53005
1418502 17244
1418602 18956
1418702 12319
1418802 16167
1418902 24522
1419002 28083
1419102 28453
1419202 8814
1419302 6417
1419402 39619
1419502 56954
1419602 45795
1419702 57821
1419802 29104
1419902 16769
1420002 61520
1420102 33814
1420202 46223
1420302 61956
1420402 64490
1420502 2481
1420602 37591
1420702 62928
1420802 11280
1420902 21214
1421002 16409
1421102 50534
1421202 13303
1421302 156
1421402 52870
1421502 63888
1421602 47694
1421702 60322
1421802 58182
1421902 62586
1422002 51575
1422102 50454
1422202 34756
1422302 60611
1422402 31281
1422502 13848
1422602 60828
1422702 59566
1422802 30894
1422902 1680
1423002 22760
1423102 45401
1423202 37701
1423302 20385
1423402 36700
1423502 15979
1423602 24813
1423702 63407
1423802 62068
1423902 46251
1424002 48915
1424102 35393
1424202 18466
1424302 51463
1424402 32252
1424502 18938
1424602 37063
1424702 37501
1424802 30342
1424902 50370
1425002 6087
1425102 21246
1425202 48478
1425302 37300
1425402 23441
1425502 52582
1425602 11630
1425702 41374
1425802 36197
1425902 5805
1426002 3180
1426102 20699
1426202 43799
1426302 26361
1426402 50711
1426502 16460
1426602 32900
1426702 18689
1426802 30563
1426902 1413
1427002 58740
1427102 8324
1427202 62347
1427302 24799
1427402 40168
1427502 50960
1427602 32147
1427702 22220
1427802 18228
1427902 26478
1428002 17585
1428102 32718
1428202 39032
1428302 63932
1428402 61207
1428502 46988
1428602 5664
1428702 37330
1428802 1172
1428902 42406
1429002 42663
1429102 22393
1429202 31398
1429302 6509
1429402 11661
1429502 46628
1429602 42423
1429702 42455
1429802 40307
1429902 36967
1430002 19332
1430102 46316
1430202 3379
1430302 5150
1430402 62942
1430502 29801
1430602 60294
1430702 52616
1430802 55119
1430902 22086
1431002 5940
1431102 34054
1431202 26990
1431302 10327
1431402 18822
1431502 53215
1431602 22185
1431702 12034
1431802 53743
1431902 10574
1432002 20265
1432102 17288
1432202 38429
1432302 42842
1432402 19689
1432502 59758
1432602 2492
1432702 59957
1432802 33806
1432902 27716
1433002 9094
1433102 22400
1433202 29327
1433302 279
1433402 47097
1433502 43734
1433602 55170
1433702 42274
1433802 54783
1433902 17000
1434002 8410
1434102 26383
1434202 9980
1434302 46977
1434402 36687
1434502 31734
1434602 61899
1434702 30345
1434802 51886
1434902 38381
1435002 45800
1435102 13816
1435202 52117
1435302 17095
1435402 48673
1435502 64235
1435602 57964
1435702 9185
1435802 31640
1435902 26176
1436002 32256
1436102 17118
1436202 40598
1436302 6026
1436402 12784
1436502 28395
1436602 15427
1436702 23645
1436802 3334
1436902 53545
1437002 3506
1437102 52454
1437202 49322
1437302 29114
1437402 11675
1437502 45009
1437602 40611
1437702 29548
1437802 61496
1437902 7181
1438002 16817
1438102 57124
1438202 46699
1438302 26465
1438402 33848
1438502 47228
1438602 13975
1438702 54021
1438802 6936
1438902 12636
1439002 28411
1439102 25101
1439202 20266
1439302 6714
1439402 30786
1439502 47641
1439602 15469
1439702 28886
1439802 59183
1439902 37001
1440002 35338
1440102 53097
1440202 27681
1440302 11015
1440402 2218
1440502 47109
1440602 5547
1440702 33075
1440802 16787
1440902 45925
1441002 31422
1441102 16582
1441202 30998
1441302 45992
1441402 56956
1441502 32734
1441602 44013
1441702 42972
1441802 3188
1441902 26293
1442002 31460
1442102 30456
1442202 39656
1442302 31955
1442402 14880
1442502 10055
1442602 51136
1442702 21598
1442802 17438
1442902 5982
1443002 26485
1443102 64305
1443202 47889
1443302 1132
1443402 59035
1443502 8762
1443602 30498
1443702 14740
1443802 38605
1443902 11438
1444002 60196
1444102 21010
1444202 43002
1444302 54734
1444402 40397
1444502 43493
1444602 25845
1444702 21674
1444802 10385
1444902 65498
1445002 33694
1445102 49727
1445202 24724
1445302 48762
1445402 24072
1445502 37560
1445602 5965
1445702 35274
1445802 19456
1445902 50523
1446002 9734
1446102 63190
1446202 49591
1446302 10979
1446402 20114
1446502 18491
1446602 25324
1446702 4359
1446802 34873
1446902 20441
1447002 43961
1447102 41662
1447202 45946
1447302 56854
1447402 10793
1447502 30577
1447602 40808
1447702 11493
1447802 52105
1447902 19447
1448002 21205
1448102 43003
1448202 27334
1448302 21418
1448402 10055
1448502 25311
1448602 1650
1448702 49520
1448802 7704
1448902 52936
1449002 28345
1449102 17245
1449202 65177
1449302 1246
1449402 35872
1449502 30403
1449602 18940
1449702 46475
1449802 44557
1449902 5831
1450002 7438
1450102 2386
1450202 47407
1450302 57114
1450402 54472
1450502 51613
1450602 2878
1450702 48036
1450802 4972
1450902 14613
1451002 65310
1451102 11735
1451202 5479
1451302 53834
1451402 31840
1451502 58479
1451602 36419
1451702 10897
1451802 41317
1451902 38812
1452002 23725
1452102 24652
1452202 46253
1452302 51281
1452402 50213
1452502 28605
1452602 34358
1452702 36357
1452802 49286
1452902 23659
1453002 17765
1453102 33659
1453202 27257
1453302 46293
1453402 23905
1453502 8536
1453602 11381
1453702 52819
1453802 55440
1453902 21094
1454002 20112
1454102 16506
1454202 34800
1454302 18448
1454402 61782
1454502 52082
1454602 29249
1454702 32699
1454802 62451
1454902 11656
1455002 63808
1455102 41205
1455202 6650
1455302 24528
1455402 5534
1455502 26852
1455602 33793
1455702 43431
1455802 48119
1455902 40103
1456002 17097
1456102 1690
1456202 16114
1456302 40428
1456402 10865
1456502 35334
1456602 49494
1456702 18073
1456802 22330
1456902 20547
1457002 5532
1457102 30459
1457202 28951
1457302 23221
1457402 38288
1457502 20391
1457602 41621
1457702 20480
1457802 37213
1457902 59948
1458002 15721
1458102 14059
1458202 46727
1458302 64981
1458402 12777
1458502 1510
1458602 47837
1458702 55087
1458802 7928
1458902 35528
1459002 50342
1459102 41680
1459202 51829
1459302 16759
1459402 3974
1459502 15049
1459602 62382
1459702 23799
1459802 9542
1459902 45529
1460002 25741
1460102 18957
1460202 64114
1460302 29806
1460402 59885
1460502 12441
1460602 11361
1460702 52515
1460802 27402
1460902 14298
1461002 44310
1461102 36846
1461202 4818
1461302 46669
1461402 50887
1461502 34604
1461602 32792
1461702 28684
1461802 53743
1461902 40464
1462002 15500
1462102 27277
1462202 52930
1462302 32153
1462402 1766
1462502 15849
1462602 51209
1462702 47683
1462802 8218
1462902 3478
1463002 40266
1463102 31342
1463202 987
1463302 26338
1463402 29472
1463502 28025
1463602 38333
1463702 56877
1463802 55331
1463902 51045
1464002 26731
1464102 18101
1464202 10585
1464302 827
1464402 28043
1464502 62647
1464602 12393
1464702 57732
1464802 58028
1464902 58176
1465002 40653
1465102 4902
1465202 37076
1465302 19620
1465402 14251
1465502 8178
1465602 17022
1465702 63705
1465802 59061
1465902 36749
1466002 37186
1466102 24207
1466202 90
1466302 34916
1466402 696
1466502 8014
1466602 27224
1466702 56456
1466802 20362
1466902 58
1467002 36685
1467102 65517
1467202 13777
1467302 58014
1467402 12092
1467502 50637
1467602 17060
1467702 2417
1467802 17583
1467902 42993
1468002 29439
1468102 2064
1468202 34491
1468302 19274
1468402 40772
1468502 4285
1468602 59909
1468702 22570
1468802 26457
1468902 44528
1469002 6351
1469102 165
1469202 26484
1469302 62277
1469402 51179
1469502 25179
1469602 25990
1469702 24765
1469802 39471
1469902 26205
1470002 61088
1470102 634
1470202 44329
1470302 11914
1470402 17432
1470502 61688
1470602 52038
1470702 10045
1470802 8667
1470902 31265
1471002 1295
1471102 36370
1471202 23484
1471302 11561
1471402 56664
1471502 27555
1471602 51384
1471702 33168
1471802 10138
1471902 51403
1472002 30297
1472102 15964
1472202 40004
1472302 62908
1472402 11170
1472502 54415
1472602 56079
1472702 48473
1472802 64933
1472902 25648
1473002 55600
1473102 43741
1473202 12261
1473302 48687
1473402 50930
1473502 46461
1473602 59416
1473702 33630
1473802 32893
1473902 56723
1474002 51996
1474102 54672
1474202 682
1474302 45588
1474402 53475
1474502 15249
1474602 64339
1474702 27924
1474802 13171
1474902 16172
1475002 6747
1475102 25057
1475202 28300
1475302 59457
1475402 42120
1475502 61525
1475602 62577
1475702 53557
1475802 59733
1475902 49977
1476002 64510
1476102 39525
1476202 39842
1476302 37023
1476402 50568
1476502 45819
1476602 14440
1476702 19015
1476802 55043
1476902 62879
1477002 33723
1477102 11307
1477202 14148
1477302 48186
1477402 64259
1477502 51315
1477602 10476
1477702 38401
1477802 2023
1477902 27575
1478002 48644
1478102 39790
1478202 51640
1478302 26974
1478402 55514
1478502 41360
1478602 25948
1478702 7021
1478802 22513
1478902 32988
1479002 63261
1479102 30483
1479202 23723
1479302 31064
1479402 18969
1479502 26541
1479602 2466
1479702 5593
1479802 10750
1479902 47822
1480002 25364
1480102 38080
1480202 45466
1480302 12101
1480402 40461
1480502 61590
1480602 36663
1480702 6435
1480802 4262
1480902 27927
1481002 13470
1481102 27555
1481202 61495
1481302 17201
1481402 26287
1481502 61028
1481602 49166
1481702 10177
1481802 51991
1481902 46806
1482002 22736
1482102 40933
1482202 3364
1482302 9487
1482402 3038
1482502 17891
1482602 18763
1482702 15443
1482802 57142
1482902 42233
1483002 13518
1483102 43281
1483202 45782
1483302 24846
1483402 52350
1483502 54239
1483602 51763
1483702 64361
1483802 32433
1483902 21856
1484002 3437
1484102 21681
1484202 28776
1484302 27729
1484402 12774
1484502 65437
1484602 28271
1484702 14518
1484802 30173
1484902 64080
1485002 46557
1485102 50676
1485202 30082
1485302 28413
1485402 25586
1485502 35262
1485602 22401
1485702 57291
1485802 11657
1485902 35211
1486002 3987
1486102 54794
1486202 21818
1486302 29667
1486402 58681
1486502 29587
1486602 63796
1486702 45993
1486802 24640
1486902 17812
1487002 19243
1487102 51736
1487202 33157
1487302 49367
1487402 49534
1487502 46594
1487602 6967
1487702 26832
1487802 347
1487902 7334
1488002 8732
1488102 16616
1488202 18366
1488302 55216
1488402 40021
1488502 60575
1488602 37158
1488702 58454
1488802 27800
1488902 40181
1489002 12985
1489102 34570
1489202 33673
1489302 31576
1489402 5925
1489502 45370
1489602 4943
1489702 56632
1489802 6703
1489902 2619
1490002 58496
1490102 56865
1490202 12573
1490302 47581
1490402 25984
1490502 30788
1490602 36615
1490702 22660
1490802 47040
1490902 58164
1491002 63584
1491102 11325
1491202 54552
1491302 16320
1491402 47771
1491502 53350
1491602 60831
1491702 21616
1491802 47336
1491902 40674
1492002 16707
1492102 17117
1492202 1035
1492302 31738
1492402 13905
1492502 51496
1492602 13473
1492702 62519
1492802 59467
1492902 17910
1493002 6814
1493102 49065
1493202 8572
1493302 17044
1493402 21129
1493502 24927
1493602 63963
1493702 26859
1493802 21792
1493902 27053
1494002 24580
1494102 57975
1494202 18345
1494302 4006
1494402 37556
1494502 18376
1494602 38989
1494702 17443
1494802 49502
1494902 45676
1495002 27821
1495102 54352
1495202 21481
1495302 37006
1495402 48452
1495502 32172
1495602 21175
1495702 37034
1495802 5736
1495902 53941
1496002 19490
1496102 4658
1496202 697
1496302 17151
1496402 10295
1496502 6409
1496602 38320
1496702 19318
1496802 50022
1496902 19432
1497002 50194
1497102 21082
1497202 40927
1497302 11820
1497402 36423
1497502 26670
1497602 5106
1497702 47594
1497802 30459
1497902 59166
1498002 15188
1498102 43360
1498202 52839
1498302 17242
1498402 25607
1498502 11086
1498602 10830
1498702 39349
1498802 23532
1498902 16867
1499002 7651
1499102 13917
1499202 14054
1499302 60257
1499402 64320
1499502 10647
1499602 47882
1499702 35156
1499802 17449
1499902 46170
1500002 60833
1500102 500
1500202 39311
1500302 23435
1500402 33652
1500502 59585
1500602 12842
1500702 62446
1500802 23654
1500902 46272
1501002 41795
1501102 23950
1501202 8951
1501302 65425
1501402 6379
1501502 65490
1501602 40615
1501702 40822
1501802 54473
1501902 1909
1502002 59494
1502102 42589
1502202 401
1502302 39023
1502402 39012
1502502 47299
1502602 29992
1502702 59561
1502802 49723
1502902 33418
1503002 4363
1503102 282
1503202 62297
1503302 55975
1503402 56848
1503502 6745
1503602 17363
1503702 16601
1503802 17679
1503902 5296
1504002 54722
1504102 4025
1504202 22262
1504302 76
1504402 56817
1504502 51545
1504602 8264
1504702 11491
1504802 2286
1504902 50582
1505002 27536
1505102 27146
1505202 16125
1505302 7028
1505402 24707
1505502 39092
1505602 61590
1505702 30283
1505802 13031
1505902 10167
1506002 52201
1506102 46846
1506202 14933
1506302 33004
1506402 65534
1506502 56465
1506602 47239
1506702 8636
1506802 14538
1506902 3607
1507002 27243
1507102 56629
1507202 29019
1507302 58647
1507402 30240
1507502 31295
1507602 38068
1507702 568
1507802 22693
1507902 54219
1508002 19601
1508102 2701
1508202 22397
1508302 30951
1508402 38204
1508502 56617
1508602 48857
1508702 15261
1508802 47780
1508902 53143
1509002 16951
1509102 53160
1509202 1850
1509302 16637
1509402 7214
1509502 19815
1509602 49852
1509702 18157
1509802 36942
1509902 43426
1510002 56843
1510102 3415
1510202 41891
1510302 56271
1510402 38530
1510502 24032
1510602 11002
1510702 20092
1510802 11587
1510902 31952
1511002 8487
1511102 61296
1511202 23573
1511302 10851
1511402 204
1511502 58408
1511602 25879
1511702 14812
1511802 44629
1511902 49523
1512002 20071
1512102 45590
1512202 33409
1512302 7055
1512402 57975
1512502 47705
1512602 52816
1512702 13864
1512802 30185
1512902 29984
1513002 12897
1513102 60870
1513202 7911
1513302 50957
1513402 4259
1513502 46240
1513602 46015
1513702 18623
1513802 35001
1513902 52879
1514002 4783
1514102 48412
1514202 33599
1514302 49571
1514402 57975
1514502 19430
1514602 20563
1514702 2806
1514802 44448
1514902 15579
1515002 38860
1515102 45073
1515202 59136
1515302 39616
1515402 39474
1515502 37042
1515602 44543
1515702 28668
1515802 50000
1515902 24592
1516002 31195
1516102 18492
1516202 64377
1516302 64291
1516402 44174
1516502 3788
1516602 46908
1516702 23054
1516802 18550
1516902 23172
1517002 60533
1517102 26108
1517202 46610
1517302 39016
1517402 25478
1517502 42433
1517602 13949
1517702 45648
1517802 11391
1517902 58365
1518002 275
1518102 30033
1518202 27128
1518302 13798
1518402 34775
1518502 40503
1518602 26898
1518702 58275
1518802 44007
1518902 21492
1519002 2537
1519102 49807
1519202 15703
1519302 16196
1519402 9225
1519502 3435
1519602 5998
1519702 24733
1519802 47993
1519902 4673
1520002 31192
1520102 422
1520202 54579
1520302 61190
1520402 7566
1520502 40179
1520602 11806
1520702 24033
1520802 1930
1520902 58758
1521002 62211
1521102 8258
1521202 60878
1521302 49650
1521402 38367
1521502 31176
1521602 8599
1521702 11584
1521802 1016
1521902 21393
1522002 15328
1522102 30859
1522202 38228
1522302 17846
1522402 6035
1522502 53451
1522602 11446
1522702 17436
1522802 47168
1522902 57225
1523002 29774
1523102 59800
1523202 9438
1523302 29382
1523402 15771
1523502 64491
1523602 9726
1523702 44611
1523802 54628
1523902 39704
1524002 16021
1524102 35206
1524202 55121
1524302 49286
1524402 17312
1524502 52603
1524602 58968
1524702 58356
1524802 43224
1524902 45244
1525002 38248
1525102 16968
1525202 24944
1525302 49825
1525402 16987
1525502 21926
1525602 63430
1525702 16131
1525802 54623
1525902 18443
1526002 8189
1526102 42157
1526202 15592
1526302 15687
1526402 29633
1526502 8995
1526602 40819
1526702 14561
1526802 33090
1526902 18401
1527002 54887
1527102 61897
1527202 31059
1527302 2150
1527402 5323
1527502 5732
1527602 7221
1527702 40720
1527802 55580
1527902 43755
1528002 41935
1528102 27602
1528202 39329
1528302 565
1528402 13363
1528502 62832
1528602 15067
1528702 11458
1528802 59793
1528902 46745
1529002 24599
1529102 58855
1529202 52903
1529302 21046
1529402 12295
1529502 1275
1529602 35384
1529702 956
1529802 37732
1529902 45542
1530002 48238
1530102 50138
1530202 31076
1530302 23650
1530402 16441
1530502 42652
1530602 17376
1530702 15293
1530802 3466
1530902 45929
1531002 60764
1531102 1199
1531202 8363
1531302 25663
1531402 29847
1531502 48466
1531602 13478
1531702 14994
1531802 51016
1531902 9699
1532002 16830
1532102 44865
1532202 330
1532302 28154
1532402 310
1532502 1574
1532602 16354
1532702 19593
1532802 13499
1532902 4267
1533002 29155
1533102 17304
1533202 39572
1533302 19230
1533402 64307
1533502 51189
1533602 16306
1533702 26938
1533802 63339
1533902 59041
1534002 56774
1534102 47270
1534202 65358
1534302 25964
1534402 44554
1534502 44809
1534602 30891
1534702 51332
1534802 15254
1534902 41486
1535002 43498
1535102 10377
1535202 1904
1535302 63898
1535402 57060
1535502 48590
1535602 20581
1535702 16660
1535802 9039
1535902 53774
1536002 52536
1536102 15240
1536202 58855
1536302 5895
1536402 34398
1536502 50295
1536602 43136
1536702 16540
1536802 21470
1536902 24899
1537002 16363
1537102 18208
1537202 55001
1537302 38452
1537402 40802
1537502 55328
1537602 59454
1537702 48867
1537802 42827
1537902 7655
1538002 39187
1538102 32125
1538202 15904
1538302 9430
1538402 56609
1538502 19432
1538602 17163
1538702 9721
1538802 60292
1538902 46174
1539002 1020
1539102 63909
1539202 11542
1539302 21335
1539402 46930
1539502 59435
1539602 12200
1539702 60998
1539802 37277
1539902 26442
1540002 47567
1540102 49944
1540202 51307
1540302 16037
1540402 32546
1540502 60408
1540602 37071
1540702 16113
1540802 53184
1540902 23953
1541002 44230
1541102 13579
1541202 40971
1541302 34414
1541402 20559
1541502 4335
1541602 14797
1541702 20042
1541802 15559
1541902 12633
1542002 6340
1542102 16750
1542202 38659
1542302 43717
1542402 44259
1542502 34526
1542602 21751
1542702 24112
1542802 17333
1542902 256
1543002 43679
1543102 43292
1543202 7824
1543302 53345
1543402 29901
1543502 37757
1543602 55489
1543702 38292
1543802 61549
1543902 60950
1544002 8177
1544102 63165
1544202 12275
1544302 32812
1544402 41659
1544502 33715
1544602 25217
1544702 9738
1544802 46748
1544902 23899
1545002 48358
1545102 45046
1545202 16505
1545302 39475
1545402 11906
1545502 31335
1545602 55544
1545702 1229
1545802 65019
1545902 28945
1546002 57539
1546102 28274
1546202 35785
1546302 42045
1546402 64783
1546502 58859
1546602 28896
1546702 62133
1546802 15438
1546902 65085
1547002 25995
1547102 22816
1547202 60527
1547302 10589
1547402 9716
1547502 62011
1547602 15119
1547702 33473
1547802 23158
1547902 25154
1548002 10327
1548102 6804
1548202 3940
1548302 31888
1548402 29807
1548502 49442
1548602 15347
1548702 9186
1548802 38241
1548902 29319
1549002 51818
1549102 58316
1549202 34982
1549302 21254
1549402 40532
1549502 18476
1549602 29133
1549702 25157
1549802 10797
1549902 63424
1550002 22603
1550102 37267
1550202 24982
1550302 43306
1550402 237
1550502 61800
1550602 930
1550702 7104
1550802 48074
1550902 10119
1551002 63806
1551102 41990
1551202 14242
1551302 31542
1551402 29183
1551502 61292
1551602 54577
1551702 22443
1551802 12038
1551902 19745
1552002 19370
1552102 16585
1552202 20742
1552302 17675
1552402 23790
1552502 41430
1552602 17049
1552702 53590
1552802 61345
1552902 38258
1553002 16156
1553102 14563
1553202 37234
1553302 27613
1553402 38738
1553502 44235
1553602 1088
1553702 35511
1553802 63898
1553902 35299
1554002 20871
1554102 13893
1554202 51618
1554302 14160
1554402 14144
1554502 3994
1554602 50952
1554702 23723
1554802 21885
1554902 53517
1555002 64132
1555102 2980
1555202 51262
1555302 14298
1555402 23002
1555502 44511
1555602 8433
1555702 2870
1555802 26267
1555902 34968
1556002 36164
1556102 24677
1556202 61839
1556302 52287
1556402 50430
1556502 35724
1556602 50084
1556702 2341
1556802 49872
1556902 1854
1557002 40709
1557102 34091
1557202 11397
1557302 36697
1557402 33221
1557502 63210
1557602 23345
1557702 2267
1557802 62880
1557902 4261
1558002 34721
1558102 6690
1558202 45717
1558302 14218
1558402 19538
1558502 35940
1558602 1599
1558702 16176
1558802 38706
1558902 52936
1559002 54507
1559102 42647
1559202 10144
1559302 10491
1559402 44363
1559502 26403
1559602 42767
1559702 34995
1559802 59080
1559902 3575
1560002 43014
1560102 19857
1560202 37897
1560302 30570
1560402 1158
1560502 1334
1560602 26868
1560702 11179
1560802 61943
1560902 12837
1561002 10793
1561102 55923
1561202 7225
1561302 10501
1561402 30549
1561502 21971
1561602 33335
1561702 36284
1561802 61696
1561902 61003
1562002 23741
1562102 44997
1562202 1934
1562302 14130
1562402 65355
1562502 42742
1562602 34108
1562702 41843
1562802 18093
1562902 62912
1563002 11147
1563102 31091
1563202 63152
1563302 58675
1563402 43891
1563502 43179
1563602 50094
1563702 31052
1563802 20079
1563902 13325
1564002 51438
1564102 16915
1564202 1917
1564302 23846
1564402 14250
1564502 27887
1564602 51360
1564702 23336
1564802 23926
1564902 45432
1565002 57250
1565102 12312
1565202 2055
1565302 38708
1565402 37409
1565502 16360
1565602 39963
1565702 21559
1565802 13851
1565902 9122
1566002 11859
1566102 52374
1566202 12732
1566302 4935
1566402 52682
1566502 35979
1566602 26686
1566702 25579
1566802 41410
1566902 53532
1567002 8585
1567102 37121
1567202 49258
1567302 39872
1567402 20361
1567502 25835
1567602 10003
1567702 17965
1567802 17765
1567902 44033
1568002 5961
1568102 45370
1568202 49722
1568302 17208
1568402 47242
1568502 20530
1568602 46498
1568702 22378
1568802 49787
1568902 61994
1569002 23278
1569102 61381
1569202 5781
1569302 52302
1569402 35242
1569502 8391
1569602 23885
1569702 2239
1569802 202
1569902 16044
1570002 10472
1570102 25493
1570202 49685
1570302 19761
1570402 34244
1570502 29779
1570602 47321
1570702 17107
1570802 51972
1570902 25030
1571002 35664
1571102 49961
1571202 7986
1571302 35370
1571402 61742
1571502 57742
1571602 39149
1571702 15360
1571802 37479
1571902 29878
1572002 47285
1572102 2737
1572202 18492
1572302 8140
1572402 53867
1572502 38188
1572602 48939
1572702 6594
1572802 47859
1572902 38064
1573002 8346
1573102 45875
1573202 924
1573302 35545
1573402 9638
1573502 37832
1573602 30316
1573702 18116
1573802 38540
1573902 52619
1574002 39672
1574102 13442
1574202 48193
1574302 7810
1574402 18779
1574502 16589
1574602 59371
1574702 8034
1574802 4225
1574902 28401
1575002 4302
1575102 18325
1575202 34713
1575302 36466
1575402 48900
1575502 44637
1575602 5662
1575702 63125
1575802 40409
1575902 48837
1576002 12071
1576102 33993
1576202 29180
1576302 11430
1576402 13542
1576502 62359
1576602 56711
1576702 44571
1576802 3958
1576902 62177
1577002 56894
1577102 61419
1577202 54406
1577302 63762
1577402 9725
1577502 39954
1577602 45438
1577702 29288
1577802 8879
1577902 57034
1578002 62385
1578102 18353
1578202 10726
1578302 40905
1578402 60317
1578502 59586
1578602 57634
1578702 38463
1578802 24752
1578902 62074
1579002 11512
1579102 19181
1579202 35403
1579302 42607
1579402 51599
1579502 31393
1579602 48320
1579702 29553
1579802 44720
1579902 39197
1580002 1016
1580102 10378
1580202 52940
1580302 19763
1580402 9613
1580502 49759
1580602 15372
1580702 58192
1580802 52431
1580902 64907
1581002 3490
1581102 15306
1581202 37985
1581302 62658
1581402 57460
1581502 28507
1581602 62865
1581702 37156
1581802 32883
1581902 10824
1582002 33096
1582102 27888
1582202 40
1582302 28617
1582402 1633
1582502 49881
1582602 10979
1582702 47484
1582802 33506
1582902 43689
1583002 4382
1583102 42914
1583202 18420
1583302 31391
1583402 50870
1583502 26089
1583602 57150
1583702 57168
1583802 31772
1583902 15229
1584002 52449
1584102 41339
1584202 17550
1584302 48825
1584402 47372
1584502 57798
1584602 65424
1584702 28686
1584802 29375
1584902 44948
1585002 37943
1585102 62639
1585202 41308
1585302 41379
1585402 34682
1585502 63306
1585602 51793
1585702 1073
1585802 7930
1585902 54571
1586002 2041
1586102 23352
1586202 19709
1586302 40996
1586402 49257
1586502 944
1586602 17695
1586702 13000
1586802 20659
1586902 6027
1587002 53257
1587102 44740
1587202 20758
1587302 1265
1587402 48523
1587502 47813
1587602 5352
1587702 33313
1587802 65456
1587902 24065
1588002 5506
1588102 8442
1588202 25235
1588302 61669
1588402 19064
1588502 4456
1588602 54087
1588702 56229
1588802 43335
1588902 64991
1589002 5138
1589102 34624
1589202 26192
1589302 17209
1589402 49907
1589502 48140
1589602 52974
1589702 51678
1589802 55701
1589902 50961
1590002 51553
1590102 56326
1590202 62208
1590302 41265
1590402 63665
1590502 19087
1590602 20153
1590702 37728
1590802 11888
1590902 20942
1591002 26659
1591102 12729
1591202 58321
1591302 54955
1591402 17580
1591502 29391
1591602 65117
1591702 7143
1591802 5767
1591902 25297
1592002 61049
1592102 40883
1592202 37706
1592302 23232
1592402 6999
1592502 9370
1592602 48933
1592702 44618
1592802 55180
1592902 52537
1593002 36260
1593102 8337
1593202 62896
1593302 19034
1593402 16503
1593502 40846
1593602 47348
1593702 59524
1593802 19589
1593902 13018
1594002 27025
1594102 32927
1594202 50210
1594302 9872
1594402 40720
1594502 36972
1594602 56901
1594702 16527
1594802 31466
1594902 12662
1595002 28645
1595102 65110
1595202 36493
1595302 5103
1595402 30331
1595502 33534
1595602 8298
1595702 21100
1595802 56164
1595902 59890
1596002 52062
1596102 8454
1596202 23327
1596302 51707
1596402 50013
1596502 6702
1596602 51576
1596702 46406
1596802 62720
1596902 65229
1597002 44218
1597102 59111
1597202 4707
1597302 51141
1597402 37139
1597502 44215
1597602 43460
1597702 14331
1597802 28008
1597902 9007
1598002 54747
1598102 50466
1598202 48264
1598302 9272
1598402 59376
1598502 39716
1598602 27456
1598702 28073
1598802 8280
1598902 22862
1599002 36212
1599102 49573
1599202 52501
1599302 58419
1599402 32366
1599502 52317
1599602 50393
1599702 28647
1599802 43852
1599902 59241
1600002 11145
1600102 48027
1600202 12170
1600302 13085
1600402 54762
1600502 48712
1600602 49630
1600702 47585
1600802 48429
1600902 42359
1601002 33742
1601102 40887
1601202 31341
1601302 4970
1601402 65057
1601502 23685
1601602 59274
1601702 12605
1601802 3914
1601902 8394
1602002 12062
1602102 52325
1602202 46345
1602302 23163
1602402 30553
1602502 24139
1602602 22000
1602702 1361
1602802 56890
1602902 17790
1603002 48817
1603102 30486
1603202 54864
1603302 2153
1603402 5375
1603502 36957
1603602 14093
1603702 33636
1603802 44442
1603902 53763
1604002 51596
1604102 18838
1604202 46703
1604302 36299
1604402 26438
1604502 60117
1604602 53995
1604702 13092
1604802 33355
1604902 41873
1605002 47478
1605102 32979
1605202 15309
1605302 64011
1605402 33865
1605502 13774
1605602 55091
1605702 51327
1605802 49200
1605902 19689
1606002 38543
1606102 16292
1606202 19587
1606302 28944
1606402 26232
1606502 5955
1606602 31628
1606702 62910
1606802 55497
1606902 22749
1607002 8627
1607102 14147
1607202 42736
1607302 49322
1607402 59815
1607502 5283
1607602 46587
1607702 33902
1607802 40901
1607902 54560
1608002 45496
1608102 14543
1608202 27196
1608302 6279
1608402 4293
1608502 24653
1608602 61652
1608702 28797
1608802 2585
1608902 17955
1609002 3455
1609102 14202
1609202 12062
1609302 13999
1609402 33386
1609502 44169
1609602 10176
1609702 52161
1609802 20114
1609902 29730
1610002 41796
1610102 49775
1610202 59668
1610302 22109
1610402 2550
1610502 2257
1610602 21245
1610702 35032
1610802 25205
1610902 38545
1611002 34324
1611102 13552
1611202 28539
1611302 64938
1611402 32622
1611502 6643
1611602 32424
1611702 65431
1611802 17904
1611902 23588
1612002 64845
1612102 29813
1612202 46305
1612302 36327
1612402 11405
1612502 8509
1612602 51420
1612702 25038
1612802 13926
1612902 36201
1613002 12196
1613102 20457
1613202 43607
1613302 64200
1613402 57302
1613502 32892
1613602 57270
1613702 46923
1613802 1836
1613902 53706
1614002 55459
1614102 30421
1614202 33098
1614302 28815
1614402 34519
1614502 21366
1614602 61228
1614702 7115
1614802 31587
1614902 40076
1615002 22470
1615102 4569
1615202 37956
1615302 50899
1615402 18614
1615502 37449
1615602 18478
1615702 34284
1615802 62743
1615902 14515
1616002 12626
1616102 35804
1616202 7505
1616302 64479
1616402 43524
1616502 51723
1616602 2975
1616702 8891
1616802 1626
1616902 46038
1617002 40315
1617102 17351
1617202 21787
1617302 23766
1617402 35331
1617502 10859
1617602 51616
1617702 54299
1617802 4595
1617902 53385
1618002 44964
1618102 65304
1618202 4988
1618302 58371
1618402 18006
1618502 50775
1618602 14718
1618702 64565
1618802 4165
1618902 41864
1619002 24902
1619102 42976
1619202 37480
1619302 24670
1619402 1595
1619502 26707
1619602 1860
1619702 4456
1619802 23953
1619902 50580
1620002 17001
1620102 50123
1620202 51159
1620302 46379
1620402 36186
1620502 53883
1620602 33251
1620702 44483
1620802 50448
1620902 50679
1621002 6210
1621102 50772
1621202 12027
1621302 10560
1621402 23104
1621502 19628
1621602 11410
1621702 10454
1621802 34080
1621902 64485
1622002 22222
1622102 9590
1622202 58230
1622302 55673
1622402 12423
1622502 32831
1622602 58360
1622702 26792
1622802 54044
1622902 20175
1623002 16326
1623102 62505
1623202 64785
1623302 48050
1623402 41210
1623502 29590
1623602 45145
1623702 20992
1623802 63646
1623902 19752
1624002 49189
1624102 15858
1624202 35940
1624302 8151
1624402 1041
1624502 55270
1624602 19151
1624702 50447
1624802 49
1624902 20946
1625002 59896
1625102 47307
1625202 31637
1625302 21125
1625402 58080
1625502 29517
1625602 22308
1625702 60081
1625802 47302
1625902 35285
1626002 33957
1626102 30532
1626202 6909
1626302 36055
1626402 443
1626502 15701
1626602 36290
1626702 21026
1626802 64008
1626902 59049
1627002 20483
1627102 3902
1627202 47030
1627302 17937
1627402 64723
1627502 21790
1627602 63314
1627702 14576
1627802 34294
1627902 17506
1628002 20835
1628102 6366
1628202 36338
1628302 7909
1628402 12547
1628502 62729
1628602 37848
1628702 53741
1628802 62763
1628902 36298
1629002 52492
1629102 44890
1629202 47829
1629302 63521
1629402 17065
1629502 46770
1629602 53088
1629702 60981
1629802 7667
1629902 64602
1630002 53684
1630102 64884
1630202 61920
1630302 10865
1630402 2713
1630502 53790
1630602 29188
1630702 16227
1630802 28561
1630902 30250
1631002 7618
1631102 57562
1631202 20923
1631302 61961
1631402 51703
1631502 58264
1631602 47412
1631702 11776
1631802 4123
1631902 34131
1632002 57755
1632102 23000
1632202 18648
1632302 52937
1632402 65117
1632502 2580
1632602 19208
1632702 5069
1632802 50074
1632902 63688
1633002 28501
1633102 9131
1633202 60083
1633302 5416
1633402 46569
1633502 7363
1633602 12787
1633702 5379
1633802 60657
1633902 53771
1634002 64092
1634102 51935
1634202 48206
1634302 38382
1634402 29501
1634502 27786
1634602 5446
1634702 31653
1634802 15056
1634902 8212
1635002 4496
1635102 54009
1635202 20339
1635302 32045
1635402 40417
1635502 49052
1635602 42862
1635702 33618
1635802 48322
1635902 35809
1636002 41573
1636102 29073
1636202 4207
1636302 54055
1636402 6844
1636502 60525
1636602 34839
1636702 65012
1636802 6558
1636902 48613
1637002 40174
1637102 34453
1637202 40270
1637302 2179
1637402 31414
1637502 50280
1637602 56044
1637702 29302
1637802 20573
1637902 22709
1638002 4797
1638102 5160
1638202 18219
1638302 8582
1638402 14223
1638502 55636
1638602 19697
1638702 22006
1638802 52547
1638902 35357
1639002 32055
1639102 41591
1639202 7529
1639302 64820
1639402 55320
1639502 53399
1639602 34995
1639702 17876
1639802 60482
1639902 4685
1640002 11301
1640102 58111
1640202 23716
1640302 15128
1640402 8029
1640502 18148
1640602 50407
1640702 23524
1640802 7069
1640902 6813
1641002 3170
1641102 36129
1641202 13667
1641302 6203
1641402 13177
1641502 6011
1641602 43900
1641702 25553
1641802 60000
1641902 64292
1642002 61070
1642102 19127
1642202 6977
1642302 52608
1642402 46706
1642502 36270
1642602 23291
1642702 54176
1642802 34678
1642902 7169
1643002 8927
1643102 13345
1643202 52513
1643302 39252
1643402 13634
1643502 45964
1643602 49940
1643702 3214
1643802 4027
1643902 62527
1644002 9343
1644102 8215
1644202 1397
1644302 21864
1644402 395
1644502 53970
1644602 18470
1644702 33218
1644802 9731
1644902 35741
1645002 63688
1645102 27791
1645202 53749
1645302 35258
1645402 7190
1645502 5181
1645602 45934
1645702 33133
1645802 65179
1645902 51898
1646002 40242
1646102 15276
1646202 58531
1646302 32181
1646402 53604
1646502 57982
1646602 7188
1646702 3363
1646802 18671
1646902 25107
1647002 28109
1647102 53566
1647202 54001
1647302 45871
1647402 53329
1647502 24272
1647602 15642
1647702 36987
1647802 53290
1647902 54323
1648002 20262
1648102 22373
1648202 54106
1648302 33866
1648402 44945
1648502 11715
1648602 29602
1648702 13747
1648802 41657
1648902 33474
1649002 8223
1649102 41062
1649202 56733
1649302 58409
1649402 30646
1649502 54136
1649602 29598
1649702 21652
1649802 34671
1649902 35173
1650002 49936
1650102 22684
1650202 40303
1650302 40450
1650402 42384
1650502 20272
1650602 48568
1650702 8953
1650802 29050
1650902 47200
1651002 28367
1651102 21842
1651202 36274
1651302 31988
1651402 36047
1651502 54864
1651602 38472
1651702 64733
1651802 16006
1651902 35311
1652002 62461
1652102 31037
1652202 5922
1652302 38229
1652402 25956
1652502 44986
1652602 57079
1652702 11631
1652802 62915
1652902 50555
1653002 7404
1653102 17344
1653202 14637
1653302 37114
1653402 41560
1653502 44268
1653602 49140
1653702 42483
1653802 65027
1653902 61148
1654002 29857
1654102 19619
1654202 54679
1654302 41844
1654402 14452
1654502 62699
1654602 18106
1654702 10277
1654802 17938
1654902 17029
1655002 53438
1655102 20950
1655202 54743
1655302 3374
1655402 28456
1655502 40118
1655602 7123
1655702 60132
1655802 23322
1655902 6571
1656002 62000
1656102 10338
1656202 40294
1656302 32064
1656402 37179
1656502 5692
1656602 20019
1656702 34744
1656802 55094
1656902 11359
1657002 44103
1657102 15068
1657202 59338
1657302 42760
1657402 56029
1657502 23037
1657602 38981
1657702 44434
1657802 24453
1657902 48692
1658002 432
1658102 42914
1658202 30100
1658302 156
1658402 31193
1658502 3614
1658602 11945
1658702 59688
1658802 1024
1658902 52265
1659002 42895
1659102 6607
1659202 5406
1659302 29594
1659402 43507
1659502 31049
1659602 44295
1659702 49474
1659802 20132
1659902 63816
1660002 55687
1660102 51948
1660202 4679
1660302 48897
1660402 9130
1660502 40899
1660602 31224
1660702 33362
1660802 48876
1660902 29483
1661002 34449
1661102 37691
1661202 16668
1661302 58310
1661402 4770
1661502 26167
1661602 15757
1661702 6812
1661802 56213
1661902 14424
1662002 40640
1662102 2748
1662202 15688
1662302 17144
1662402 12585
1662502 19974
1662602 5127
1662702 50202
1662802 12960
1662902 12284
1663002 15235
1663102 7096
1663202 34019
1663302 37439
1663402 7749
1663502 27238
1663602 54539
1663702 39677
1663802 62978
1663902 768
1664002 22001
1664102 18376
1664202 56719
1664302 48822
1664402 51813
1664502 26159
1664602 35356
1664702 9288
1664802 11981
1664902 33488
1665002 49570
1665102 39838
1665202 38165
1665302 23654
1665402 23109
1665502 30151
1665602 36104
1665702 3403
1665802 33388
1665902 18462
1666002 63899
1666102 50910
1666202 44303
1666302 47302
1666402 14473
1666502 27546
1666602 30368
1666702 55557
1666802 41507
1666902 63402
1667002 56018
1667102 85
1667202 8949
1667302 4840
1667402 6467
1667502 29443
1667602 44623
1667702 38063
1667802 11877
1667902 21409
1668002 24263
1668102 59092
1668202 15508
1668302 53695
1668402 45704
1668502 12916
1668602 46065
1668702 18636
1668802 23682
1668902 14264
1669002 14122
1669102 54062
1669202 18180
1669302 51372
1669402 41223
1669502 2544
1669602 15306
1669702 64327
1669802 46462
1669902 17543
1670002 6875
1670102 51732
1670202 16883
1670302 35798
1670402 37336
1670502 61942
1670602 11161
1670702 48648
1670802 64264
1670902 54770
1671002 34292
1671102 38624
1671202 31367
1671302 29586
1671402 16285
1671502 12292
1671602 57115
1671702 46426
1671802 43023
1671902 25000
1672002 24197
1672102 11201
1672202 19313
1672302 2404
1672402 27371
1672502 26815
1672602 47743
1672702 43034
1672802 27924
1672902 58261
1673002 11779
1673102 64983
1673202 18260
1673302 51584
1673402 9679
1673502 41693
1673602 12876
1673702 11142
1673802 25781
1673902 40561
1674002 30835
1674102 1420
1674202 62464
1674302 51025
1674402 9398
1674502 48323
1674602 34271
1674702 64963
1674802 41012
1674902 27720
1675002 54319
1675102 32755
1675202 42718
1675302 30451
1675402 13878
1675502 63993
1675602 20456
1675702 40515
1675802 36844
1675902 13954
1676002 63510
1676102 12203
1676202 17716
1676302 44025
1676402 18449
1676502 60991
1676602 3084
1676702 48267
1676802 45620
1676902 40259
1677002 35141
1677102 11184
1677202 65447
1677302 23786
1677402 4038
1677502 33257
1677602 42893
1677702 8623
1677802 45271
1677902 22903
1678002 37947
1678102 45562
1678202 15277
1678302 55852
1678402 26286
1678502 56991
1678602 7655
1678702 32606
1678802 31896
1678902 82
1679002 20246
1679102 35697
1679202 54808
1679302 31251
1679402 27540
1679502 26948
1679602 29607
1679702 37973
1679802 36690
1679902 48957
1680002 65347
1680102 13177
1680202 32639
1680302 44500
1680402 14536
1680502 26228
1680602 6846
1680702 60885
1680802 32311
1680902 23011
1681002 39625
1681102 13173
1681202 60774
1681302 34001
1681402 49667
1681502 37361
1681602 52503
1681702 56959
1681802 27868
1681902 34206
1682002 21308
1682102 50824
1682202 30854
1682302 26110
1682402 6111
1682502 53954
1682602 64145
1682702 54430
1682802 45767
1682902 4046
1683002 11876
1683102 30228
1683202 34353
1683302 62213
1683402 1208
1683502 18535
1683602 36336
1683702 6839
1683802 35830
1683902 7516
1684002 30481
1684102 54336
1684202 36691
1684302 3681
1684402 43408
1684502 24676
1684602 61633
1684702 4225
1684802 32446
1684902 4219
1685002 65190
1685102 62625
1685202 8902
1685302 26374
1685402 32359
1685502 27179
1685602 21843
1685702 63629
1685802 25651
1685902 2640
1686002 36977
1686102 27598
1686202 52553
1686302 40248
1686402 3376
1686502 23334
1686602 15477
1686702 44664
1686802 22367
1686902 7281
1687002 55236
1687102 8256
1687202 18899
1687302 4069
1687402 62459
1687502 11390
1687602 34504
1687702 41912
1687802 53155
1687902 29623
1688002 49391
1688102 56075
1688202 34826
1688302 22501
1688402 45847
1688502 15966
1688602 37442
1688702 47744
1688802 58516
1688902 4302
1689002 5053
1689102 20448
1689202 19270
1689302 57444
1689402 18488
1689502 11900
1689602 26785
1689702 11169
1689802 51171
1689902 50051
1690002 6980
1690102 9772
1690202 52363
1690302 56089
1690402 26335
1690502 44108
1690602 42929
1690702 53817
1690802 43192
1690902 49946
1691002 40317
1691102 57172
1691202 46508
1691302 54166
1691402 40995
1691502 31008
1691602 25644
1691702 52954
1691802 17282
1691902 55685
1692002 58813
1692102 58676
1692202 39731
1692302 10536
1692402 22300
1692502 19554
1692602 40322
1692702 52253
1692802 19672
1692902 62719
1693002 62065
1693102 20644
1693202 26066
1693302 58739
1693402 37151
1693502 55933
1693602 20457
1693702 21744
1693802 63076
1693902 43554
1694002 20126
1694102 63604
1694202 8498
1694302 2187
1694402 32475
1694502 30383
1694602 33562
1694702 45605
1694802 27672
1694902 50499
1695002 9791
1695102 61112
1695202 42148
1695302 321
1695402 36988
1695502 33676
1695602 64762
1695702 51288
1695802 15101
1695902 59066
1696002 9011
1696102 30463
1696202 57441
1696302 22860
1696402 55583
1696502 18127
1696602 56673
1696702 50978
1696802 27378
1696902 48036
1697002 59842
1697102 23209
1697202 5692
1697302 65060
1697402 20538
1697502 63690
1697602 61550
1697702 54920
1697802 8543
1697902 9683
1698002 11109
1698102 49235
1698202 44095
1698302 20630
1698402 29737
1698502 43815
1698602 31408
1698702 3939
1698802 17918
1698902 46362
1699002 12323
1699102 28117
1699202 9269
1699302 23004
1699402 6229
1699502 33156
1699602 20338
1699702 53488
1699802 9021
1699902 1706
1700002 38055
1700102 58757
1700202 63988
1700302 20862
1700402 49876
1700502 28791
1700602 6832
1700702 47845
1700802 6518
1700902 39429
1701002 17929
1701102 60947
1701202 45125
1701302 10906
1701402 64233
1701502 22746
1701602 22076
1701702 40995
1701802 7791
1701902 43493
1702002 44747
1702102 4037
1702202 5084
1702302 43294
1702402 25610
1702502 14322
1702602 43648
1702702 39557
1702802 30286
1702902 36106
1703002 40565
1703102 18970
1703202 34570
1703302 42408
1703402 14420
1703502 63982
1703602 29800
1703702 45599
1703802 56805
1703902 64018
1704002 46525
1704102 47305
1704202 26474
1704302 41404
1704402 7303
1704502 9959
1704602 25348
1704702 1574
1704802 12732
1704902 33776
1705002 64134
1705102 9418
1705202 26335
1705302 48294
1705402 59962
1705502 36718
1705602 8060
1705702 13538
1705802 24244
1705902 65217
1706002 46063
1706102 27323
1706202 48242
1706302 38857
1706402 31768
1706502 60344
1706602 13183
1706702 3553
1706802 26693
1706902 56354
1707002 64754
1707102 14792
1707202 31727
1707302 47685
1707402 49770
1707502 39475
1707602 35666
1707702 44073
1707802 28075
1707902 36785
1708002 63403
1708102 47269
1708202 38073
1708302 50996
1708402 30830
1708502 21292
1708602 23422
1708702 59656
1708802 36140
1708902 52271
1709002 29251
1709102 21508
1709202 60882
1709302 61720
1709402 50709
1709502 54287
1709602 16594
1709702 6735
1709802 11296
1709902 53166
1710002 52971
1710102 34728
1710202 37645
1710302 56389
1710402 21794
1710502 64795
1710602 33647
1710702 40640
1710802 63944
1710902 34804
1711002 35738
1711102 51227
1711202 61857
1711302 17345
1711402 9590
1711502 7895
1711602 1022
1711702 25217
1711802 33415
1711902 44688
1712002 60248
1712102 29780
1712202 25993
1712302 5644
1712402 40291
1712502 3053
1712602 19156
1712702 1132
1712802 10901
1712902 2783
1713002 64858
1713102 25560
1713202 54255
1713302 20988
1713402 52047
1713502 13664
1713602 12338
1713702 15369
1713802 1629
1713902 18327
1714002 3277
1714102 27285
1714202 59560
1714302 12094
1714402 61091
1714502 43670
1714602 47194
1714702 30643
1714802 22773
1714902 13372
1715002 5682
1715102 47868
1715202 51407
1715302 9103
1715402 52967
1715502 18580
1715602 29018
1715702 13746
1715802 33868
1715902 10946
1716002 1804
1716102 64906
1716202 34567
1716302 14026
1716402 31171
1716502 25167
1716602 10723
1716702 47497
1716802 15015
1716902 14899
1717002 55037
1717102 814
1717202 42845
1717302 64424
1717402 61937
1717502 34984
1717602 17207
1717702 54104
1717802 26415
1717902 50021
1718002 26983
1718102 48769
1718202 49327
1718302 34625
1718402 11612
1718502 21936
1718602 32538
1718702 49555
1718802 8917
1718902 46778
1719002 59570
1719102 64803
1719202 5097
1719302 46271
1719402 3060
1719502 57505
1719602 46668
1719702 44713
1719802 8738
1719902 49800
1720002 32702
1720102 1692
1720202 19216
1720302 51631
1720402 12144
1720502 11863
1720602 57589
1720702 35198
1720802 21515
1720902 46030
1721002 25625
1721102 56863
1721202 648
1721302 53355
1721402 41572
1721502 41023
1721602 44844
1721702 6369
1721802 49892
1721902 20350
1722002 5594
1722102 2800
1722202 16324
1722302 38606
1722402 43206
1722502 49596
1722602 16453
1722702 28826
1722802 59017
1722902 53890
1723002 50185
1723102 37111
1723202 59353
1723302 40200
1723402 28553
1723502 1392
1723602 366
1723702 55946
1723802 35662
1723902 50675
1724002 5244
1724102 63142
1724202 22175
1724302 52032
1724402 59351
1724502 31464
1724602 7678
1724702 26120
1724802 4033
1724902 1139
1725002 8722
1725102 61066
1725202 55092
1725302 3601
1725402 38343
1725502 39708
1725602 37916
1725702 19057
1725802 17087
1725902 11637
1726002 48602
1726102 51636
1726202 43609
1726302 42914
1726402 7153
1726502 35801
1726602 320
1726702 47257
1726802 42024
1726902 2041
1727002 23945
1727102 35436
1727202 43164
1727302 2385
1727402 32336
1727502 48250
1727602 52154
1727702 41027
1727802 7678
1727902 15366
1728002 58702
1728102 18675
1728202 51528
1728302 7784
1728402 12925
1728502 40928
1728602 34048
1728702 20832
1728802 8515
1728902 5933
1729002 41868
1729102 52333
1729202 52802
1729302 30367
1729402 41582
1729502 35163
1729602 8209
1729702 57750
1729802 50888
1729902 52976
1730002 51869
1730102 33898
1730202 22103
1730302 62175
1730402 16859
1730502 45456
1730602 64099
1730702 5861
1730802 1863
1730902 44983
1731002 10785
1731102 46511
1731202 35187
1731302 20831
1731402 59101
1731502 48131
1731602 62437
1731702 13948
1731802 45766
1731902 31129
1732002 58946
1732102 8864
1732202 15660
1732302 21121
1732402 53465
1732502 16029
1732602 14140
1732702 9977
1732802 27869
1732902 4684
1733002 54509
1733102 11183
1733202 388
1733302 21
1733402 57903
1733502 32092
1733602 46821
1733702 37021
1733802 30253
1733902 21063
1734002 1399
1734102 54339
1734202 60177
1734302 8269
1734402 39712
1734502 40699
1734602 40559
1734702 62830
1734802 8125
1734902 60136
1735002 8269
1735102 30244
1735202 16879
1735302 14075
1735402 28901
1735502 45209
1735602 59787
1735702 12269
1735802 12963
1735902 27618
1736002 49501
1736102 37808
1736202 58682
1736302 49535
1736402 28058
1736502 1151
1736602 63899
1736702 20650
1736802 53250
1736902 24267
1737002 49851
1737102 33289
1737202 4166
1737302 1062
1737402 33557
1737502 5107
1737602 18253
1737702 24946
1737802 62199
1737902 48215
1738002 50520
1738102 2905
1738202 41442
1738302 61802
1738402 39921
1738502 14492
1738602 44644
1738702 21051
1738802 23592
1738902 48512
1739002 6955
1739102 19222
1739202 4738
1739302 37914
1739402 46512
1739502 3873
1739602 6235
1739702 12964
1739802 56581
1739902 1636
1740002 38004
1740102 26455
1740202 9292
1740302 4830
1740402 45020
1740502 20596
1740602 45540
1740702 46811
1740802 14581
1740902 33842
1741002 5270
1741102 61936
1741202 24563
1741302 6631
1741402 59154
1741502 6490
1741602 7618
1741702 34832
1741802 60561
1741902 56130
1742002 59408
1742102 59457
1742202 6658
1742302 2130
1742402 63117
1742502 10066
1742602 5307
1742702 17485
1742802 59334
1742902 33598
1743002 65262
1743102 35053
1743202 21087
1743302 23636
1743402 47679
1743502 32109
1743602 59811
1743702 45872
1743802 58472
1743902 8276
1744002 56265
1744102 64058
1744202 65513
1744302 8248
1744402 42233
1744502 28922
1744602 9706
1744702 47969
1744802 59464
1744902 19845
1745002 13754
1745102 30610
1745202 42170
1745302 34842
1745402 39648
1745502 2099
1745602 55989
1745702 62809
1745802 27926
1745902 45955
1746002 54518
1746102 56686
1746202 16274
1746302 92
1746402 17889
1746502 17417
1746602 21899
1746702 60551
1746802 2417
1746902 22843
1747002 43716
1747102 62987
1747202 29715
1747302 16416
1747402 38161
1747502 31542
1747602 60857
1747702 62134
1747802 30806
1747902 57193
1748002 19444
1748102 21310
1748202 4130
1748302 40616
1748402 25451
1748502 55363
1748602 22336
1748702 10013
1748802 58195
1748902 53084
1749002 20206
1749102 61939
1749202 20881
1749302 4455
1749402 47560
1749502 10508
1749602 52282
1749702 24187
1749802 13556
1749902 1684
1750002 36755
1750102 11458
1750202 62069
1750302 47489
1750402 57048
1750502 4296
1750602 57171
1750702 61130
1750802 50264
1750902 37020
1751002 481
1751102 23433
1751202 18762
1751302 49049
1751402 62179
1751502 4702
1751602 63686
1751702 52394
1751802 48442
1751902 44350
1752002 7374
1752102 59944
1752202 52301
1752302 9759
1752402 58331
1752502 47431
1752602 38313
1752702 10379
1752802 28858
1752902 27686
1753002 6303
1753102 22825
1753202 29484
1753302 61682
1753402 1699
1753502 41256
1753602 51894
1753702 12901
1753802 65051
1753902 38353
1754002 20198
1754102 14227
1754202 62757
1754302 62527
1754402 10018
1754502 15142
1754602 57713
1754702 60926
1754802 31732
1754902 19675
1755002 59758
1755102 47124
1755202 37362
1755302 17299
1755402 29852
1755502 60665
1755602 23612
1755702 54507
1755802 20266
1755902 46058
1756002 4433
1756102 613
1756202 16005
1756302 51000
1756402 4686
1756502 36325
1756602 11943
1756702 33576
1756802 19384
1756902 19527
1757002 65518
1757102 21808
1757202 59225
1757302 59758
1757402 58196
1757502 52190
1757602 8079
1757702 37443
1757802 61743
1757902 61690
1758002 45453
1758102 13255
1758202 53063
1758302 61313
1758402 40146
1758502 7984
1758602 60014
1758702 44371
1758802 41342
1758902 10052
1759002 24816
1759102 63392
1759202 29739
1759302 39141
1759402 31149
1759502 11299
1759602 47970
1759702 21208
1759802 11866
1759902 15158
1760002 15301
1760102 19180
1760202 47157
1760302 1423
1760402 7717
1760502 62069
1760602 9482
1760702 18878
1760802 36258
1760902 42451
1761002 56761
1761102 22219
1761202 52317
1761302 8298
1761402 60230
1761502 33110
1761602 17649
1761702 47448
1761802 56018
1761902 34612
1762002 59493
1762102 57698
1762202 17220
1762302 64903
1762402 43629
1762502 29747
1762602 33892
1762702 59448
1762802 45137
1762902 3575
1763002 16091
1763102 22730
1763202 51310
1763302 20978
1763402 29128
1763502 41828
1763602 20305
1763702 50170
1763802 6637
1763902 4786
1764002 5752
1764102 53585
1764202 22865
1764302 32470
1764402 12694
1764502 7619
1764602 12978
1764702 57234
1764802 19892
1764902 25119
1765002 62778
1765102 39498
1765202 11276
1765302 6737
1765402 3401
1765502 56305
1765602 4396
1765702 14092
1765802 46301
1765902 45481
1766002 19705
1766102 51863
1766202 24446
1766302 40350
1766402 30807
1766502 5460
1766602 36524
1766702 44904
1766802 14440
1766902 9152
1767002 10913
1767102 6441
1767202 18183
1767302 37382
1767402 57482
1767502 16292
1767602 31975
1767702 16818
1767802 22797
1767902 33702
1768002 12470
1768102 39743
1768202 25415
1768302 18460
1768402 53256
1768502 45045
1768602 64933
1768702 56736
1768802 42631
1768902 29703
1769002 42016
1769102 47719
1769202 56785
1769302 32717
1769402 62619
1769502 48042
1769602 18966
1769702 22227
1769802 23934
1769902 58356
1770002 38168
1770102 46805
1770202 48912
1770302 13823
1770402 41577
1770502 57901
1770602 2909
1770702 11690
1770802 65448
1770902 35763
1771002 33334
1771102 5926
1771202 24065
1771302 29341
1771402 61486
1771502 25412
1771602 61389
1771702 35090
1771802 16413
1771902 18241
1772002 6653
1772102 24515
1772202 19119
1772302 14101
1772402 13537
1772502 63198
1772602 32810
1772702 45642
1772802 21255
1772902 28047
1773002 52100
1773102 22938
1773202 23274
1773302 2365
1773402 28519
1773502 51075
1773602 24793
1773702 47395
1773802 58361
1773902 55260
1774002 27036
1774102 40897
1774202 37627
1774302 29642
1774402 17631
1774502 46819
1774602 40847
1774702 22157
1774802 36182
1774902 55863
1775002 49617
1775102 12853
1775202 30916
1775302 13802
1775402 43033
1775502 10335
1775602 31363
1775702 65081
1775802 7135
1775902 6881
1776002 31177
1776102 16410
1776202 40016
1776302 38135
1776402 58201
1776502 57199
1776602 33080
1776702 3401
1776802 57761
1776902 56893
1777002 54193
1777102 56684
1777202 39914
1777302 59759
1777402 9751
1777502 2445
1777602 29839
1777702 2936
1777802 22061
1777902 62974
1778002 38367
1778102 64075
1778202 31147
1778302 64013
1778402 39488
1778502 877
1778602 13979
1778702 29913
1778802 64172
1778902 52101
1779002 22606
1779102 61189
1779202 9340
1779302 54681
1779402 22611
1779502 59965
1779602 36505
1779702 19325
1779802 24991
1779902 36890
1780002 54921
1780102 65066
1780202 16020
1780302 31855
1780402 57766
1780502 28862
1780602 58795
1780702 36685
1780802 918
1780902 51591
1781002 41295
1781102 16726
1781202 38920
1781302 43297
1781402 20173
1781502 11368
1781602 29928
1781702 26340
1781802 8355
1781902 12091
1782002 48480
1782102 11614
1782202 56020
1782302 100
1782402 7075
1782502 40366
1782602 29560
1782702 20633
1782802 58082
1782902 25784
1783002 13572
1783102 63123
1783202 41522
1783302 14823
1783402 27967
1783502 57151
1783602 31071
1783702 720
1783802 49880
1783902 32645
1784002 33541
1784102 2297
1784202 9322
1784302 49187
1784402 9494
1784502 35535
1784602 36895
1784702 55450
1784802 13333
1784902 57001
1785002 48384
1785102 19649
1785202 26275
1785302 42657
1785402 26770
1785502 10066
1785602 10851
1785702 26291
1785802 18190
1785902 22264
1786002 50814
1786102 64469
1786202 4886
1786302 37281
1786402 23971
1786502 33874
1786602 28021
1786702 32139
1786802 63323
1786902 48413
1787002 12218
1787102 17477
1787202 50347
1787302 41413
1787402 25842
1787502 2014
1787602 47461
1787702 58206
1787802 15356
1787902 26283
1788002 43236
1788102 5469
1788202 25104
1788302 23660
1788402 13361
1788502 15364
1788602 1883
1788702 64149
1788802 55845
1788902 42817
1789002 32484
1789102 54406
1789202 59532
1789302 29282
1789402 58198
1789502 29752
1789602 35732
1789702 25214
1789802 27033
1789902 43411
1790002 15880
1790102 9525
1790202 25524
1790302 40397
1790402 31289
1790502 22530
1790602 50186
1790702 2587
1790802 7597
1790902 35160
1791002 34142
1791102 2600
1791202 28285
1791302 57891
1791402 29973
1791502 48714
1791602 55505
1791702 59117
1791802 33240
1791902 40817
1792002 9560
1792102 25776
1792202 39124
1792302 35451
1792402 65144
1792502 51501
1792602 8210
1792702 51666
1792802 44360
1792902 26984
1793002 33969
1793102 29820
1793202 34686
1793302 14138
1793402 49792
1793502 62847
1793602 64207
1793702 25334
1793802 15605
1793902 51491
1794002 25883
1794102 31529
1794202 38013
1794302 39570
1794402 10979
1794502 35105
1794602 8067
1794702 64029
1794802 19328
1794902 35394
1795002 9224
1795102 51571
1795202 22515
1795302 54530
1795402 60489
1795502 25211
1795602 7294
1795702 33773
1795802 6185
1795902 63678
1796002 52259
1796102 14585
1796202 29367
1796302 15206
1796402 50241
1796502 46377
1796602 25546
1796702 27299
1796802 57959
1796902 24997
1797002 1812
1797102 16851
1797202 50721
1797302 38783
1797402 57080
1797502 63452
1797602 3345
1797702 47505
1797802 46099
1797902 38853
1798002 22129
1798102 8125
1798202 11298
1798302 17328
1798402 44457
1798502 6259
1798602 29458
1798702 15997
1798802 8390
1798902 32502
1799002 39345
1799102 2439
1799202 9703
1799302 40397
1799402 42868
1799502 62101
1799602 18734
1799702 24265
1799802 2309
1799902 36870
1800002 12834
1800102 34622
1800202 40623
1800302 31587
1800402 45381
1800502 27398
1800602 36713
1800702 22032
1800802 63230
1800902 29170
1801002 48287
1801102 13156
1801202 27003
1801302 49723
1801402 31170
1801502 49870
1801602 17436
1801702 21681
1801802 32269
1801902 62787
1802002 24872
1802102 4131
1802202 2806
1802302 59214
1802402 34997
1802502 44532
1802602 26744
1802702 18801
1802802 11113
1802902 50921
1803002 21185
1803102 25892
1803202 13416
1803302 63137
1803402 30209
1803502 11284
