102 45036
202 20411
302 11027
402 32800
502 17233
602 10046
702 39230
802 4507
902 22282
1002 35645
1102 50344
1202 36125
1302 36412
1402 42895
1502 19809
1602 65274
1702 33332
1802 59471
1902 62424
2002 39783
2102 4618
2202 60970
2302 47798
2402 32762
2502 40407
2602 43751
2702 35355
2802 25459
2902 35189
3002 20122
3102 31544
3202 37307
3302 53999
3402 33831
3502 23510
3602 11215
3702 8272
3802 9986
3902 19355
4002 31918
4102 18483
4202 9788
4302 2979
4402 10193
4502 54300
4602 32938
4702 55780
4802 7199
4902 31326
5002 57114
5102 3221
5202 64715
5302 7562
5402 59124
5502 49594
5602 55497
5702 60194
5802 4379
5902 2068
6002 33928
6102 40628
6202 1956
6302 21022
6402 13874
6502 9243
6602 45584
6702 52132
6802 5882
6902 4760
7002 911
7102 16437
7202 28279
7302 47805
7402 7569
7502 15423
7602 6366
7702 41236
7802 10000
7902 42672
8002 58097
8102 55722
8202 14039
8302 59393
8402 75
8502 37540
8602 38349
8702 17779
8802 63238
8902 41298
9002 4431
9102 22674
9202 62198
9302 2998
9402 59918
9502 3399
9602 46411
9702 63427
9802 29763
9902 56576
10002 60162
10102 8740
10202 61549
10302 22046
10402 16825
10502 54913
10602 57192
10702 20772
10802 28489
10902 36660
11002 17545
11102 61299
11202 54688
11302 24236
11402 46756
11502 30924
11602 16818
11702 30189
11802 57565
11902 32126
12002 2064
12102 25145
12202 33105
12302 6372
12402 53416
12502 46333
12602 11349
12702 5867
12802 64993
12902 303
13002 59939
13102 61178
13202 8428
13302 13981
13402 52434
13502 61686
13602 11866
13702 15369
13802 11302
13902 13048
14002 40841
14102 56791
14202 2972
14302 39438
14402 59395
14502 40999
14602 8114
14702 42476
14802 59075
14902 11883
15002 9449
15102 25005
15202 30975
15302 21401
15402 25359
15502 18611
15602 47886
15702 58673
15802 17979
15902 4931
16002 10441
16102 34065
16202 49390
16302 25691
16402 48852
16502 2471
16602 9479
16702 26204
16802 24048
16902 29968
17002 40635
17102 604
17202 62317
17302 32777
17402 16704
17502 44002
17602 42999
17702 53505
17802 33932
17902 43784
18002 16234
18102 29307
18202 4017
18302 5046
18402 54144
18502 65532
18602 15374
18702 59419
18802 44065
18902 37761
19002 53149
19102 56165
19202 48491
19302 46486
19402 6340
19502 18302
19602 52603
19702 63998
19802 24411
19902 57165
20002 16577
20102 21760
20202 20805
20302 26830
20402 9738
20502 27143
20602 45638
20702 26222
20802 6180
20902 64804
21002 51671
21102 54568
21202 39309
21302 11440
21402 39291
21502 7687
21602 61126
21702 25158
21802 45895
21902 42311
22002 18840
22102 7659
22202 35439
22302 12482
22402 15469
22502 27835
22602 55392
22702 3486
22802 24022
22902 33077
23002 30236
23102 7498
23202 13974
23302 45249
23402 5068
23502 18111
23602 12241
23702 9007
23802 54416
23902 14568
24002 33893
24102 56491
24202 22311
24302 61789
24402 773
24502 57819
24602 59236
24702 47037
24802 16820
24902 7790
25002 21306
25102 61264
25202 13437
25302 47148
25402 37780
25502 52413
25602 56947
25702 11608
25802 16959
25902 25406
26002 52746
26102 6337
26202 9785
26302 38445
26402 47119
26502 6640
26602 34533
26702 48093
26802 21606
26902 52470
27002 29638
27102 51453
27202 17757
27302 17901
27402 27766
27502 50633
27602 62676
27702 35166
27802 1679
27902 16927
28002 52952
28102 5617
28202 56217
28302 16627
28402 4878
28502 61347
28602 11947
28702 15658
28802 12424
28902 26394
29002 36383
29102 40062
29202 27444
29302 25048
29402 49610
29502 54931
29602 31828
29702 44503
29802 53057
29902 15030
30002 3213
30102 58423
30202 64623
30302 22385
30402 60761
30502 5055
30602 32197
30702 11850
30802 18815
30902 40047
31002 6504
31102 41016
31202 52150
31302 32757
31402 8458
31502 46399
31602 62244
31702 31135
31802 33542
31902 61250
32002 63043
32102 50918
32202 13428
32302 41587
32402 1497
32502 24540
32602 37357
32702 19832
32802 3085
32902 25793
33002 3557
33102 38961
33202 4011
33302 9116
33402 27509
33502 791
33602 38797
33702 27619
33802 46730
33902 37790
34002 42523
34102 26037
34202 35729
34302 30424
34402 45158
34502 8765
34602 18461
34702 60356
34802 16310
34902 13792
35002 12336
35102 57491
35202 35446
35302 3446
35402 11206
35502 13551
35602 11640
35702 64854
35802 44049
35902 62333
36002 8629
36102 27651
36202 19725
36302 22290
36402 60150
36502 61752
36602 55003
36702 18947
36802 554
36902 8343
37002 12877
37102 11614
37202 27323
37302 14749
37402 1458
37502 46177
37602 45138
37702 25155
37802 23460
37902 56667
38002 41912
38102 51206
38202 31227
38302 37979
38402 31517
38502 19167
38602 3309
38702 20315
38802 31648
38902 49062
39002 12823
39102 19846
39202 24466
39302 8121
39402 1194
39502 19980
39602 41746
39702 21331
39802 12535
39902 5913
40002 19944
40102 47122
40202 17157
40302 47882
40402 35596
40502 12650
40602 22332
40702 27351
40802 62251
40902 7764
41002 64303
41102 63889
41202 37254
41302 8330
41402 11056
41502 6032
41602 15748
41702 50941
41802 50094
41902 7407
42002 18009
42102 18783
42202 49881
42302 11289
42402 39798
42502 18242
42602 5178
42702 25841
42802 9727
42902 57885
43002 52685
43102 53467
43202 267
43302 38272
43402 34337
43502 20306
43602 58861
43702 10936
43802 57541
43902 19379
44002 60195
44102 48416
44202 57066
44302 9907
44402 33486
44502 64600
44602 35657
44702 19524
44802 8295
44902 20524
45002 12357
45102 22543
45202 34230
45302 61643
45402 44790
45502 64692
45602 36606
45702 57663
45802 14674
45902 34872
46002 12561
46102 43915
46202 43266
46302 41216
46402 25108
46502 26165
46602 63758
46702 52224
46802 54125
46902 58280
47002 62007
47102 25043
47202 20085
47302 16209
47402 48315
47502 49437
47602 34025
47702 55067
47802 28537
47902 37131
48002 36919
48102 32925
48202 43359
48302 31518
48402 39203
48502 63742
48602 25453
48702 50447
48802 31190
48902 14914
49002 12869
49102 22876
49202 31999
49302 3302
49402 41384
49502 55533
49602 22696
49702 26206
49802 52983
49902 62166
50002 24210
50102 54364
50202 41295
50302 64666
50402 41757
50502 47671
50602 33323
50702 47700
50802 60067
50902 38906
51002 3348
51102 27408
51202 39483
51302 53834
51402 7092
51502 25630
51602 9939
51702 44727
51802 33912
51902 6591
52002 38198
52102 53412
52202 51287
52302 65194
52402 61808
52502 40148
52602 64460
52702 636
52802 40862
52902 23359
53002 11698
53102 50980
53202 51058
53302 1201
53402 55273
53502 26592
53602 38530
53702 48484
53802 62296
53902 10733
54002 55459
54102 26539
54202 14485
54302 19436
54402 39022
54502 26560
54602 23583
54702 62911
54802 10874
54902 38400
55002 22476
55102 16358
55202 49362
55302 56005
55402 50529
55502 53706
55602 35172
55702 14755
55802 58432
55902 32000
56002 35307
56102 31734
56202 59862
56302 13483
56402 2695
56502 54857
56602 32181
56702 7117
56802 11309
56902 47994
57002 36683
57102 1462
57202 37168
57302 58610
57402 16821
57502 30741
57602 36775
57702 9985
57802 26406
57902 19054
58002 45939
58102 54230
58202 43575
58302 64925
58402 55515
58502 30797
58602 7538
58702 56608
58802 16658
58902 64041
59002 23262
59102 46757
59202 48644
59302 56838
59402 29478
59502 24440
59602 59711
59702 8011
59802 32593
59902 60255
60002 35500
60102 1946
60202 26820
60302 20473
60402 15550
60502 5481
60602 47929
60702 30832
60802 25635
60902 41272
61002 37688
61102 59438
61202 43722
61302 42167
61402 48336
61502 4681
61602 45963
61702 14702
61802 18016
61902 56628
62002 17367
62102 51640
62202 20387
62302 49603
62402 17931
62502 63579
62602 15328
62702 467
62802 45962
62902 49698
63002 45542
63102 28788
63202 2625
63302 37806
63402 5039
63502 23881
63602 13049
63702 50530
63802 48158
63902 11965
64002 40131
64102 2228
64202 29128
64302 17075
64402 42451
64502 58870
64602 48480
64702 1483
64802 30618
64902 25749
65002 60454
65102 64312
65202 21480
65302 28174
65402 36857
65502 55245
65602 41627
65702 38285
65802 6427
65902 43074
66002 34668
66102 28671
66202 62722
66302 8676
66402 61801
66502 21841
66602 64631
66702 53298
66802 30626
66902 20142
67002 5385
67102 42976
67202 36535
67302 29352
67402 43883
67502 43269
67602 58272
67702 37008
67802 42008
67902 12596
68002 49027
68102 8625
68202 36483
68302 59525
68402 20
68502 44419
68602 61188
68702 64862
68802 27808
68902 41212
69002 60963
69102 9005
69202 46714
69302 14919
69402 61552
69502 30897
69602 6304
69702 46989
69802 25
69902 2919
70002 20594
70102 63650
70202 30253
70302 60309
70402 18846
70502 21852
70602 52003
70702 16071
70802 37712
70902 42405
71002 47512
71102 7365
71202 35612
71302 54260
71402 40260
71502 34174
71602 15818
71702 33285
71802 14902
71902 24813
72002 54128
72102 21165
72202 38388
72302 20922
72402 15798
72502 18611
72602 3173
72702 48392
72802 24683
72902 55199
73002 37263
73102 60596
73202 16009
73302 7268
73402 31712
73502 22382
73602 51251
73702 2161
73802 25107
73902 52423
74002 52602
74102 62423
74202 4900
74302 8990
74402 2716
74502 55865
74602 49288
74702 63824
74802 8893
74902 5114
75002 31134
75102 54244
75202 41900
75302 22976
75402 42343
75502 41614
75602 31732
75702 35128
75802 4661
75902 13318
76002 60206
76102 7227
76202 50376
76302 48134
76402 54954
76502 39550
76602 54092
76702 56662
76802 1434
76902 39673
77002 5473
77102 19375
77202 35275
77302 35263
77402 13163
77502 64937
77602 49620
77702 53049
77802 1018
77902 46851
78002 29997
78102 7893
78202 32358
78302 54166
78402 63538
78502 17986
78602 4532
78702 65468
78802 38450
78902 28819
79002 46997
79102 10784
79202 5886
79302 3630
79402 22388
79502 28633
79602 50939
79702 16988
79802 60644
79902 11932
80002 62207
80102 3636
80202 10356
80302 11955
80402 23477
80502 41330
80602 49190
80702 9071
80802 59433
80902 49278
81002 38357
81102 35573
81202 48674
81302 717
81402 44791
81502 29365
81602 7852
81702 40208
81802 2540
81902 60240
82002 46906
82102 58868
82202 12411
82302 51912
82402 11485
82502 8705
82602 36478
82702 53746
82802 35837
82902 26754
83002 44105
83102 2372
83202 62706
83302 21718
83402 38814
83502 28338
83602 34427
83702 14701
83802 57931
83902 35697
84002 55422
84102 29336
84202 13737
84302 42724
84402 5837
84502 51651
84602 60872
84702 40395
84802 40759
84902 22060
85002 55529
85102 33653
85202 14636
85302 30515
85402 21094
85502 16130
85602 45512
85702 35540
85802 64080
85902 59383
86002 9648
86102 55292
86202 12143
86302 26625
86402 57633
86502 42460
86602 1874
86702 24817
86802 43115
86902 19952
87002 10370
87102 29890
87202 32269
87302 31343
87402 37475
87502 37655
87602 13828
87702 48976
87802 42493
87902 50116
88002 18654
88102 33606
88202 42100
88302 1543
88402 10238
88502 27856
88602 2085
88702 28009
88802 13090
88902 8254
89002 23061
89102 12960
89202 4976
89302 64003
89402 19970
89502 43487
89602 19281
89702 60156
89802 16449
89902 3747
90002 31864
90102 42762
90202 32281
90302 18338
90402 58242
90502 41006
90602 25599
90702 50501
90802 16577
90902 29467
91002 8816
91102 46549
91202 7058
91302 50354
91402 32483
91502 46517
91602 54043
91702 6028
91802 33064
91902 8027
92002 43161
92102 33121
92202 19937
92302 3985
92402 53761
92502 17944
92602 20716
92702 52120
92802 15227
92902 32522
93002 3007
93102 27404
93202 38728
93302 47414
93402 12343
93502 32963
93602 60974
93702 32241
93802 3662
93902 31998
94002 6694
94102 62887
94202 55892
94302 11243
94402 51191
94502 30507
94602 6473
94702 23284
94802 5813
94902 63466
95002 32173
95102 30627
95202 21291
95302 11271
95402 62773
95502 40354
95602 34495
95702 29353
95802 36751
95902 42733
96002 40430
96102 49101
96202 47359
96302 30759
96402 14187
96502 57642
96602 46144
96702 22068
96802 43925
96902 1457
97002 39020
97102 21303
97202 39174
97302 49958
97402 61550
97502 34752
97602 58489
97702 20906
97802 35277
97902 16393
98002 64834
98102 32656
98202 57740
98302 16765
98402 17801
98502 34441
98602 57572
98702 35978
98802 5181
98902 36897
99002 10769
99102 4078
99202 42668
99302 46333
99402 51958
99502 28041
99602 21314
99702 44151
99802 26219
99902 39568
100002 12600
100102 40931
100202 61241
100302 48527
100402 30250
100502 29378
100602 13953
100702 54146
100802 59444
100902 50504
101002 40484
101102 52342
101202 38937
101302 25819
101402 17309
101502 30987
101602 56531
101702 9173
101802 11358
101902 20879
102002 44465
102102 35823
102202 57800
102302 63674
102402 40242
102502 9536
102602 515
102702 23750
102802 32083
102902 34730
103002 3980
103102 45598
103202 54701
103302 63071
103402 15396
103502 21461
103602 7305
103702 25449
103802 4203
103902 55258
104002 48931
104102 34924
104202 17845
104302 21020
104402 57226
104502 30915
104602 50534
104702 62220
104802 27769
104902 53153
105002 18605
105102 30114
105202 38504
105302 15793
105402 3608
105502 14971
105602 51919
105702 50262
105802 18202
105902 54279
106002 61148
106102 62024
106202 30257
106302 26575
106402 7486
106502 43584
106602 25272
106702 39338
106802 8982
106902 45185
107002 56335
107102 6257
107202 20665
107302 15899
107402 28550
107502 59296
107602 13013
107702 49443
107802 43348
107902 58295
108002 28757
108102 45948
108202 1275
108302 39126
108402 63350
108502 13653
108602 24358
108702 21448
108802 38321
108902 59353
109002 19527
109102 23989
109202 52904
109302 24072
109402 65425
109502 49779
109602 20105
109702 101
109802 27697
109902 48741
110002 28687
110102 26211
110202 40621
110302 22752
110402 18410
110502 42463
110602 22563
110702 44382
110802 14743
110902 4073
111002 40598
111102 15040
111202 18891
111302 22770
111402 15028
111502 5799
111602 21837
111702 52628
111802 50120
111902 290
112002 60689
112102 14688
112202 35915
112302 37106
112402 40111
112502 63576
112602 14525
112702 26935
112802 52699
112902 7339
113002 4746
113102 10478
113202 46986
113302 9159
113402 25347
113502 65310
113602 55951
113702 23988
113802 29444
113902 64073
114002 36585
114102 19827
114202 1222
114302 38316
114402 52046
114502 29532
114602 49552
114702 7100
114802 41314
114902 503
115002 27417
115102 52214
115202 44367
115302 11393
115402 22598
115502 48712
115602 15367
115702 35272
115802 30314
115902 49219
116002 13819
116102 2554
116202 46770
116302 5442
116402 34011
116502 31057
116602 4210
116702 65441
116802 65421
116902 4981
117002 14125
117102 13623
117202 62090
117302 1172
117402 22367
117502 9199
117602 8866
117702 56116
117802 3797
117902 32993
118002 36077
118102 55998
118202 5540
118302 9853
118402 11353
118502 6097
118602 32507
118702 23684
118802 12530
118902 42294
119002 29310
119102 47072
119202 46838
119302 18435
119402 41798
119502 26135
119602 3586
119702 10220
119802 48017
119902 27913
120002 51781
120102 46658
120202 49091
120302 31885
120402 24679
120502 47372
120602 53029
120702 7167
120802 28818
120902 12845
121002 188
121102 30171
121202 29202
121302 17604
121402 27360
121502 54874
121602 52567
121702 27717
121802 47590
121902 48709
122002 11652
122102 20152
122202 48731
122302 27714
122402 28610
122502 49467
122602 52943
122702 45079
122802 3279
122902 10508
123002 37868
123102 54238
123202 42515
123302 62840
123402 6703
123502 25998
123602 35614
123702 14618
123802 60264
123902 30869
124002 35199
124102 4525
124202 10917
124302 44502
124402 46122
124502 32917
124602 15840
124702 59201
124802 29653
124902 21131
125002 6553
125102 4466
125202 64784
125302 36439
125402 52074
125502 36431
125602 26175
125702 30169
125802 16959
125902 64934
126002 52979
126102 56965
126202 10598
126302 33412
126402 7853
126502 61845
126602 44799
126702 32502
126802 53249
126902 4501
127002 52527
127102 55199
127202 62233
127302 36257
127402 22671
127502 22837
127602 54459
127702 50717
127802 54699
127902 15061
128002 55485
128102 12312
128202 2709
128302 42698
128402 17152
128502 23418
128602 48927
128702 7829
128802 6262
128902 14306
129002 11997
129102 14340
129202 26932
129302 63833
129402 32687
129502 59624
129602 47758
129702 36066
129802 44695
129902 12919
130002 49267
130102 46554
130202 27786
130302 22138
130402 62386
130502 18069
130602 28534
130702 3673
130802 32981
130902 39410
131002 9862
131102 48024
131202 40476
131302 39884
131402 63506
131502 6425
131602 48946
131702 44412
131802 11098
131902 36904
132002 35472
132102 5399
132202 25433
132302 33745
132402 56270
132502 18226
132602 3082
132702 56676
132802 27497
132902 48573
133002 27918
133102 40233
133202 44319
133302 44165
133402 28041
133502 25694
133602 50092
133702 57198
133802 24818
133902 4932
134002 54119
134102 46737
134202 16297
134302 19151
134402 11163
134502 27674
134602 56652
134702 20920
134802 12842
134902 38544
135002 31333
135102 35364
135202 19215
135302 19888
135402 26750
135502 40184
135602 28283
135702 57545
135802 17784
135902 11187
136002 42128
136102 4285
136202 12623
136302 25007
136402 61061
136502 1369
136602 12945
136702 48723
136802 6353
136902 16718
137002 59786
137102 20406
137202 62674
137302 31673
137402 24716
137502 38084
137602 28072
137702 52226
137802 25677
137902 42681
138002 50405
138102 61412
138202 41505
138302 14642
138402 12631
138502 56982
138602 65341
138702 28057
138802 44851
138902 58772
139002 10234
139102 2808
139202 4507
139302 39788
139402 43354
139502 8381
139602 30864
139702 27815
139802 15539
139902 21259
140002 48905
140102 24873
140202 26931
140302 59684
140402 41098
140502 13060
140602 3088
140702 11126
140802 30345
140902 60729
141002 61786
141102 7249
141202 53332
141302 31470
141402 4718
141502 2975
141602 2267
141702 3667
141802 37268
141902 29500
142002 51455
142102 20877
142202 43299
142302 53776
142402 43316
142502 55340
142602 48659
142702 50715
142802 42704
142902 2344
143002 22165
143102 35255
143202 16276
143302 8905
143402 52355
143502 51018
143602 35485
143702 42675
143802 31659
143902 1409
144002 28831
144102 43538
144202 65095
144302 4877
144402 45143
144502 65116
144602 27888
144702 21853
144802 2860
144902 29074
145002 58435
145102 63340
145202 49455
145302 24191
145402 32928
145502 34726
145602 26457
145702 36690
145802 43872
145902 56653
146002 1802
146102 37118
146202 7696
146302 40223
146402 36626
146502 64163
146602 7734
146702 5892
146802 14344
146902 62173
147002 52634
147102 47402
147202 56418
147302 58844
147402 63006
147502 29245
147602 23670
147702 43461
147802 44888
147902 62174
148002 14326
148102 53365
148202 57442
148302 26675
148402 40560
148502 34248
148602 3252
148702 5359
148802 36673
148902 56165
149002 59152
149102 25011
149202 23510
149302 60474
149402 7675
149502 50506
149602 3983
149702 9815
149802 22292
149902 49696
150002 24743
150102 60076
150202 50947
150302 38722
150402 63726
150502 693
150602 33095
150702 37504
150802 58131
150902 19023
151002 30716
151102 2077
151202 23174
151302 62597
151402 21672
151502 44089
151602 56641
151702 63344
151802 32574
151902 64460
152002 21287
152102 57163
152202 1651
152302 41105
152402 64946
152502 32028
152602 27444
152702 49677
152802 969
152902 23226
153002 49398
153102 25806
153202 42806
153302 37372
153402 52562
153502 16644
153602 53470
153702 32410
153802 39614
153902 50755
154002 53856
154102 60425
154202 35040
154302 29084
154402 45964
154502 41955
154602 484
154702 40404
154802 4145
154902 47906
155002 4759
155102 45470
155202 25576
155302 3372
155402 61486
155502 53121
155602 3950
155702 33346
155802 7757
155902 37625
156002 31533
156102 13244
156202 43295
156302 12487
156402 13858
156502 61509
156602 20557
156702 20325
156802 26124
156902 62732
157002 20664
157102 26572
157202 29718
157302 31017
157402 57647
157502 37725
157602 63840
157702 26558
157802 28139
157902 5445
158002 53950
158102 7321
158202 1302
158302 7815
158402 32247
158502 51606
158602 14796
158702 20999
158802 9428
158902 64527
159002 45383
159102 26085
159202 36898
159302 57091
159402 782
159502 46643
159602 53357
159702 6444
159802 58041
159902 18534
160002 45998
160102 29626
160202 62340
160302 16675
160402 2153
160502 50480
160602 20030
160702 56740
160802 23212
160902 51405
161002 44827
161102 2044
161202 41331
161302 64899
161402 32535
161502 41436
161602 38950
161702 62514
161802 4641
161902 45927
162002 5548
162102 44327
162202 48315
162302 61422
162402 13955
162502 43072
162602 65406
162702 5843
162802 31733
162902 60505
163002 46925
163102 34634
163202 54976
163302 55589
163402 21876
163502 20766
163602 63211
163702 35954
163802 6473
163902 53208
164002 53933
164102 25977
164202 50955
164302 7570
164402 11110
164502 26229
164602 45126
164702 53099
164802 19722
164902 38742
165002 28004
165102 53120
165202 27097
165302 57866
165402 46941
165502 6604
165602 58122
165702 64464
165802 44322
165902 15625
166002 54990
166102 7747
166202 31230
166302 49552
166402 6526
166502 58214
166602 27969
166702 65357
166802 18381
166902 57268
167002 53035
167102 576
167202 37656
167302 64046
167402 7917
167502 3901
167602 52919
167702 31927
167802 5560
167902 3293
168002 33727
168102 30737
168202 20272
168302 36634
168402 33588
168502 12635
168602 17578
168702 49470
168802 52063
168902 22947
169002 24043
169102 38849
169202 31618
169302 31609
169402 396
169502 42044
169602 34636
169702 47409
169802 15332
169902 4953
170002 58764
170102 50003
170202 2971
170302 59664
170402 50683
170502 62769
170602 65035
170702 59336
170802 44280
170902 43239
171002 49985
171102 3930
171202 32295
171302 3461
171402 3252
171502 9484
171602 65353
171702 65168
171802 31688
171902 46575
172002 10588
172102 60660
172202 55417
172302 28187
172402 34717
172502 63563
172602 14168
172702 2497
172802 24429
172902 14222
173002 25006
173102 1933
173202 31990
173302 17274
173402 6630
173502 49457
173602 34399
173702 4319
173802 61261
173902 34490
174002 14007
174102 57139
174202 34383
174302 49218
174402 25858
174502 62930
174602 38371
174702 59035
174802 54172
174902 38508
175002 41136
175102 62042
175202 24382
175302 54363
175402 49845
175502 28887
175602 55607
175702 10492
175802 31547
175902 23206
176002 5223
176102 10736
176202 3555
176302 2249
176402 2313
176502 24811
176602 34585
176702 8504
176802 29235
176902 55668
177002 46005
177102 60943
177202 26972
177302 47750
177402 53314
177502 14320
177602 45012
177702 4184
177802 22764
177902 25565
178002 24691
178102 61945
178202 64582
178302 872
178402 37226
178502 62365
178602 37562
178702 35052
178802 14213
178902 62543
179002 63202
179102 12377
179202 4222
179302 24177
179402 9654
179502 58931
179602 40331
179702 36646
179802 46792
179902 44762
180002 59100
180102 40389
180202 21611
180302 10917
180402 53173
180502 36100
180602 19320
180702 49227
180802 13864
180902 31980
181002 40110
181102 39206
181202 49000
181302 17814
181402 4562
181502 22769
181602 63270
181702 51348
181802 20849
181902 42988
182002 37445
182102 60667
182202 16854
182302 12861
182402 47599
182502 14024
182602 26075
182702 3981
182802 19258
182902 9278
183002 31563
183102 59922
183202 37851
183302 65331
183402 32059
183502 63323
183602 35407
183702 7854
183802 19077
183902 45317
184002 23261
184102 60551
184202 41332
184302 24045
184402 8608
184502 58700
184602 33223
184702 32304
184802 50399
184902 27341
185002 48762
185102 26693
185202 18740
185302 1572
185402 23775
185502 26686
185602 20729
185702 3499
185802 56390
185902 35758
186002 26621
186102 11626
186202 30598
186302 56071
186402 16189
186502 32714
186602 51559
186702 58457
186802 17491
186902 14415
187002 54910
187102 30422
187202 58925
187302 26207
187402 63054
187502 31466
187602 58537
187702 55446
187802 63514
187902 1784
188002 31709
188102 35218
188202 3447
188302 2855
188402 18177
188502 11834
188602 13433
188702 33199
188802 63591
188902 8322
189002 1766
189102 43346
189202 8721
189302 53196
189402 41494
189502 4586
189602 50159
189702 27565
189802 62380
189902 39873
190002 30625
190102 27159
190202 34214
190302 3302
190402 32121
190502 26283
190602 4318
190702 45290
190802 7807
190902 4364
191002 35175
191102 20483
191202 12954
191302 64940
191402 10018
191502 40221
191602 59145
191702 7242
191802 7950
191902 61840
192002 10628
192102 22445
192202 21582
192302 11556
192402 56270
192502 62418
192602 2561
192702 57523
192802 30798
192902 62495
193002 62226
193102 53198
193202 57576
193302 25658
193402 31650
193502 21091
193602 26190
193702 23705
193802 64196
193902 55172
194002 2703
194102 58212
194202 54411
194302 10049
194402 28110
194502 19464
194602 7846
194702 49757
194802 51143
194902 19139
195002 5794
195102 8140
195202 21213
195302 40120
195402 40301
195502 48169
195602 62816
195702 21468
195802 34480
195902 48361
196002 24530
196102 35797
196202 20106
196302 15827
196402 55180
196502 46522
196602 57880
196702 48776
196802 22776
196902 12605
197002 26399
197102 31286
197202 39894
197302 53903
197402 34856
197502 35880
197602 30039
197702 65507
197802 15904
197902 31328
198002 39814
198102 39833
198202 8417
198302 35112
198402 6047
198502 35813
198602 47677
198702 30065
198802 57532
198902 49864
199002 49882
199102 60830
199202 137
199302 64412
199402 24336
199502 2256
199602 18078
199702 39315
199802 8264
199902 62888
200002 18063
200102 26314
200202 34316
200302 16334
200402 61206
200502 40118
200602 21713
200702 6750
200802 57179
200902 59178
201002 51179
201102 51404
201202 26834
201302 3866
201402 48876
201502 1353
201602 50379
201702 9431
201802 40312
201902 60948
202002 55515
202102 62390
202202 1423
202302 7725
202402 30249
202502 20541
202602 41086
202702 7378
202802 3908
202902 36811
203002 3572
203102 1738
203202 30345
203302 24426
203402 46381
203502 11044
203602 63940
203702 5420
203802 6678
203902 9102
204002 48290
204102 40319
204202 41415
204302 28583
204402 38225
204502 14298
204602 45257
204702 25362
204802 62466
204902 6484
205002 16637
205102 50531
205202 42653
205302 62793
205402 16192
205502 17975
205602 19103
205702 30200
205802 6611
205902 26207
206002 15573
206102 47067
206202 53923
206302 34685
206402 14275
206502 9510
206602 4404
206702 17560
206802 53821
206902 19704
207002 49306
207102 33508
207202 3509
207302 33469
207402 26346
207502 11331
207602 17071
207702 48698
207802 28023
207902 11813
208002 53014
208102 63749
208202 23495
208302 54648
208402 36830
208502 26933
208602 60336
208702 61057
208802 2757
208902 63095
209002 43252
209102 10671
209202 44972
209302 9985
209402 41637
209502 14135
209602 42815
209702 50737
209802 39251
209902 32736
210002 58150
210102 43559
210202 37572
210302 60633
210402 61575
210502 48918
210602 6240
210702 38042
210802 38778
210902 20736
211002 29050
211102 64552
211202 40457
211302 2184
211402 9983
211502 38391
211602 39401
211702 59809
211802 51842
211902 23174
212002 21086
212102 44018
212202 43475
212302 14121
212402 56754
212502 51855
212602 27156
212702 29425
212802 37578
212902 11425
213002 47873
213102 50440
213202 44296
213302 48667
213402 39883
213502 46957
213602 9989
213702 57986
213802 18414
213902 33949
214002 37149
214102 10243
214202 93
214302 39517
214402 6292
214502 65335
214602 9293
214702 53910
214802 47861
214902 968
215002 11421
215102 43582
215202 13371
215302 2284
215402 36856
215502 58760
215602 7127
215702 55004
215802 64697
215902 57391
216002 32498
216102 6387
216202 3859
216302 22875
216402 58629
216502 38170
216602 65350
216702 53752
216802 48752
216902 41428
217002 44692
217102 40858
217202 37208
217302 32566
217402 45581
217502 21974
217602 35269
217702 35055
217802 53109
217902 23744
218002 58549
218102 3720
218202 40354
218302 18966
218402 52452
218502 19551
218602 2292
218702 35680
218802 2975
218902 41142
219002 5965
219102 64538
219202 20439
219302 62052
219402 8880
219502 64559
219602 29816
219702 46014
219802 14022
219902 62970
220002 541
220102 858
220202 39563
220302 54126
220402 22468
220502 61655
220602 52962
220702 5777
220802 19882
220902 4081
221002 25329
221102 50724
221202 42728
221302 24800
221402 25611
221502 61833
221602 48742
221702 31102
221802 55834
221902 17861
222002 13232
222102 63190
222202 1107
222302 3038
222402 57238
222502 44269
222602 37539
222702 47960
222802 45508
222902 28333
223002 57549
223102 61256
223202 10031
223302 61717
223402 39701
223502 34809
223602 14500
223702 4645
223802 19020
223902 22045
224002 45344
224102 51984
224202 48678
224302 8725
224402 11582
224502 26853
224602 14172
224702 21877
224802 54404
224902 25003
225002 3906
225102 21996
225202 34752
225302 28378
225402 40442
225502 41067
225602 53110
225702 25328
225802 52231
225902 43991
226002 19143
226102 50855
226202 44968
226302 56345
226402 4092
226502 33584
226602 23488
226702 65432
226802 46648
226902 12380
227002 5026
227102 46339
227202 41976
227302 15323
227402 27886
227502 61142
227602 57210
227702 24090
227802 64381
227902 3281
228002 21565
228102 48703
228202 49722
228302 3653
228402 2955
228502 48018
228602 30976
228702 15826
228802 34672
228902 8478
229002 52127
229102 63017
229202 54854
229302 26057
229402 42159
229502 53564
229602 30308
229702 37326
229802 7032
229902 43273
230002 64163
230102 31424
230202 8745
230302 20569
230402 64456
230502 5286
230602 43962
230702 12715
230802 61224
230902 40182
231002 57364
231102 27927
231202 50280
231302 10051
231402 47077
231502 40068
231602 53610
231702 17851
231802 33582
231902 16620
232002 18149
232102 35995
232202 45702
232302 40648
232402 3287
232502 17611
232602 5090
232702 46448
232802 22540
232902 82
233002 17723
233102 7446
233202 62798
233302 17426
233402 22726
233502 17673
233602 28192
233702 53978
233802 5446
233902 19235
234002 39022
234102 38920
234202 22989
234302 62288
234402 9779
234502 14073
234602 43076
234702 25098
234802 34580
234902 65210
235002 8323
235102 15618
235202 17657
235302 64277
235402 54816
235502 7794
235602 27530
235702 63685
235802 47759
235902 33757
236002 38183
236102 34273
236202 32696
236302 21417
236402 16334
236502 8144
236602 8957
236702 54257
236802 37612
236902 20978
237002 429
237102 61313
237202 21453
237302 40720
237402 56480
237502 65371
237602 53478
237702 50436
237802 42674
237902 59874
238002 8747
238102 51965
238202 27721
238302 25228
238402 54281
238502 53295
238602 59356
238702 29780
238802 44724
238902 62593
239002 44710
239102 59117
239202 57791
239302 14197
239402 24843
239502 51098
239602 16632
239702 65493
239802 18216
239902 55654
240002 4564
240102 10792
240202 51390
240302 15502
240402 47758
240502 58712
240602 15924
240702 42340
240802 27363
240902 6161
241002 37764
241102 65152
241202 53594
241302 18777
241402 29176
241502 50646
241602 43864
241702 42234
241802 30968
241902 5674
242002 4972
242102 55562
242202 11380
242302 12304
242402 41663
242502 19441
242602 18955
242702 62835
242802 48558
242902 17390
243002 20263
243102 47327
243202 8382
243302 45758
243402 52391
243502 14592
243602 12523
243702 22397
243802 63668
243902 14468
244002 63583
244102 38170
244202 48652
244302 11434
244402 11351
244502 35480
244602 1392
244702 51877
244802 36415
244902 5830
245002 5130
245102 27554
245202 28638
245302 26661
245402 1333
245502 29976
245602 63845
245702 25478
245802 18353
245902 22133
246002 12504
246102 34151
246202 27493
246302 13766
246402 23243
246502 4767
246602 39129
246702 51389
246802 2073
246902 36818
247002 43540
247102 32027
247202 55035
247302 25904
247402 39134
247502 11328
247602 4591
247702 52088
247802 25426
247902 30819
248002 28422
248102 3708
248202 657
248302 44655
248402 57293
248502 19674
248602 25854
248702 28352
248802 24013
248902 37084
249002 20267
249102 28460
249202 7634
249302 13994
249402 57673
249502 40882
249602 22401
249702 23845
249802 47583
249902 23217
250002 24386
250102 34788
250202 21805
250302 11633
250402 40900
250502 40143
250602 58216
250702 32053
250802 21679
250902 25054
251002 49847
251102 51875
251202 56922
251302 49343
251402 45774
251502 44449
251602 17014
251702 32209
251802 19438
251902 59891
252002 39595
252102 33874
252202 56362
252302 30903
252402 28388
252502 24705
252602 1158
252702 25197
252802 39343
252902 59647
253002 39108
253102 49609
253202 46654
253302 49612
253402 9924
253502 20316
253602 29569
253702 25962
253802 1671
253902 54251
254002 15352
254102 42643
254202 32389
254302 3178
254402 6119
254502 41238
254602 44538
254702 4340
254802 33552
254902 13386
255002 41790
255102 32506
255202 32029
255302 60146
255402 10111
255502 2257
255602 15903
255702 18390
255802 54696
255902 52484
256002 41997
256102 23135
256202 46122
256302 60162
256402 30937
256502 12802
256602 46276
256702 24367
256802 17220
256902 30080
257002 19655
257102 2494
257202 52556
257302 37456
257402 61343
257502 40181
257602 46831
257702 43264
257802 27842
257902 27223
258002 17283
258102 63994
258202 61924
258302 65421
258402 48020
258502 49956
258602 62750
258702 36474
258802 17862
258902 64084
259002 63060
259102 657
259202 64083
259302 19640
259402 45469
259502 28702
259602 23601
259702 18208
259802 63428
259902 55611
260002 22403
260102 14576
260202 6928
260302 13455
260402 47069
260502 37123
260602 54719
260702 64600
260802 43128
260902 55784
261002 29611
261102 55851
261202 39018
261302 6633
261402 1523
261502 57573
261602 65044
261702 13156
261802 13967
261902 29378
262002 58305
262102 14797
262202 29351
262302 23446
262402 43315
262502 45118
262602 13007
262702 49531
262802 20114
262902 62665
263002 39630
263102 53131
263202 33091
263302 56546
263402 49728
263502 50881
263602 15266
263702 33029
263802 43081
263902 18632
264002 23064
264102 48205
264202 6058
264302 18415
264402 24591
264502 11617
264602 54348
264702 45334
264802 18905
264902 53451
265002 61271
265102 4005
265202 4013
265302 13523
265402 15858
265502 35367
265602 56298
265702 7123
265802 15676
265902 46574
266002 9449
266102 56200
266202 8192
266302 50852
266402 1120
266502 58223
266602 16701
266702 19211
266802 43936
266902 11192
267002 56190
267102 37278
267202 13414
267302 48171
267402 37583
267502 16905
267602 46424
267702 7732
267802 27004
267902 42494
268002 13302
268102 47284
268202 26679
268302 60862
268402 64083
268502 33460
268602 44565
268702 43521
268802 16152
268902 52374
269002 16799
269102 58666
269202 474
269302 691
269402 53507
269502 9362
269602 14059
269702 15134
269802 22937
269902 20278
270002 50709
270102 42428
270202 63236
270302 9939
270402 44519
270502 35227
270602 37499
270702 54424
270802 15728
270902 43123
271002 13551
271102 54708
271202 57465
271302 3758
271402 29298
271502 47467
271602 33282
271702 22113
271802 11876
271902 38049
272002 18876
272102 4432
272202 395
272302 11182
272402 22793
272502 45677
272602 53938
272702 17432
272802 54256
272902 24808
273002 45618
273102 65491
273202 32221
273302 20651
273402 38093
273502 41378
273602 10306
273702 16818
273802 47340
273902 40253
274002 54617
274102 17556
274202 53609
274302 64890
274402 24323
274502 57566
274602 52280
274702 42338
274802 25429
274902 42541
275002 63239
275102 7845
275202 32217
275302 27297
275402 15520
275502 43794
275602 21890
275702 5746
275802 57164
275902 3360
276002 52210
276102 29234
276202 11752
276302 32021
276402 3875
276502 832
276602 29507
276702 672
276802 5859
276902 1715
277002 60831
277102 1998
277202 21524
277302 8606
277402 2368
277502 39845
277602 28568
277702 8028
277802 38112
277902 16412
278002 31779
278102 36809
278202 59999
278302 43334
278402 17328
278502 21572
278602 60333
278702 23654
278802 9914
278902 37772
279002 38008
279102 35396
279202 20589
279302 33144
279402 46315
279502 15082
279602 64560
279702 56053
279802 14727
279902 17599
280002 2199
280102 43777
280202 31591
280302 57138
280402 46564
280502 50942
280602 22010
280702 64978
280802 50382
280902 36657
281002 60826
281102 54100
281202 50110
281302 21492
281402 4940
281502 35863
281602 22588
281702 45233
281802 5774
281902 1286
282002 5071
282102 2575
282202 54181
282302 60588
282402 25762
282502 19298
282602 23388
282702 7706
282802 23973
282902 10434
283002 39835
283102 16556
283202 58784
283302 63390
283402 38960
283502 19913
283602 23069
283702 34409
283802 3853
283902 20705
284002 31929
284102 50728
284202 47505
284302 29595
284402 27827
284502 21410
284602 34445
284702 25662
284802 4887
284902 64933
285002 29989
285102 21573
285202 19974
285302 23951
285402 55180
285502 4891
285602 63942
285702 45097
285802 62993
285902 58218
286002 19148
286102 22043
286202 1743
286302 59382
286402 37945
286502 17828
286602 37877
286702 16929
286802 4267
286902 43960
287002 10081
287102 45537
287202 14604
287302 49853
287402 38263
287502 56785
287602 14874
287702 43086
287802 60751
287902 18411
288002 11883
288102 9966
288202 4086
288302 56186
288402 35769
288502 3121
288602 38178
288702 60356
288802 1014
288902 13538
289002 55820
289102 6752
289202 37629
289302 39548
289402 10053
289502 51672
289602 5413
289702 33852
289802 17966
289902 52014
290002 58131
290102 42942
290202 25139
290302 9195
290402 16857
290502 58618
290602 49184
290702 62913
290802 12872
290902 52087
291002 5247
291102 14774
291202 20981
291302 41973
291402 34021
291502 34461
291602 8349
291702 23890
291802 37464
291902 56133
292002 14073
292102 34165
292202 18134
292302 48843
292402 45131
292502 40138
292602 30850
292702 29213
292802 132
292902 46250
293002 57904
293102 17769
293202 24384
293302 29783
293402 10763
293502 34449
293602 51402
293702 55762
293802 32333
293902 58408
294002 43291
294102 17973
294202 60254
294302 54845
294402 49368
294502 63497
294602 43365
294702 16272
294802 62067
294902 11880
295002 45661
295102 61947
295202 29143
295302 53650
295402 18425
295502 31106
295602 5035
295702 48826
295802 34810
295902 56445
296002 59909
296102 5610
296202 60797
296302 65470
296402 61400
296502 59891
296602 61970
296702 49088
296802 41869
296902 63755
297002 57602
297102 1951
297202 44084
297302 63813
297402 65238
297502 64571
297602 42129
297702 12226
297802 59422
297902 63358
298002 8227
298102 40529
298202 31497
298302 6718
298402 10022
298502 65022
298602 996
298702 26616
298802 3452
298902 11200
299002 36173
299102 49766
299202 15603
299302 64313
299402 14223
299502 13971
299602 15073
299702 237
299802 57365
299902 21030
300002 47669
300102 50075
300202 56480
300302 7209
300402 30544
300502 41882
300602 16822
300702 35233
300802 63118
300902 14899
301002 1925
301102 1849
301202 51776
301302 10239
301402 51032
301502 17597
301602 28491
301702 17780
301802 5483
301902 13656
302002 16666
302102 13683
302202 47422
302302 7251
302402 19768
302502 8469
302602 42191
302702 56135
302802 56897
302902 54727
303002 47386
303102 45328
303202 9787
303302 44474
303402 16834
303502 2190
303602 7936
303702 46453
303802 43107
303902 33756
304002 32130
304102 47816
304202 61081
304302 7511
304402 41349
304502 13244
304602 31939
304702 3517
304802 46820
304902 57238
305002 17131
305102 33901
305202 64031
305302 38894
305402 21378
305502 2178
305602 41447
305702 58358
305802 21892
305902 42427
306002 17126
306102 38653
306202 62635
306302 8697
306402 4929
306502 43996
306602 49840
306702 64475
306802 51461
306902 47274
307002 41636
307102 20975
307202 52772
307302 60086
307402 5946
307502 9749
307602 17548
307702 8998
307802 12387
307902 37673
308002 9622
308102 18457
308202 44432
308302 52972
308402 21818
308502 57325
308602 41710
308702 24445
308802 54266
308902 64645
309002 40980
309102 39995
309202 39097
309302 9154
309402 44299
309502 9173
309602 41868
309702 43798
309802 50700
309902 39070
310002 17787
310102 34259
310202 49666
310302 52323
310402 60855
310502 50983
310602 20204
310702 61393
310802 37414
310902 22487
311002 57698
311102 62176
311202 8621
311302 60411
311402 48177
311502 14627
311602 49936
311702 17184
311802 64669
311902 11989
312002 38451
312102 20221
312202 25741
312302 34035
312402 17298
312502 46145
312602 6456
312702 23246
312802 52124
312902 8538
313002 32031
313102 9738
313202 63143
313302 44060
313402 8065
313502 9228
313602 58117
313702 41098
313802 10644
313902 46007
314002 35070
314102 55663
314202 40260
314302 55446
314402 62676
314502 13216
314602 28404
314702 41702
314802 43489
314902 15204
315002 34383
315102 10292
315202 54802
315302 20355
315402 23674
315502 31088
315602 42832
315702 21195
315802 29894
315902 51185
316002 56870
316102 25154
316202 26658
316302 63737
316402 14720
316502 5820
316602 25400
316702 37192
316802 23388
316902 5121
317002 64838
317102 2384
317202 36265
317302 45926
317402 44454
317502 7841
317602 8953
317702 24448
317802 26542
317902 38738
318002 273
318102 44648
318202 36815
318302 35188
318402 50753
318502 25595
318602 52916
318702 57397
318802 30925
318902 11735
319002 29709
319102 43917
319202 1923
319302 60904
319402 18882
319502 2972
319602 32463
319702 51113
319802 55938
319902 58506
320002 7288
320102 22725
320202 57339
320302 47901
320402 47113
320502 63241
320602 35511
320702 3253
320802 51506
320902 5508
321002 10487
321102 55317
321202 55822
321302 46537
321402 46080
321502 21954
321602 21565
321702 16940
321802 29451
321902 59603
322002 55537
322102 53888
322202 45467
322302 30994
322402 64639
322502 28717
322602 1283
322702 23602
322802 52781
322902 36937
323002 11677
323102 20890
323202 41264
323302 21330
323402 18320
323502 33667
323602 40281
323702 50415
323802 12600
323902 25359
324002 63903
324102 54128
324202 14208
324302 39681
324402 41297
324502 24030
324602 13961
324702 45150
324802 42162
324902 25883
325002 59127
325102 12077
325202 36980
325302 3493
325402 28923
325502 2159
325602 53163
325702 24709
325802 18545
325902 22070
326002 3910
326102 16231
326202 63920
326302 32760
326402 53459
326502 46674
326602 24665
326702 27438
326802 60838
326902 41037
327002 10399
327102 65466
327202 48284
327302 32377
327402 53643
327502 53431
327602 62830
327702 10029
327802 43228
327902 59839
328002 60114
328102 5901
328202 3965
328302 49247
328402 23585
328502 49941
328602 2832
328702 39968
328802 27867
328902 58075
329002 57338
329102 43014
329202 369
329302 58993
329402 28614
329502 23747
329602 55834
329702 25078
329802 63858
329902 22156
330002 2973
330102 20872
330202 5730
330302 17153
330402 53466
330502 37041
330602 8320
330702 49165
330802 4785
330902 43493
331002 42135
331102 24914
331202 8569
331302 58766
331402 28440
331502 59284
331602 34841
331702 57772
331802 25020
331902 42103
332002 3363
332102 49131
332202 62719
332302 10226
332402 35171
332502 45684
332602 56026
332702 27102
332802 62582
332902 60347
333002 14447
333102 4472
333202 2884
333302 55013
333402 23192
333502 14539
333602 32332
333702 48496
333802 47055
333902 15828
334002 39556
334102 22018
334202 1636
334302 4890
334402 38877
334502 52001
334602 33540
334702 65206
334802 55883
334902 10801
335002 46808
335102 28179
335202 41842
335302 19030
335402 22845
335502 2192
335602 54132
335702 13477
335802 57336
335902 12737
336002 31165
336102 35601
336202 22339
336302 64740
336402 14793
336502 32357
336602 39593
336702 32627
336802 44560
336902 62191
337002 61936
337102 35731
337202 30359
337302 11514
337402 35550
337502 34085
337602 5544
337702 47797
337802 21902
337902 50531
338002 20876
338102 52213
338202 36081
338302 24050
338402 9101
338502 22032
338602 29918
338702 43779
338802 19818
338902 1530
339002 48933
339102 62085
339202 2210
339302 52092
339402 61856
339502 32810
339602 20391
339702 7237
339802 55478
339902 8378
340002 17055
340102 28112
340202 35359
340302 18654
340402 340
340502 24758
340602 1482
340702 50487
340802 5232
340902 61858
341002 7740
341102 62548
341202 4003
341302 51228
341402 22752
341502 53316
341602 33488
341702 7785
341802 45876
341902 53482
342002 27089
342102 41596
342202 9804
342302 35985
342402 16215
342502 49736
342602 13570
342702 30080
342802 8937
342902 2557
343002 54303
343102 56360
343202 48185
343302 44609
343402 61317
343502 50634
343602 45465
343702 32682
343802 59321
343902 48923
344002 65517
344102 38135
344202 41994
344302 23563
344402 28747
344502 45103
344602 1695
344702 47289
344802 7711
344902 44556
345002 40591
345102 8880
345202 21959
345302 23506
345402 29694
345502 5192
345602 23513
345702 54885
345802 57492
345902 17337
346002 30296
346102 53610
346202 52116
346302 65270
346402 42295
346502 20257
346602 15518
346702 27885
346802 54217
346902 14850
347002 7062
347102 52612
347202 47332
347302 64229
347402 25467
347502 34121
347602 58174
347702 15239
347802 3972
347902 9587
348002 53175
348102 32977
348202 61904
348302 42217
348402 56015
348502 36261
348602 49497
348702 54087
348802 13649
348902 17430
349002 6558
349102 51372
349202 36062
349302 47593
349402 59872
349502 16038
349602 37725
349702 48837
349802 36878
349902 18359
350002 43316
350102 60091
350202 21718
350302 61291
350402 27918
350502 26462
350602 25341
350702 12330
350802 25651
350902 64766
351002 10080
351102 17601
351202 60366
351302 8912
351402 12204
351502 9898
351602 36782
351702 30816
351802 35574
351902 45405
352002 46036
352102 44608
352202 22552
352302 12987
352402 50092
352502 32877
352602 4052
352702 25762
352802 11278
352902 41855
353002 31248
353102 53079
353202 8397
353302 6832
353402 52057
353502 19299
353602 55017
353702 17822
353802 24177
353902 49738
354002 23591
354102 3053
354202 14212
354302 46348
354402 45525
354502 62378
354602 39818
354702 12182
354802 7941
354902 43510
355002 36112
355102 27824
355202 6667
355302 19210
355402 49329
355502 31945
355602 55939
355702 49909
355802 49587
355902 33687
356002 60898
356102 45139
356202 13348
356302 6516
356402 35038
356502 42014
356602 43433
356702 39750
356802 36852
356902 7316
357002 25703
357102 29130
357202 7943
357302 18048
357402 30977
357502 4157
357602 32478
357702 18086
357802 31570
357902 17916
358002 39864
358102 28176
358202 14876
358302 10017
358402 11447
358502 337
358602 52428
358702 27171
358802 647
358902 52002
359002 20671
359102 49668
359202 63666
359302 36556
359402 42016
359502 46159
359602 29289
359702 27438
359802 52638
359902 35845
360002 65454
360102 29241
360202 59724
360302 43265
360402 57173
360502 62016
360602 26538
360702 64243
360802 48390
360902 43117
361002 48129
361102 13470
361202 40596
361302 62042
361402 35138
361502 23863
361602 30405
361702 37033
361802 27830
361902 58702
362002 57135
362102 34547
362202 32522
362302 12690
362402 59108
362502 16243
362602 5731
362702 52918
362802 22160
362902 21670
363002 48318
363102 52742
363202 19963
363302 63124
363402 34158
363502 30932
363602 1085
363702 6142
363802 58137
363902 5435
364002 15004
364102 3708
364202 51416
364302 57322
364402 53593
364502 7329
364602 11199
364702 4145
364802 28684
364902 41077
365002 21071
365102 14701
365202 55996
365302 57106
365402 21705
365502 58815
365602 32276
365702 39357
365802 39359
365902 9729
366002 49839
366102 54771
366202 13616
366302 21412
366402 59594
366502 60907
366602 37820
366702 40022
366802 5123
366902 44640
367002 16333
367102 14143
367202 1350
367302 54098
367402 18042
367502 29899
367602 12522
367702 27697
367802 57683
367902 61121
368002 41089
368102 21318
368202 5050
368302 51966
368402 2654
368502 54563
368602 6153
368702 32194
368802 64791
368902 12233
369002 33759
369102 2865
369202 33426
369302 27039
369402 26052
369502 22543
369602 7141
369702 46375
369802 62816
369902 11909
370002 47599
370102 43694
370202 24034
370302 31755
370402 42061
370502 48460
370602 16196
370702 15366
370802 43139
370902 40372
371002 1310
371102 28464
371202 15793
371302 41641
371402 53340
371502 59468
371602 50477
371702 10007
371802 32754
371902 59662
372002 40660
372102 17082
372202 39909
372302 36465
372402 14664
372502 9747
372602 53286
372702 63140
372802 47345
372902 46428
373002 35546
373102 10724
373202 29977
373302 3931
373402 30500
373502 60091
373602 440
373702 27061
373802 46212
373902 3591
374002 64257
374102 40353
374202 25845
374302 13509
374402 23120
374502 4511
374602 36650
374702 36805
374802 57272
374902 16870
375002 1045
375102 45891
375202 47402
375302 45691
375402 39541
375502 19831
375602 25412
375702 47673
375802 1059
375902 38870
376002 53137
376102 55240
376202 33105
376302 14051
376402 22362
376502 14582
376602 34769
376702 61317
376802 28485
376902 56464
377002 13980
377102 45165
377202 10403
377302 64548
377402 19400
377502 37655
377602 56300
377702 33602
377802 51679
377902 54528
378002 11433
378102 46926
378202 6287
378302 14459
378402 23883
378502 26291
378602 41141
378702 12396
378802 60734
378902 10238
379002 30672
379102 47057
379202 52029
379302 47694
379402 12089
379502 10943
379602 45160
379702 34183
379802 10749
379902 51713
380002 16692
380102 45004
380202 2106
380302 42308
380402 8274
380502 34451
380602 8969
380702 51626
380802 59362
380902 21201
381002 42282
381102 11790
381202 33924
381302 36182
381402 51749
381502 28914
381602 17474
381702 25506
381802 52911
381902 42162
382002 12361
382102 34797
382202 43599
382302 57373
382402 46323
382502 59940
382602 35369
382702 51227
382802 4768
382902 26225
383002 53886
383102 1021
383202 16646
383302 6509
383402 38922
383502 18663
383602 19279
383702 58562
383802 50728
383902 55010
384002 44251
384102 20923
384202 44088
384302 60966
384402 26565
384502 58375
384602 60053
384702 22552
384802 23391
384902 38939
385002 51945
385102 8233
385202 56284
385302 57460
385402 5948
385502 43682
385602 60820
385702 30464
385802 65094
385902 49283
386002 11000
386102 3275
386202 50609
386302 27653
386402 18781
386502 39488
386602 52426
386702 55253
386802 14954
386902 25066
387002 43960
387102 64523
387202 52623
387302 15131
387402 7159
387502 36684
387602 36089
387702 61991
387802 19408
387902 30574
388002 52160
388102 17082
388202 64684
388302 29947
388402 38618
388502 17458
388602 433
388702 54758
388802 13284
388902 30818
389002 13786
389102 9267
389202 34308
389302 60268
389402 9627
389502 44255
389602 15905
389702 34991
389802 4677
389902 10361
390002 21456
390102 46216
390202 18345
390302 7208
390402 37865
390502 12741
390602 37674
390702 25484
390802 45010
390902 60716
391002 57574
391102 63948
391202 17641
391302 15101
391402 43368
391502 31649
391602 13676
391702 47066
391802 14915
391902 58595
392002 25635
392102 18652
392202 59465
392302 48294
392402 14612
392502 61629
392602 668
392702 22770
392802 29019
392902 49123
393002 42802
393102 21984
393202 25010
393302 28709
393402 15455
393502 10037
393602 52635
393702 8858
393802 12594
393902 58440
394002 42027
394102 4180
394202 21605
394302 34766
394402 35967
394502 60107
394602 8806
394702 51859
394802 24695
394902 29514
395002 50750
395102 38371
395202 15364
395302 15664
395402 40063
395502 43769
395602 17261
395702 57006
395802 19440
395902 24817
396002 31144
396102 52887
396202 37111
396302 57567
396402 65096
396502 54831
396602 28607
396702 26926
396802 36530
396902 6151
397002 32434
397102 61954
397202 45915
397302 58858
397402 15878
397502 1814
397602 7124
397702 10914
397802 30007
397902 7757
398002 33991
398102 63758
398202 47873
398302 61877
398402 53657
398502 18826
398602 34433
398702 54239
398802 31398
398902 61795
399002 30975
399102 22201
399202 3608
399302 35037
399402 47023
399502 37499
399602 3954
399702 23432
399802 10227
399902 2025
400002 37312
400102 37818
400202 22023
400302 47270
400402 35544
400502 49632
400602 61335
400702 57613
400802 52928
400902 48095
401002 18043
401102 4388
401202 1287
401302 53935
401402 32189
401502 4916
401602 45117
401702 33089
401802 4052
401902 30759
402002 10511
402102 40168
402202 48356
402302 59916
402402 61866
402502 33069
402602 27656
402702 436
402802 58084
402902 33994
403002 38984
403102 61525
403202 58674
403302 56516
403402 60822
403502 38900
403602 39307
403702 474
403802 19574
403902 51133
404002 11069
404102 54863
404202 20236
404302 27889
404402 20075
404502 1718
404602 60901
404702 58701
404802 18196
404902 62654
405002 26536
405102 27952
405202 14284
405302 34573
405402 989
405502 15832
405602 47974
405702 15997
405802 5534
405902 12233
406002 25696
406102 63466
406202 37982
406302 49140
406402 58790
406502 33111
406602 26384
406702 62573
406802 46724
406902 20860
407002 32290
407102 3165
407202 12496
407302 56535
407402 53335
407502 7767
407602 33371
407702 25263
407802 2244
407902 34488
408002 21152
408102 57318
408202 32562
408302 4333
408402 23939
408502 18630
408602 10743
408702 5512
408802 9678
408902 7579
409002 64160
409102 32114
409202 5294
409302 26079
409402 28031
409502 30151
409602 7889
409702 50388
409802 28274
409902 18742
410002 53155
410102 61228
410202 30681
410302 52153
410402 30487
410502 44166
410602 37466
410702 47442
410802 9978
410902 25695
411002 33576
411102 62257
411202 51606
411302 57295
411402 40053
411502 12107
411602 39766
411702 54751
411802 38119
411902 12086
412002 46140
412102 13234
412202 28843
412302 16224
412402 64468
412502 37177
412602 61027
412702 65164
412802 56994
412902 54818
413002 27243
413102 62631
413202 44495
413302 33218
413402 5883
413502 6342
413602 1293
413702 23408
413802 53688
413902 27670
414002 35968
414102 10698
414202 10693
414302 18045
414402 64922
414502 28779
414602 23966
414702 60683
414802 27604
414902 11411
415002 51502
415102 38116
415202 63600
415302 62547
415402 52447
415502 64215
415602 24457
415702 60744
415802 50011
415902 55447
416002 11233
416102 32186
416202 18652
416302 2698
416402 59373
416502 51107
416602 16895
416702 2569
416802 54271
416902 15437
417002 5554
417102 41935
417202 26297
417302 23655
417402 8710
417502 957
417602 36553
417702 26684
417802 36685
417902 36483
418002 1639
418102 51195
418202 27936
418302 35171
418402 41852
418502 48687
418602 38263
418702 30776
418802 31170
418902 28995
419002 10650
419102 9586
419202 23308
419302 51816
419402 26628
419502 29711
419602 50143
419702 22071
419802 31562
419902 49462
420002 33955
420102 32581
420202 49558
420302 45870
420402 26669
420502 2047
420602 44884
420702 65120
420802 48708
420902 35775
421002 24987
421102 44897
421202 11335
421302 17640
421402 61977
421502 1227
421602 39972
421702 34654
421802 29842
421902 45032
422002 2941
422102 25650
422202 9324
422302 5164
422402 61685
422502 64646
422602 31468
422702 18257
422802 49404
422902 34689
423002 15959
423102 35218
423202 38139
423302 27149
423402 15820
423502 58519
423602 45249
423702 43756
423802 62298
423902 22547
424002 63723
424102 59709
424202 36295
424302 48488
424402 42974
424502 59604
424602 20016
424702 15576
424802 10517
424902 7120
425002 49991
425102 36117
425202 15698
425302 36194
425402 64788
425502 61983
425602 23304
425702 37443
425802 57560
425902 43838
426002 30288
426102 1812
426202 3315
426302 64267
426402 14066
426502 32022
426602 21765
426702 1571
426802 14918
426902 49418
427002 60378
427102 55971
427202 31839
427302 59074
427402 13761
427502 16439
427602 4930
427702 65281
427802 35193
427902 15399
428002 48979
428102 56002
428202 11803
428302 35127
428402 14290
428502 53796
428602 43017
428702 64809
428802 37464
428902 26111
429002 55289
429102 14741
429202 13790
429302 32416
429402 8400
429502 32158
429602 65358
429702 43381
429802 11635
429902 26184
430002 23625
430102 39795
430202 27321
430302 59680
430402 51766
430502 1935
430602 18328
430702 16969
430802 29266
430902 51146
431002 39252
431102 6112
431202 16691
431302 43408
431402 14284
431502 15166
431602 63930
431702 6466
431802 15707
431902 29175
432002 4166
432102 46507
432202 39912
432302 556
432402 7660
432502 27492
432602 48803
432702 45776
432802 54374
432902 41719
433002 11778
433102 31951
433202 43635
433302 48817
433402 24181
433502 17203
433602 64081
433702 11144
433802 21386
433902 56148
434002 12142
434102 22254
434202 28224
434302 14671
434402 59685
434502 16089
434602 43471
434702 588
434802 64612
434902 4664
435002 25617
435102 37934
435202 41172
435302 29730
435402 27828
435502 33044
435602 32917
435702 21764
435802 38355
435902 23526
436002 57205
436102 27309
436202 35708
436302 38116
436402 2150
436502 42412
436602 33051
436702 51000
436802 63603
436902 418
437002 35325
437102 43776
437202 49006
437302 10825
437402 41213
437502 33320
437602 32710
437702 13583
437802 23880
437902 29912
438002 64495
438102 64950
438202 45896
438302 20981
438402 62983
438502 30498
438602 23322
438702 56145
438802 46995
438902 38646
439002 55126
439102 34426
439202 17061
439302 29706
439402 51178
439502 63423
439602 48315
439702 31789
439802 25006
439902 53685
440002 39470
440102 2423
440202 32070
440302 26004
440402 540
440502 11453
440602 59994
440702 16341
440802 52241
440902 29002
441002 10018
441102 40957
441202 24765
441302 30105
441402 45710
441502 57009
441602 45808
441702 15229
441802 49677
441902 48118
442002 43810
442102 39130
442202 14804
442302 5079
442402 16914
442502 12070
442602 37079
442702 16848
442802 2886
442902 40742
443002 16118
443102 54006
443202 31955
443302 25086
443402 11637
443502 1327
443602 14005
443702 39033
443802 38897
443902 20069
444002 1566
444102 62830
444202 59912
444302 53651
444402 57872
444502 23306
444602 40822
444702 36759
444802 44806
444902 47800
445002 45778
445102 59981
445202 60443
445302 42040
445402 36253
445502 49005
445602 1455
445702 15633
445802 42434
445902 10761
446002 32753
446102 39321
446202 48657
446302 45670
446402 27745
446502 57787
446602 8919
446702 63177
446802 59010
446902 60328
447002 22159
447102 35891
447202 14958
447302 40246
447402 6110
447502 14264
447602 48263
447702 4779
447802 43541
447902 41462
448002 56315
448102 52641
448202 44968
448302 64947
448402 55036
448502 14318
448602 52688
448702 26815
448802 7694
448902 407
449002 30984
449102 17860
449202 63143
449302 7914
449402 17723
449502 58030
449602 26004
449702 6860
449802 29851
449902 17758
450002 8001
450102 5138
450202 27567
450302 50811
450402 25562
450502 26172
450602 60571
450702 1009
450802 64638
450902 17347
451002 53301
451102 46867
451202 49356
451302 22551
451402 15860
451502 33112
451602 4778
451702 23351
451802 3261
451902 4510
452002 54240
452102 60758
452202 7591
452302 33788
452402 527
452502 20706
452602 5708
452702 4567
452802 6225
452902 3398
453002 33722
453102 10472
453202 28493
453302 34752
453402 54988
453502 47499
453602 216
453702 46980
453802 27023
453902 34422
454002 12563
454102 35250
454202 20859
454302 22418
454402 12238
454502 59462
454602 41569
454702 25649
454802 63410
454902 46373
455002 40963
455102 53325
455202 17302
455302 23975
455402 1766
455502 1519
455602 7720
455702 31276
455802 28217
455902 23052
456002 35237
456102 15463
456202 57427
456302 37347
456402 3009
456502 9774
456602 63698
456702 13296
456802 37065
456902 56542
457002 43607
457102 17531
457202 52061
457302 52224
457402 55284
457502 35250
457602 48870
457702 12156
457802 5471
457902 21930
458002 44164
458102 40612
458202 52129
458302 12887
458402 34826
458502 2735
458602 53727
458702 57393
458802 24720
458902 37974
459002 65334
459102 23130
459202 43698
459302 18831
459402 32316
459502 56396
459602 4053
459702 23268
459802 49002
459902 46286
460002 38523
460102 35479
460202 41763
460302 24252
460402 1653
460502 16941
460602 4436
460702 61409
460802 48062
460902 8405
461002 40626
461102 7687
461202 5099
461302 44401
461402 9723
461502 24600
461602 37956
461702 24168
461802 22480
461902 32206
462002 56074
462102 2963
462202 5559
462302 21519
462402 33644
462502 15776
462602 46622
462702 17803
462802 30064
462902 27579
463002 34182
463102 43922
463202 6318
463302 18724
463402 6430
463502 29420
463602 39825
463702 49018
463802 28380
463902 59161
464002 4858
464102 39607
464202 28149
464302 29271
464402 23570
464502 6754
464602 15925
464702 6562
464802 49458
464902 53641
465002 55770
465102 57289
465202 57318
465302 19657
465402 43691
465502 47357
465602 19219
465702 14732
465802 50824
465902 18735
466002 5529
466102 51498
466202 60901
466302 18777
466402 43377
466502 51832
466602 62930
466702 297
466802 51570
466902 57735
467002 337
467102 14646
467202 64871
467302 61489
467402 22554
467502 27199
467602 30821
467702 63364
467802 1170
467902 15364
468002 55168
468102 52588
468202 57953
468302 752
468402 8962
468502 15321
468602 12981
468702 47128
468802 5370
468902 4425
469002 63005
469102 54724
469202 20190
469302 44613
469402 29136
469502 31729
469602 59505
469702 11844
469802 29915
469902 12183
470002 62524
470102 30898
470202 28545
470302 60737
470402 24205
470502 41471
470602 58681
470702 64188
470802 24338
470902 38591
471002 44237
471102 62365
471202 19666
471302 51789
471402 27450
471502 40051
471602 50596
471702 36438
471802 59223
471902 21525
472002 35773
472102 21908
472202 10240
472302 21049
472402 61039
472502 22222
472602 22433
472702 60033
472802 15308
472902 32753
473002 39338
473102 37574
473202 51267
473302 3318
473402 6353
473502 11087
473602 51000
473702 17978
473802 40413
473902 42456
474002 62371
474102 63464
474202 16687
474302 54232
474402 14676
474502 41038
474602 43709
474702 42725
474802 65510
474902 28900
475002 16469
475102 2946
475202 36567
475302 47891
475402 22111
475502 63666
475602 35627
475702 36655
475802 2837
475902 49047
476002 57227
476102 47939
476202 54682
476302 61880
476402 2448
476502 58370
476602 25333
476702 7096
476802 59814
476902 55184
477002 63878
477102 9542
477202 5416
477302 41644
477402 13017
477502 4894
477602 8622
477702 53283
477802 2515
477902 51350
478002 21428
478102 40251
478202 269
478302 39273
478402 55394
478502 34378
478602 43331
478702 11912
478802 59248
478902 26972
479002 52213
479102 32929
479202 53893
479302 64586
479402 4909
479502 36042
479602 7049
479702 36413
479802 6386
479902 12959
480002 47618
480102 51553
480202 50240
480302 23143
480402 36003
480502 57759
480602 2436
480702 24899
480802 56161
480902 26182
481002 21271
481102 54039
481202 26100
481302 20169
481402 30157
481502 45876
481602 26249
481702 37397
481802 1953
481902 49503
482002 11925
482102 39315
482202 56179
482302 6465
482402 62927
482502 8690
482602 19563
482702 16365
482802 58057
482902 11506
483002 63841
483102 64700
483202 59993
483302 49732
483402 47864
483502 6945
483602 13676
483702 38456
483802 9696
483902 59336
484002 41792
484102 17695
484202 50212
484302 55129
484402 29871
484502 31007
484602 54036
484702 41850
484802 15987
484902 51608
485002 44401
485102 61598
485202 61986
485302 6032
485402 61504
485502 14547
485602 50745
485702 10215
485802 41650
485902 15984
486002 54737
486102 43577
486202 40796
486302 879
486402 6138
486502 62515
486602 30838
486702 39046
486802 40893
486902 45546
487002 39313
487102 20687
487202 60083
487302 37346
487402 39456
487502 28894
487602 63294
487702 28510
487802 56109
487902 56167
488002 50703
488102 38147
488202 9336
488302 33037
488402 60962
488502 8314
488602 53234
488702 37263
488802 31140
488902 30482
489002 49014
489102 35009
489202 64188
489302 52219
489402 34630
489502 62443
489602 41047
489702 63079
489802 25325
489902 37554
490002 11117
490102 12904
490202 4883
490302 51108
490402 52422
490502 14879
490602 3116
490702 26967
490802 56779
490902 24716
491002 4785
491102 39172
491202 62899
491302 1262
491402 63548
491502 61452
491602 476
491702 7187
491802 5652
491902 10061
492002 5921
492102 49453
492202 47188
492302 2005
492402 58540
492502 62351
492602 25248
492702 38178
492802 59496
492902 36440
493002 57190
493102 37299
493202 9810
493302 44137
493402 49957
493502 65466
493602 26696
493702 26797
493802 47602
493902 4769
494002 32111
494102 2521
494202 13401
494302 34693
494402 11096
494502 50516
494602 23700
494702 9129
494802 16525
494902 27581
495002 35680
495102 64821
495202 42219
495302 33424
495402 32566
495502 8510
495602 58659
495702 42577
495802 45088
495902 39324
496002 62437
496102 21234
496202 36621
496302 3272
496402 1000
496502 2722
496602 48048
496702 2784
496802 8335
496902 56697
497002 14748
497102 27387
497202 408
497302 7659
497402 51128
497502 18697
497602 41945
497702 38862
497802 43160
497902 41324
498002 47114
498102 9609
498202 47170
498302 33565
498402 21301
498502 61817
498602 13503
498702 38852
498802 46300
498902 11871
499002 54518
499102 20142
499202 18664
499302 9022
499402 16388
499502 547
499602 37951
499702 34336
499802 5386
499902 35890
500002 30820
500102 28160
500202 48494
500302 63901
500402 36133
500502 16279
500602 40102
500702 63551
500802 10696
500902 32564
501002 987
501102 7275
501202 59623
501302 59064
501402 65197
501502 42747
501602 34589
501702 53571
501802 39488
501902 10323
502002 45655
502102 37159
502202 35573
502302 38531
502402 35943
502502 22131
502602 4932
502702 64914
502802 20101
502902 54104
503002 16315
503102 21925
503202 30572
503302 62348
503402 60577
503502 26673
503602 24279
503702 48105
503802 51657
503902 18906
504002 43390
504102 39398
504202 4800
504302 6336
504402 46321
504502 46766
504602 51511
504702 44338
504802 4119
504902 3766
505002 55886
505102 24979
505202 27098
505302 57053
505402 22768
505502 21128
505602 47111
505702 49803
505802 26333
505902 38483
506002 63872
506102 32259
506202 21199
506302 28836
506402 5805
506502 4664
506602 22300
506702 29630
506802 17610
506902 12758
507002 25062
507102 38810
507202 60471
507302 13215
507402 46425
507502 6512
507602 56236
507702 52550
507802 62779
507902 45250
508002 3990
508102 32573
508202 60760
508302 50410
508402 37266
508502 56926
508602 36603
508702 63545
508802 42264
508902 43088
509002 17780
509102 5766
509202 50918
509302 43067
509402 22956
509502 60210
509602 48356
509702 25200
509802 33925
509902 32292
510002 28442
510102 11806
510202 753
510302 30224
510402 39898
510502 18096
510602 45201
510702 38622
510802 10994
510902 60703
511002 17269
511102 3830
511202 21345
511302 12573
511402 55686
511502 1326
511602 34690
511702 25928
511802 42446
511902 29320
512002 25856
512102 12626
512202 37860
512302 24862
512402 15508
512502 19330
512602 1404
512702 64879
512802 32367
512902 1346
513002 17597
513102 13274
513202 8212
513302 58939
513402 15399
513502 54548
513602 3794
513702 1131
513802 25272
513902 35132
514002 16110
514102 19471
514202 57013
514302 27214
514402 8741
514502 25286
514602 49325
514702 51951
514802 38978
514902 141
515002 29329
515102 20613
515202 43140
515302 3635
515402 33325
515502 44641
515602 17097
515702 33645
515802 57609
515902 61913
516002 56557
516102 7532
516202 41931
516302 26767
516402 45813
516502 29139
516602 64640
516702 35121
516802 5960
516902 60064
517002 16310
517102 45446
517202 61159
517302 39941
517402 3131
517502 60061
517602 32269
517702 29692
517802 30818
517902 4838
518002 36581
518102 22993
518202 56732
518302 53361
518402 31750
518502 47491
518602 39215
518702 59
518802 54758
518902 36824
519002 59785
519102 33586
519202 16927
519302 37421
519402 56291
519502 3604
519602 43249
519702 50729
519802 18014
519902 30545
520002 43471
520102 32501
520202 23733
520302 60416
520402 28241
520502 49280
520602 48827
520702 10998
520802 40399
520902 36815
521002 50156
521102 5660
521202 31632
521302 52309
521402 58915
521502 11708
521602 46163
521702 60069
521802 34932
521902 4196
522002 38978
522102 39287
522202 60350
522302 47034
522402 38083
522502 40773
522602 108
522702 46387
522802 59131
522902 43938
523002 16499
523102 48306
523202 34823
523302 25795
523402 23805
523502 52993
523602 12833
523702 14669
523802 43826
523902 50832
524002 37945
524102 29541
524202 29430
524302 28454
524402 1741
524502 25073
524602 23245
524702 20755
524802 65453
524902 33231
525002 64714
525102 51039
525202 46551
525302 11112
525402 51758
525502 64375
525602 34412
525702 24296
525802 63633
525902 1196
526002 49848
526102 42782
526202 27644
526302 17865
526402 52832
526502 16008
526602 33489
526702 56220
526802 13913
526902 32142
527002 28085
527102 55669
527202 37100
527302 47535
527402 10427
527502 18114
527602 18784
527702 56181
527802 48636
527902 27334
528002 21337
528102 35397
528202 1330
528302 2208
528402 53997
528502 30490
528602 16364
528702 41217
528802 8793
528902 38122
529002 14033
529102 32486
529202 699
529302 65126
529402 14428
529502 21212
529602 54340
529702 1365
529802 46189
529902 6432
530002 52722
530102 10742
530202 59584
530302 20247
530402 12431
530502 11552
530602 43016
530702 27028
530802 65206
530902 47968
531002 43092
531102 26305
531202 58941
531302 26615
531402 52723
531502 24947
531602 29308
531702 12249
531802 52809
531902 54111
532002 26142
532102 45196
532202 16168
532302 48100
532402 56959
532502 39287
532602 60630
532702 17098
532802 65479
532902 9064
533002 51120
533102 57418
533202 62679
533302 18939
533402 5110
533502 55566
533602 29305
533702 30530
533802 26849
533902 1401
534002 18079
534102 36905
534202 44875
534302 7047
534402 44700
534502 59986
534602 18567
534702 13060
534802 35131
534902 56626
535002 49711
535102 26829
535202 38121
535302 40443
535402 11931
535502 53450
535602 47023
535702 14509
535802 12787
535902 15000
536002 203
536102 46671
536202 909
536302 13974
536402 29023
536502 18105
536602 44476
536702 4032
536802 2142
536902 34982
537002 60359
537102 23440
537202 65483
537302 60033
537402 4820
537502 51746
537602 44748
537702 55289
537802 16795
537902 30843
538002 50030
538102 47399
538202 28737
538302 43434
538402 27970
538502 7922
538602 4510
538702 8357
538802 56320
538902 7737
539002 28890
539102 44967
539202 18834
539302 56556
539402 832
539502 45068
539602 49516
539702 33129
539802 48039
539902 48551
540002 7791
540102 64090
540202 64342
540302 13397
540402 1939
540502 64010
540602 13690
540702 10769
540802 60645
540902 34527
541002 30240
541102 16578
541202 53748
541302 26524
541402 7349
541502 36752
541602 59996
541702 51993
541802 59438
541902 61646
542002 56432
542102 60517
542202 64176
542302 47231
542402 23261
542502 48170
542602 32456
542702 38820
542802 29547
542902 14513
543002 65397
543102 4070
543202 8171
543302 59183
543402 21414
543502 14958
543602 31249
543702 26947
543802 42538
543902 45077
544002 13191
544102 12684
544202 23837
544302 16859
544402 6858
544502 40255
544602 10006
544702 53341
544802 16596
544902 53791
545002 32668
545102 52768
545202 18359
545302 59105
545402 47064
545502 31
545602 47991
545702 47032
545802 17024
545902 62631
546002 33805
546102 50551
546202 11416
546302 39349
546402 13679
546502 36315
546602 28890
546702 17132
546802 16647
546902 29398
547002 42380
547102 34215
547202 26516
547302 52708
547402 24097
547502 6732
547602 5288
547702 6427
547802 18331
547902 56880
548002 12253
548102 40365
548202 29852
548302 44327
548402 44519
548502 37243
548602 16848
548702 31618
548802 4519
548902 52194
549002 63952
549102 55939
549202 32125
549302 46687
549402 19669
549502 62984
549602 47819
549702 23099
549802 5676
549902 33315
550002 22947
550102 9599
550202 61180
550302 31401
550402 25879
550502 53712
550602 48131
550702 31466
550802 64387
550902 58584
551002 21422
551102 24070
551202 45840
551302 10570
551402 18242
551502 36681
551602 27406
551702 692
551802 32271
551902 37325
552002 7177
552102 52987
552202 10169
552302 7425
552402 31262
552502 14061
552602 43975
552702 37635
552802 64802
552902 18498
553002 14095
553102 26001
553202 37352
553302 24488
553402 36164
553502 54854
553602 26659
553702 25297
553802 24057
553902 38599
554002 44120
554102 1687
554202 57896
554302 29782
554402 32105
554502 54998
554602 1662
554702 2004
554802 42470
554902 56871
555002 20471
555102 13733
555202 50498
555302 11389
555402 22800
555502 6304
555602 43343
555702 60849
555802 38026
555902 35660
556002 3614
556102 16779
556202 64466
556302 14606
556402 58759
556502 36302
556602 50919
556702 36707
556802 64872
556902 61032
557002 49423
557102 47496
557202 23590
557302 27229
557402 62779
557502 43082
557602 52139
557702 42974
557802 9805
557902 52735
558002 18276
558102 26182
558202 61037
558302 56888
558402 51380
558502 16836
558602 59596
558702 41628
558802 4302
558902 2394
559002 43388
559102 41597
559202 8083
559302 13164
559402 27556
559502 40217
559602 41469
559702 47168
559802 57076
559902 31821
560002 5464
560102 22215
560202 9006
560302 12376
560402 22200
560502 25143
560602 9847
560702 44568
560802 54335
560902 46461
561002 30949
561102 32878
561202 22866
561302 19444
561402 25020
561502 39273
561602 38445
561702 24408
561802 11207
561902 29615
562002 15205
562102 63291
562202 50165
562302 5970
562402 46450
562502 57389
562602 52258
562702 3165
562802 3720
562902 37442
563002 60312
563102 65243
563202 41949
563302 40053
563402 28621
563502 53283
563602 48314
563702 53019
563802 46327
563902 53590
564002 64441
564102 52935
564202 50972
564302 40160
564402 9239
564502 12791
564602 60764
564702 8066
564802 13202
564902 18807
565002 27793
565102 595
565202 25238
565302 35380
565402 370
565502 59027
565602 46693
565702 56364
565802 47593
565902 17947
566002 59680
566102 62594
566202 57238
566302 15971
566402 11235
566502 57314
566602 30189
566702 14565
566802 19105
566902 16543
567002 56072
567102 24044
567202 20010
567302 10202
567402 25377
567502 47535
567602 48422
567702 16192
567802 8753
567902 33773
568002 14297
568102 23898
568202 3930
568302 56995
568402 31684
568502 64321
568602 62201
568702 54554
568802 48522
568902 22275
569002 39705
569102 63187
569202 36565
569302 18989
569402 17534
569502 21215
569602 24253
569702 8077
569802 30651
569902 31126
570002 1698
570102 34861
570202 16748
570302 35909
570402 4981
570502 3747
570602 18302
570702 41742
570802 6244
570902 21855
571002 14212
571102 20255
571202 48482
571302 18783
571402 60705
571502 53637
571602 63912
571702 42972
571802 53185
571902 61127
572002 58860
572102 28039
572202 21739
572302 1594
572402 4050
572502 34140
572602 20372
572702 4500
572802 40888
572902 19868
573002 10569
573102 64435
573202 23980
573302 60655
573402 6673
573502 47356
573602 65315
573702 136
573802 5901
573902 49823
574002 52531
574102 50957
574202 8791
574302 10606
574402 27276
574502 56915
574602 50636
574702 33075
574802 22302
574902 23615
575002 37975
575102 45706
575202 57082
575302 21274
575402 39122
575502 55435
575602 25816
575702 20674
575802 1922
575902 59791
576002 41346
576102 25851
576202 24711
576302 9019
576402 64650
576502 33462
576602 34505
576702 20232
576802 64431
576902 62058
577002 30594
577102 32186
577202 3411
577302 59375
577402 24774
577502 42111
577602 64740
577702 58381
577802 57417
577902 17112
578002 4669
578102 34209
578202 44626
578302 27665
578402 26281
578502 13712
578602 38475
578702 58563
578802 44281
578902 20711
579002 37550
579102 60993
579202 2496
579302 47137
579402 44811
579502 59014
579602 53902
579702 32038
579802 59943
579902 22809
580002 64726
580102 27323
580202 61541
580302 60257
580402 58497
580502 17838
580602 44900
580702 35698
580802 12013
580902 9971
581002 65037
581102 18032
581202 54217
581302 52646
581402 65084
581502 50921
581602 65042
581702 7376
581802 61737
581902 62561
582002 34899
582102 24945
582202 30819
582302 45716
582402 43210
582502 58735
582602 15612
582702 7131
582802 45667
582902 39087
583002 43550
583102 46311
583202 24065
583302 37293
583402 33011
583502 42489
583602 20259
583702 51938
583802 21612
583902 13892
584002 41017
584102 34565
584202 9061
584302 39367
584402 42363
584502 36194
584602 30740
584702 12170
584802 28523
584902 40032
585002 5406
585102 25645
585202 2905
585302 5945
585402 14939
585502 15922
585602 49990
585702 41523
585802 63100
585902 45974
586002 705
586102 46536
586202 40028
586302 31356
586402 18349
586502 24889
586602 10055
586702 24610
586802 10210
586902 55919
587002 9358
587102 22625
587202 29653
587302 62901
587402 21631
587502 9905
587602 21035
587702 17254
587802 20532
587902 18895
588002 10537
588102 49459
588202 63931
588302 21660
588402 17490
588502 61578
588602 23933
588702 59882
588802 15116
588902 35075
589002 13774
589102 3764
589202 29931
589302 60674
589402 34555
589502 48455
589602 55059
589702 62862
589802 64657
589902 15991
590002 1497
590102 47379
590202 22667
590302 62604
590402 21284
590502 22443
590602 23231
590702 25426
590802 6516
590902 31890
591002 40948
591102 42345
591202 34517
591302 45913
591402 2869
591502 18315
591602 31848
591702 26303
591802 42829
591902 27020
592002 21210
592102 45972
592202 9647
592302 30405
592402 30755
592502 22701
592602 50382
592702 12071
592802 17194
592902 26806
593002 42544
593102 51370
593202 15596
593302 39473
593402 29882
593502 30090
593602 62074
593702 59946
593802 4215
593902 47058
594002 10016
594102 56504
594202 1085
594302 20224
594402 61641
594502 26051
594602 47634
594702 46063
594802 58058
594902 22991
595002 56430
595102 60827
595202 58764
595302 9946
595402 24979
595502 50218
595602 39047
595702 37441
595802 63892
595902 56880
596002 64699
596102 38349
596202 5789
596302 26577
596402 34777
596502 64519
596602 55489
596702 50859
596802 44714
596902 49194
597002 15101
597102 14569
597202 52424
597302 36212
597402 5620
597502 48600
597602 33148
597702 11497
597802 29110
597902 64434
598002 59615
598102 43776
598202 43483
598302 31611
598402 47417
598502 4564
598602 18833
598702 24705
598802 21242
598902 40362
599002 48778
599102 36248
599202 18988
599302 35821
599402 23600
599502 9408
599602 29248
599702 38412
599802 35672
599902 25344
600002 43478
600102 27108
600202 31348
600302 26399
600402 44360
600502 32055
600602 25010
600702 55466
600802 6509
600902 43116
601002 24556
601102 49526
601202 28910
601302 17398
601402 39625
601502 52440
601602 40244
601702 9324
601802 10015
601902 3630
602002 10746
602102 7329
602202 15969
602302 31232
602402 39088
602502 21024
602602 45620
602702 32917
602802 64131
602902 13311
603002 48132
603102 28278
603202 17005
603302 14902
603402 51721
603502 9816
603602 58915
603702 56413
603802 41040
603902 29013
604002 65333
604102 14795
604202 63037
604302 35189
604402 35906
604502 60451
604602 11505
604702 6723
604802 24898
604902 30446
605002 64472
605102 8327
605202 14740
605302 45041
605402 34674
605502 1329
605602 61604
605702 19440
605802 44350
605902 45386
606002 36342
606102 63961
606202 28073
606302 51146
606402 42096
606502 62634
606602 63565
606702 701
606802 41552
606902 64573
607002 21041
607102 37944
607202 11025
607302 7187
607402 64931
607502 53635
607602 341
607702 34860
607802 42206
607902 44001
608002 64194
608102 25410
608202 42517
608302 49497
608402 5048
608502 32234
608602 63275
608702 57205
608802 23702
608902 44898
609002 683
609102 23573
609202 27160
609302 21356
609402 54976
609502 19575
609602 36886
609702 1150
609802 16165
609902 56272
610002 26586
610102 54855
610202 46867
610302 252
610402 52682
610502 50557
610602 4589
610702 767
610802 1081
610902 47970
611002 38539
611102 21800
611202 55597
611302 481
611402 57798
611502 11973
611602 57891
611702 64829
611802 40662
611902 33435
612002 46034
612102 11767
612202 42151
612302 9303
612402 41989
612502 11572
612602 48113
612702 31718
612802 6388
612902 15858
613002 53322
613102 26165
613202 50679
613302 36487
613402 2587
613502 10296
613602 17862
613702 64297
613802 16405
613902 41796
614002 63776
614102 18860
614202 52033
614302 62761
614402 33815
614502 9707
614602 49449
614702 57082
614802 30349
614902 58906
615002 28848
615102 59586
615202 41088
615302 50103
615402 17227
615502 35975
615602 3888
615702 65218
615802 60195
615902 21070
616002 45707
616102 40245
616202 29237
616302 49996
616402 60793
616502 58980
616602 36072
616702 12125
616802 4905
616902 64637
617002 25594
617102 13947
617202 40392
617302 53259
617402 348
617502 14544
617602 41660
617702 56017
617802 50898
617902 5531
618002 45635
618102 7015
618202 2929
618302 37592
618402 16880
618502 37231
618602 20485
618702 24956
618802 40329
618902 1500
619002 13995
619102 54850
619202 12773
619302 42596
619402 47986
619502 11800
619602 36966
619702 36318
619802 41081
619902 43339
620002 3640
620102 26331
620202 27983
620302 5841
620402 27699
620502 54337
620602 22113
620702 60049
620802 12432
620902 58431
621002 4343
621102 32646
621202 56124
621302 48397
621402 14642
621502 15751
621602 29948
621702 55670
621802 58603
621902 56725
622002 54031
622102 52613
622202 39918
622302 19354
622402 64136
622502 14153
622602 61200
622702 1018
622802 61349
622902 38329
623002 53702
623102 26943
623202 60621
623302 54021
623402 6339
623502 54213
623602 23541
623702 65245
623802 18024
623902 43132
624002 21591
624102 58115
624202 21727
624302 19869
624402 4587
624502 24516
624602 7319
624702 46058
624802 55901
624902 6910
625002 47885
625102 64235
625202 3189
625302 26052
625402 47704
625502 28833
625602 32205
625702 45091
625802 51099
625902 51288
626002 26136
626102 20404
626202 12552
626302 62681
626402 51978
626502 13042
626602 29175
626702 7864
626802 797
626902 4175
627002 29196
627102 65041
627202 14149
627302 1645
627402 34258
627502 30241
627602 49730
627702 9346
627802 48119
627902 38808
628002 60603
628102 23423
628202 967
628302 31735
628402 19561
628502 3631
628602 20302
628702 25635
628802 38686
628902 48985
629002 55600
629102 64071
629202 59867
629302 11424
629402 51345
629502 64845
629602 46698
629702 10494
629802 62191
629902 10486
630002 50841
630102 10329
630202 42272
630302 61809
630402 43837
630502 59007
630602 3632
630702 23532
630802 16896
630902 58184
631002 8401
631102 35076
631202 3978
631302 45322
631402 25410
631502 32796
631602 9374
631702 40371
631802 4513
631902 7675
632002 60629
632102 62991
632202 6340
632302 4972
632402 10635
632502 54799
632602 20650
632702 18221
632802 28087
632902 13673
633002 57136
633102 30355
633202 47736
633302 54796
633402 45833
633502 53307
633602 43488
633702 20224
633802 21098
633902 34847
634002 43410
634102 34657
634202 8086
634302 16462
634402 32813
634502 24039
634602 52092
634702 22321
634802 40085
634902 1647
635002 37753
635102 21381
635202 14109
635302 6155
635402 29048
635502 6684
635602 11139
635702 380
635802 17753
635902 9829
636002 35466
636102 21948
636202 3136
636302 18289
636402 17143
636502 442
636602 51383
636702 10059
636802 52359
636902 41968
637002 27982
637102 61812
637202 43627
637302 65437
637402 44518
637502 3341
637602 54783
637702 62776
637802 10317
637902 51724
638002 57968
638102 9030
638202 36715
638302 8225
638402 31405
638502 34840
638602 32523
638702 9350
638802 51283
638902 6483
639002 27470
639102 58183
639202 61148
639302 1375
639402 23286
639502 2998
639602 40496
639702 45861
639802 50722
639902 22594
640002 2147
640102 54682
640202 27738
640302 30172
640402 35600
640502 11902
640602 61873
640702 41762
640802 50593
640902 33220
641002 34981
641102 28838
641202 46024
641302 50170
641402 30728
641502 50682
641602 16527
641702 42994
641802 57416
641902 61306
642002 41901
642102 56395
642202 52997
642302 38561
642402 38552
642502 46867
642602 14073
642702 28782
642802 43927
642902 51601
643002 3561
643102 2135
643202 26511
643302 34954
643402 9907
643502 1948
643602 55303
643702 62572
643802 4333
643902 51047
644002 54351
644102 7005
644202 24793
644302 16739
644402 8956
644502 22503
644602 22536
644702 31714
644802 27932
644902 65356
645002 54687
645102 64132
645202 21873
645302 30668
645402 54239
645502 15065
645602 43696
645702 55785
645802 17971
645902 22131
646002 37413
646102 61454
646202 35159
646302 63157
646402 34720
646502 36833
646602 27427
646702 27521
646802 53691
646902 20735
647002 47564
647102 36838
647202 14159
647302 48581
647402 25664
647502 56685
647602 57934
647702 26128
647802 38701
647902 44579
648002 7940
648102 29418
648202 26545
648302 40867
648402 45134
648502 21510
648602 4873
648702 31376
648802 10326
648902 38683
649002 59764
649102 52363
649202 23959
649302 45347
649402 16392
649502 40935
649602 9184
649702 55851
649802 52211
649902 49534
650002 46838
650102 4763
650202 3584
650302 38826
650402 38045
650502 39000
650602 39561
650702 61669
650802 1413
650902 61085
651002 40763
651102 10444
651202 7108
651302 29114
651402 53075
651502 9206
651602 2499
651702 36183
651802 64501
651902 52531
652002 40233
652102 45989
652202 32605
652302 11346
652402 56834
652502 35138
652602 56357
652702 12476
652802 52297
652902 44454
653002 32104
653102 61101
653202 13051
653302 42934
653402 44395
653502 50703
653602 14368
653702 6610
653802 55247
653902 12526
654002 30373
654102 10012
654202 31233
654302 51838
654402 37893
654502 951
654602 52834
654702 47121
654802 44297
654902 52043
655002 16891
655102 11095
655202 49214
655302 41896
655402 34222
655502 2000
655602 18876
655702 43652
655802 63822
655902 7455
656002 48453
656102 6808
656202 24845
656302 58343
656402 24577
656502 12550
656602 43942
656702 20593
656802 43257
656902 40933
657002 62440
657102 37854
657202 9316
657302 12009
657402 27144
657502 18145
657602 40607
657702 54298
657802 40899
657902 63193
658002 39310
658102 37407
658202 45417
658302 10894
658402 11237
658502 56106
658602 14113
658702 62729
658802 6852
658902 58129
659002 9637
659102 10742
659202 10355
659302 5180
659402 32102
659502 37152
659602 9953
659702 41267
659802 64262
659902 44572
660002 5987
660102 36621
660202 24989
660302 9236
660402 43071
660502 57544
660602 47379
660702 6533
660802 60008
660902 14840
661002 58168
661102 36586
661202 8974
661302 30084
661402 55080
661502 39717
661602 57470
661702 8798
661802 9780
661902 44784
662002 6562
662102 49443
662202 33706
662302 10303
662402 25339
662502 19527
662602 39893
662702 55359
662802 30739
662902 39444
663002 30972
663102 54009
663202 44273
663302 15361
663402 56086
663502 43487
663602 46743
663702 62895
663802 37940
663902 18397
664002 35148
664102 38961
664202 54032
664302 29049
664402 56199
664502 57633
664602 32983
664702 28972
664802 42811
664902 9674
665002 26873
665102 65113
665202 61536
665302 18086
665402 10044
665502 21516
665602 13257
665702 8876
665802 12095
665902 38698
666002 55345
666102 36935
666202 37400
666302 25220
666402 53583
666502 62563
666602 55057
666702 28625
666802 9237
666902 61203
667002 6516
667102 13925
667202 19794
667302 30471
667402 16614
667502 17155
667602 38913
667702 3395
667802 19681
667902 21948
668002 32101
668102 46030
668202 24772
668302 37924
668402 23401
668502 63374
668602 20148
668702 58873
668802 30159
668902 58250
669002 13941
669102 17075
669202 13636
669302 59458
669402 32501
669502 21610
669602 23036
669702 45709
669802 17184
669902 9681
670002 12022
670102 19775
670202 34064
670302 30005
670402 64920
670502 30425
670602 27896
670702 39458
670802 16436
670902 25525
671002 27130
671102 28776
671202 31340
671302 46840
671402 48978
671502 24977
671602 32597
671702 54339
671802 64807
671902 28357
672002 14653
672102 29560
672202 35203
672302 50065
672402 25894
672502 55692
672602 421
672702 62373
672802 13921
672902 15577
673002 22435
673102 3528
673202 5696
673302 51917
673402 4155
673502 34435
673602 21382
673702 32327
673802 281
673902 43223
674002 39284
674102 65157
674202 30319
674302 54742
674402 64715
674502 34469
674602 56100
674702 27072
674802 54014
674902 25263
675002 224
675102 55138
675202 53512
675302 58997
675402 60561
675502 32478
675602 4144
675702 7630
675802 11539
675902 21286
676002 37375
676102 10568
676202 52292
676302 39646
676402 43758
676502 50016
676602 6976
676702 42065
676802 57362
676902 34755
677002 40125
677102 8338
677202 62201
677302 54823
677402 56223
677502 48940
677602 42115
677702 26743
677802 39719
677902 58003
678002 5411
678102 65284
678202 14371
678302 14148
678402 40241
678502 22130
678602 64781
678702 32459
678802 62861
678902 50914
679002 64268
679102 32966
679202 17346
679302 64876
679402 15166
679502 25841
679602 12003
679702 23406
679802 55873
679902 3609
680002 48826
680102 61072
680202 26254
680302 54926
680402 46447
680502 52202
680602 47974
680702 48007
680802 15424
680902 43437
681002 48666
681102 27368
681202 55134
681302 40141
681402 15355
681502 12630
681602 40278
681702 57088
681802 37580
681902 52731
682002 54748
682102 57794
682202 54828
682302 23808
682402 5794
682502 48666
682602 51690
682702 38402
682802 25271
682902 17644
683002 46510
683102 9163
683202 59679
683302 54690
683402 21772
683502 22809
683602 47679
683702 61818
683802 36220
683902 45054
684002 55265
684102 11402
684202 18896
684302 45544
684402 61190
684502 1671
684602 34330
684702 2302
684802 54512
684902 53329
685002 1318
685102 54630
685202 27956
685302 51141
685402 64679
685502 51880
685602 60283
685702 61616
685802 50942
685902 11327
686002 25459
686102 48213
686202 44610
686302 7897
686402 60327
686502 42229
686602 26209
686702 23638
686802 11413
686902 62605
687002 17019
687102 62117
687202 21532
687302 54716
687402 14882
687502 17480
687602 25478
687702 43039
687802 51219
687902 14171
688002 36082
688102 48990
688202 21814
688302 45946
688402 52766
688502 28961
688602 35354
688702 515
688802 2612
688902 38906
689002 36761
689102 50512
689202 49545
689302 20632
689402 53426
689502 56812
689602 32196
689702 14584
689802 46981
689902 61366
690002 8555
690102 31268
690202 55795
690302 23103
690402 42446
690502 3611
690602 12836
690702 57275
690802 23854
690902 37524
691002 48033
691102 64625
691202 8769
691302 61136
691402 41970
691502 53471
691602 14318
691702 3907
691802 29905
691902 29019
692002 40371
692102 32716
692202 12062
692302 18910
692402 57552
692502 51025
692602 22472
692702 7871
692802 53835
692902 36544
693002 20140
693102 19875
693202 5602
693302 28450
693402 65198
693502 39005
693602 48103
693702 4566
693802 20004
693902 11655
694002 19624
694102 15202
694202 32985
694302 53164
694402 44877
694502 34004
694602 29989
694702 48663
694802 64492
694902 41005
695002 38003
695102 23512
695202 63017
695302 6227
695402 26833
695502 43755
695602 42770
695702 26704
695802 40961
695902 13284
696002 8585
696102 1403
696202 41057
696302 21706
696402 42759
696502 35053
696602 11471
696702 56839
696802 52871
696902 31260
697002 2396
697102 8344
697202 42372
697302 11978
697402 125
697502 58703
697602 63304
697702 15465
697802 31918
697902 55971
698002 25189
698102 6298
698202 33196
698302 41395
698402 10716
698502 11066
698602 9839
698702 18084
698802 45584
698902 30306
699002 6825
699102 60062
699202 1546
699302 16737
699402 41516
699502 2165
699602 29394
699702 50714
699802 15739
699902 26523
700002 57028
700102 13104
700202 33817
700302 13613
700402 2160
700502 18761
700602 47814
700702 21103
700802 14582
700902 17621
701002 803
701102 20140
701202 47272
701302 60633
701402 779
701502 63813
701602 9702
701702 8933
701802 2975
701902 40859
702002 24634
702102 48753
702202 52845
702302 8273
702402 27466
702502 46029
702602 2757
702702 57625
702802 8978
702902 37157
703002 48118
703102 50488
703202 27775
703302 40418
703402 19844
703502 53458
703602 58514
703702 13300
703802 15826
703902 51877
704002 24818
704102 63196
704202 60573
704302 31002
704402 9873
704502 5562
704602 8157
704702 367
704802 26941
704902 51217
705002 15013
705102 38909
705202 36980
705302 8667
705402 42600
705502 58283
705602 53019
705702 63739
705802 46666
705902 15786
706002 2449
706102 32427
706202 32773
706302 10972
706402 44889
706502 10474
706602 36563
706702 59037
706802 55662
706902 42729
707002 63410
707102 13588
707202 61465
707302 45870
707402 15185
707502 1627
707602 34511
707702 6645
707802 3906
707902 58086
708002 7787
708102 53892
708202 14890
708302 41440
708402 25197
708502 38388
708602 58013
708702 18284
708802 62571
708902 27121
709002 3382
709102 59330
709202 18661
709302 27235
709402 38440
709502 50085
709602 55932
709702 51724
709802 58452
709902 29747
710002 4043
710102 32474
710202 58435
710302 22591
710402 28221
710502 65205
710602 7670
710702 51760
710802 37268
710902 44845
711002 23415
711102 35173
711202 4428
711302 18220
711402 26829
711502 6811
711602 64192
711702 44396
711802 45486
711902 41252
712002 5512
712102 46692
712202 40836
712302 32429
712402 39998
712502 58798
712602 24543
712702 48097
712802 47633
712902 11904
713002 42996
713102 3370
713202 19770
713302 12333
713402 528
713502 42536
713602 32866
713702 39287
713802 24696
713902 23962
714002 43206
714102 36667
714202 61655
714302 11532
714402 50727
714502 62408
714602 30568
714702 5440
714802 13696
714902 55051
715002 7481
715102 24434
715202 4305
715302 61485
715402 46402
715502 44359
715602 33314
715702 27461
715802 52804
715902 34829
716002 19914
716102 47485
716202 48613
716302 44660
716402 53667
716502 47419
716602 37593
716702 17346
716802 2683
716902 57472
717002 57326
717102 16473
717202 50441
717302 4584
717402 51373
717502 62510
717602 41336
717702 1077
717802 3896
717902 36540
718002 21580
718102 1292
718202 53734
718302 5286
718402 34524
718502 40484
718602 42521
718702 42047
718802 64848
718902 29334
719002 16679
719102 8869
719202 1112
719302 135
719402 18193
719502 58013
719602 30352
719702 3904
719802 25762
719902 27870
720002 40646
720102 8062
720202 29166
720302 62242
720402 7322
720502 57177
720602 36928
720702 7154
720802 26729
720902 5812
721002 38579
721102 60360
721202 37370
721302 13122
721402 54831
721502 57602
721602 32953
721702 43501
721802 54752
721902 38795
722002 14453
722102 22278
722202 56925
722302 41611
722402 3475
722502 19721
722602 16829
722702 48819
722802 12510
722902 38258
723002 43637
723102 17329
723202 31693
723302 54482
723402 16183
723502 24105
723602 32980
723702 27462
723802 35506
723902 55646
724002 40671
724102 50898
724202 34815
724302 22012
724402 49146
724502 56286
724602 54981
724702 51771
724802 59580
724902 3020
725002 629
725102 59475
725202 9172
725302 42460
725402 61269
725502 38772
725602 1700
725702 27503
725802 37301
725902 12009
726002 22494
726102 44573
726202 52757
726302 2649
726402 47693
726502 23669
726602 45442
726702 33013
726802 56780
726902 8385
727002 45749
727102 47647
727202 24370
727302 7077
727402 32933
727502 18553
727602 55061
727702 46078
727802 16625
727902 46023
728002 26606
728102 64623
728202 44002
728302 51827
728402 41999
728502 57205
728602 42840
728702 50954
728802 24363
728902 736
729002 23843
729102 46671
729202 42686
729302 38677
729402 42944
729502 14801
729602 14876
729702 59748
729802 34637
729902 48001
730002 52022
730102 47053
730202 58616
730302 13422
730402 15198
730502 7462
730602 65094
730702 31442
730802 6349
730902 30045
731002 59715
731102 28540
731202 52954
731302 61108
731402 46784
731502 2989
731602 51958
731702 61569
731802 14901
731902 56125
732002 1648
732102 1303
732202 39650
732302 55461
732402 45499
732502 2259
732602 63879
732702 12303
732802 22237
732902 51391
733002 39122
733102 3163
733202 16850
733302 61538
733402 15388
733502 48284
733602 63994
733702 29249
733802 17878
733902 7463
734002 20708
734102 51405
734202 45280
734302 18198
734402 60494
734502 56591
734602 33658
734702 58891
734802 18809
734902 16705
735002 9153
735102 13309
735202 8865
735302 26400
735402 21147
735502 21924
735602 33370
735702 22026
735802 16020
735902 17986
736002 64548
736102 64022
736202 34205
736302 26256
736402 58011
736502 24014
736602 32095
736702 27723
736802 37153
736902 12332
737002 39019
737102 56989
737202 61278
737302 3269
737402 56502
737502 11868
737602 4455
737702 53110
737802 57961
737902 41061
738002 30415
738102 52264
738202 29923
738302 1700
738402 64418
738502 25452
738602 558
738702 36283
738802 56495
738902 39686
739002 384
739102 52032
739202 57940
739302 62349
739402 42267
739502 47715
739602 44693
739702 40369
739802 32937
739902 48621
740002 14276
740102 1658
740202 33588
740302 14362
740402 54119
740502 10352
740602 30039
740702 29876
740802 4129
740902 20924
741002 34781
741102 26915
741202 23837
741302 48189
741402 52229
741502 62916
741602 49448
741702 6990
741802 18703
741902 8471
742002 41748
742102 53246
742202 20376
742302 39885
742402 57333
742502 26474
742602 19764
742702 49009
742802 36825
742902 8575
743002 26024
743102 18162
743202 49603
743302 42147
743402 15625
743502 8327
743602 47549
743702 23188
743802 43257
743902 26839
744002 21216
744102 12116
744202 45053
744302 9382
744402 56907
744502 15704
744602 9682
744702 16394
744802 9803
744902 25742
745002 9248
745102 56138
745202 2213
745302 61302
745402 9173
745502 37586
745602 46669
745702 63724
745802 58090
745902 14367
746002 32123
746102 24643
746202 41510
746302 55973
746402 3063
746502 45361
746602 26933
746702 41428
746802 34067
746902 59403
747002 44048
747102 43858
747202 50457
747302 54332
747402 59574
747502 429
747602 28114
747702 52950
747802 13060
747902 42391
748002 53165
748102 201
748202 54290
748302 54681
748402 22434
748502 6985
748602 46938
748702 5162
748802 49409
748902 51441
749002 29913
749102 11195
749202 64122
749302 39080
749402 44203
749502 2067
749602 9097
749702 2434
749802 27962
749902 25636
750002 48691
750102 7976
750202 34336
750302 8256
750402 44230
750502 17315
750602 61365
750702 32752
750802 38934
750902 25771
751002 54754
751102 11502
751202 20932
751302 34807
751402 26801
751502 31895
751602 34778
751702 15082
751802 31804
751902 61610
752002 6998
752102 53731
752202 45871
752302 959
752402 61693
752502 46240
752602 39830
752702 5465
752802 20092
752902 8302
753002 19289
753102 961
753202 27365
753302 38916
753402 26904
753502 60481
753602 16510
753702 5118
753802 18683
753902 12557
754002 39399
754102 24069
754202 40124
754302 16129
754402 26368
754502 3989
754602 11148
754702 34064
754802 46867
754902 49770
755002 64913
755102 35671
755202 33007
755302 30421
755402 24158
755502 8211
755602 31723
755702 44399
755802 36112
755902 1394
756002 10792
756102 42835
756202 12620
756302 12190
756402 4947
756502 13159
756602 59687
756702 57639
756802 5005
756902 47367
757002 32316
757102 31171
757202 45581
757302 39187
757402 10761
757502 58126
757602 493
757702 65018
757802 19970
757902 60340
758002 15021
758102 62327
758202 51456
758302 28560
758402 26590
758502 55961
758602 7840
758702 5494
758802 15348
758902 42933
759002 8806
759102 47933
759202 10656
759302 17403
759402 7592
759502 7102
759602 14417
759702 27084
759802 21101
759902 53654
760002 64696
760102 15239
760202 34385
760302 53005
760402 11704
760502 26431
760602 57312
760702 59561
760802 26419
760902 26088
761002 44155
761102 26934
761202 26935
761302 10269
761402 38755
761502 29038
761602 19440
761702 56982
761802 23838
761902 57204
762002 43639
762102 5118
762202 27587
762302 42889
762402 39363
762502 31289
762602 29163
762702 5457
762802 23338
762902 25276
763002 9387
763102 49063
763202 43504
763302 2526
763402 6357
763502 35589
763602 31360
763702 60699
763802 53707
763902 14610
764002 16442
764102 25026
764202 43904
764302 2386
764402 1172
764502 22253
764602 51649
764702 34964
764802 5123
764902 182
765002 13656
765102 36409
765202 34491
765302 28092
765402 15635
765502 63641
765602 54505
765702 29478
765802 14113
765902 26811
766002 15164
766102 27361
766202 43186
766302 29921
766402 39542
766502 59866
766602 37531
766702 59601
766802 32796
766902 49381
767002 51337
767102 23964
767202 14713
767302 23023
767402 8021
767502 46541
767602 13802
767702 60251
767802 16284
767902 60217
768002 8942
768102 40865
768202 18340
768302 149
768402 48868
768502 42595
768602 40669
768702 39083
768802 50768
768902 48005
769002 6928
769102 8556
769202 58209
769302 19197
769402 35041
769502 54932
769602 61579
769702 57936
769802 10969
769902 22165
770002 6368
770102 17264
770202 5953
770302 63144
770402 32772
770502 55927
770602 29758
770702 8244
770802 51084
770902 8618
771002 12822
771102 33605
771202 62761
771302 52393
771402 37622
771502 50867
771602 13330
771702 64428
771802 24440
771902 60884
772002 22002
772102 5678
772202 56186
772302 15703
772402 11184
772502 21497
772602 30344
772702 44052
772802 28293
772902 38381
773002 6670
773102 27934
773202 56627
773302 6089
773402 62170
773502 17388
773602 43511
773702 13911
773802 47587
773902 59500
774002 10671
774102 56505
774202 41929
774302 23007
774402 59507
774502 58210
774602 17514
774702 62150
774802 17721
774902 32314
775002 57327
775102 44295
775202 5881
775302 542
775402 34677
775502 63007
775602 2230
775702 9726
775802 38260
775902 60232
776002 5889
776102 39567
776202 50079
776302 59215
776402 35770
776502 56772
776602 10170
776702 5818
776802 54121
776902 61276
777002 48423
777102 40891
777202 45248
777302 46261
777402 2847
777502 32772
777602 62605
777702 11743
777802 14338
777902 52963
778002 65296
778102 58288
778202 46783
778302 58620
778402 6823
778502 52704
778602 34911
778702 3350
778802 30398
778902 49821
779002 64981
779102 39763
779202 34706
779302 54870
779402 60690
779502 35588
779602 48378
779702 285
779802 31871
779902 9436
780002 34423
780102 45851
780202 11295
780302 6598
780402 3847
780502 5478
780602 29870
780702 15894
780802 44633
780902 25577
781002 62275
781102 61528
781202 17505
781302 12918
781402 55133
781502 12130
781602 27231
781702 31962
781802 34235
781902 57023
782002 58082
782102 38891
782202 22843
782302 32802
782402 45078
782502 63886
782602 45220
782702 61216
782802 28331
782902 40142
783002 46322
783102 34839
783202 63833
783302 57291
783402 64449
783502 2546
783602 17463
783702 23504
783802 7085
783902 109
784002 38632
784102 23801
784202 144
784302 1917
784402 16662
784502 17656
784602 8228
784702 6479
784802 52633
784902 39524
785002 31354
785102 33165
785202 29903
785302 62643
785402 49857
785502 64884
785602 51196
785702 35356
785802 16647
785902 40996
786002 24918
786102 5024
786202 15023
786302 54521
786402 1912
786502 37502
786602 25936
786702 34074
786802 49501
786902 27255
787002 44583
787102 26592
787202 7376
787302 59670
787402 37516
787502 42837
787602 6707
787702 27779
787802 44738
787902 38809
788002 8560
788102 8361
788202 20660
788302 57670
788402 41114
788502 9239
788602 50042
788702 51121
788802 65455
788902 45193
789002 23499
789102 1549
789202 17662
789302 30824
789402 14369
789502 56823
789602 47478
789702 23610
789802 47711
789902 28582
790002 247
790102 43696
790202 29564
790302 50245
790402 6780
790502 10887
790602 1492
790702 62406
790802 1851
790902 11677
791002 48889
791102 62407
791202 60623
791302 56111
791402 24267
791502 26325
791602 16080
791702 24671
791802 42513
791902 6461
792002 50746
792102 46907
792202 8522
792302 43116
792402 2432
792502 11419
792602 41711
792702 61325
792802 41311
792902 8612
793002 51693
793102 25308
793202 33024
793302 32758
793402 46150
793502 8833
793602 29611
793702 14897
793802 31216
793902 62372
794002 22519
794102 61865
794202 47104
794302 57787
794402 15870
794502 17541
794602 8287
794702 19250
794802 11772
794902 30542
795002 55681
795102 2961
795202 15312
795302 62868
795402 11992
795502 51838
795602 32229
795702 20579
795802 6861
795902 45142
796002 54725
796102 58251
796202 54727
796302 11651
796402 17270
796502 24570
796602 31703
796702 33640
796802 13891
796902 12834
797002 57713
797102 1935
797202 46858
797302 19227
797402 50691
797502 55913
797602 37260
797702 46314
797802 57070
797902 43886
798002 49205
798102 58711
798202 49409
798302 23703
798402 35596
798502 20056
798602 5481
798702 12234
798802 6007
798902 32932
799002 36858
799102 32032
799202 7495
799302 56983
799402 46471
799502 17589
799602 13692
799702 38167
799802 6257
799902 32044
800002 44392
800102 6039
800202 22623
800302 60102
800402 12630
800502 25361
800602 50428
800702 31952
800802 46308
800902 65329
801002 50076
801102 11348
801202 61738
801302 65373
801402 26578
801502 56883
801602 64499
801702 41800
801802 38459
801902 12788
802002 31625
802102 23041
802202 12919
802302 15512
802402 36425
802502 28138
802602 13678
802702 60286
802802 49915
802902 34319
803002 50946
803102 2648
803202 59377
803302 61104
803402 13452
803502 61404
803602 62650
803702 18850
803802 11147
803902 26768
804002 60678
804102 43350
804202 3640
804302 8385
804402 39221
804502 26307
804602 64473
804702 9316
804802 39208
804902 22745
805002 9934
805102 34629
805202 53229
805302 23281
805402 19664
805502 10637
805602 29111
805702 13225
805802 10384
805902 9752
806002 53386
806102 0
806202 34034
806302 36785
806402 37786
806502 50316
806602 19285
806702 37563
806802 56704
806902 8778
807002 45645
807102 57948
807202 13303
807302 5420
807402 12426
807502 42698
807602 37546
807702 33327
807802 17777
807902 42447
808002 14129
808102 41410
808202 16633
808302 5555
808402 65016
808502 17569
808602 9442
808702 38072
808802 53929
808902 14664
809002 7420
809102 35127
809202 4560
809302 1436
809402 25473
809502 35007
809602 65004
809702 8186
809802 49807
809902 46552
810002 49215
810102 58687
810202 22437
810302 48942
810402 15741
810502 4768
810602 49720
810702 59544
810802 20349
810902 28632
811002 57693
811102 35587
811202 10141
811302 37869
811402 28445
811502 65374
811602 11152
811702 40901
811802 14564
811902 37691
812002 32930
812102 13715
812202 63414
812302 6755
812402 45927
812502 61768
812602 20107
812702 7983
812802 49965
812902 24833
813002 13144
813102 52261
813202 57616
813302 60718
813402 16399
813502 1097
813602 52890
813702 51395
813802 55963
813902 56622
814002 58165
814102 64417
814202 3027
814302 9865
814402 40485
814502 5671
814602 11531
814702 41235
814802 5563
814902 45050
815002 22378
815102 7424
815202 38146
815302 41346
815402 62985
815502 14481
815602 12198
815702 23633
815802 61917
815902 7690
816002 62917
816102 19726
816202 41222
816302 4976
816402 63809
816502 29893
816602 23344
816702 27344
816802 62208
816902 15384
817002 29860
817102 25280
817202 25867
817302 21785
817402 19851
817502 32615
817602 36643
817702 1893
817802 51165
817902 17927
818002 10154
818102 20345
818202 3501
818302 58175
818402 8207
818502 56880
818602 37945
818702 43630
818802 39256
818902 19147
819002 52712
819102 63005
819202 13787
819302 60618
819402 52488
819502 12156
819602 40898
819702 9676
819802 56093
819902 7900
820002 48610
820102 12679
820202 13122
820302 35576
820402 24353
820502 33915
820602 39335
820702 44639
820802 52029
820902 55696
821002 54224
821102 37943
821202 8297
821302 19277
821402 1366
821502 35351
821602 20422
821702 49244
821802 29922
821902 25362
822002 46950
822102 20181
822202 9927
822302 32234
822402 56939
822502 62418
822602 1957
822702 64587
822802 64943
822902 35985
823002 59152
823102 29404
823202 25963
823302 2936
823402 24293
823502 13070
823602 44378
823702 30177
823802 24019
823902 44735
824002 628
824102 51825
824202 56204
824302 52086
824402 56302
824502 38063
824602 47005
824702 45886
824802 35847
824902 13696
825002 41352
825102 48936
825202 55320
825302 4667
825402 39711
825502 23687
825602 4595
825702 28212
825802 34466
825902 24607
826002 30559
826102 2694
826202 44926
826302 7682
826402 18912
826502 20126
826602 29582
826702 21404
826802 45011
826902 27047
827002 32855
827102 8400
827202 11591
827302 61808
827402 20496
827502 19348
827602 23650
827702 3607
827802 14621
827902 4463
828002 34231
828102 49351
828202 62857
828302 58456
828402 54901
828502 13466
828602 55616
828702 45753
828802 60179
828902 62312
829002 37670
829102 41871
829202 24980
829302 34347
829402 12169
829502 23162
829602 46223
829702 21260
829802 7508
829902 33450
830002 4304
830102 60237
830202 50142
830302 57864
830402 11932
830502 54058
830602 53600
830702 35457
830802 60032
830902 60810
831002 6635
831102 30045
831202 21090
831302 6941
831402 16549
831502 47864
831602 27198
831702 62591
831802 36523
831902 55281
832002 63032
832102 34178
832202 13498
832302 64022
832402 63903
832502 29095
832602 59048
832702 29884
832802 25162
832902 10413
833002 48263
833102 2158
833202 53228
833302 55773
833402 17987
833502 54267
833602 36051
833702 1065
833802 10865
833902 46298
834002 62460
834102 26601
834202 3525
834302 23826
834402 33544
834502 45275
834602 40926
834702 39087
834802 17819
834902 61753
835002 4603
835102 7267
835202 42718
835302 32095
835402 30717
835502 22143
835602 61365
835702 23231
835802 34822
835902 17541
836002 44547
836102 53178
836202 32976
836302 26869
836402 32682
836502 62991
836602 13755
836702 46701
836802 54312
836902 14121
837002 57868
837102 38690
837202 38670
837302 31876
837402 20563
837502 4615
837602 10194
837702 14304
837802 15689
837902 62016
838002 58427
838102 9291
838202 53265
838302 1018
838402 2531
838502 1037
838602 43796
838702 45943
838802 12754
838902 21024
839002 29448
839102 59943
839202 53085
839302 38469
839402 30129
839502 18312
839602 11604
839702 56706
839802 20543
839902 42991
840002 45250
840102 44955
840202 62241
840302 58682
840402 36000
840502 59610
840602 34423
840702 30741
840802 11006
840902 43240
841002 31393
841102 59401
841202 32207
841302 37447
841402 13891
841502 28286
841602 25840
841702 30718
841802 51021
841902 35212
842002 45917
842102 4187
842202 2750
842302 10526
842402 48257
842502 29223
842602 8751
842702 50381
842802 42271
842902 11064
843002 3461
843102 3981
843202 49889
843302 47611
843402 64207
843502 36970
843602 7937
843702 18314
843802 29288
843902 54861
844002 36784
844102 9135
844202 19011
844302 61093
844402 20488
844502 6505
844602 48568
844702 54842
844802 35416
844902 28424
845002 27782
845102 39825
845202 25937
845302 58799
845402 59217
845502 42022
845602 9306
845702 54612
845802 41432
845902 9349
846002 42305
846102 45979
846202 8324
846302 65238
846402 56775
846502 39085
846602 42698
846702 45421
846802 21570
846902 31696
847002 43186
847102 28534
847202 24183
847302 57579
847402 40061
847502 41276
847602 22047
847702 12408
847802 20959
847902 42909
848002 6306
848102 8663
848202 7819
848302 47703
848402 20217
848502 50680
848602 16667
848702 42108
848802 28393
848902 26242
849002 45169
849102 47723
849202 65163
849302 53680
849402 64451
849502 19961
849602 29143
849702 55980
849802 43451
849902 29492
850002 28229
850102 7652
850202 20973
850302 32962
850402 34822
850502 43317
850602 6579
850702 26902
850802 6063
850902 52962
851002 1052
851102 45426
851202 10825
851302 37048
851402 8965
851502 30418
851602 48997
851702 21972
851802 64208
851902 48531
852002 8550
852102 32607
852202 40297
852302 36153
852402 10033
852502 50378
852602 6500
852702 51665
852802 8993
852902 57512
853002 16159
853102 48773
853202 64998
853302 10217
853402 14966
853502 3664
853602 6992
853702 40010
853802 37660
853902 20334
854002 38173
854102 41384
854202 57383
854302 55324
854402 26057
854502 7333
854602 54833
854702 27199
854802 3537
854902 31077
855002 43989
855102 24930
855202 16752
855302 3251
855402 5771
855502 23573
855602 33235
855702 40479
855802 21734
855902 4324
856002 46319
856102 33499
856202 37970
856302 207
856402 11854
856502 10736
856602 63128
856702 56451
856802 31038
856902 19403
857002 60573
857102 13694
857202 51178
857302 715
857402 41868
857502 61171
857602 33332
857702 55281
857802 21431
857902 1019
858002 16258
858102 35094
858202 37448
858302 32566
858402 51837
858502 59025
858602 29945
858702 22047
858802 51504
858902 2529
859002 19476
859102 56732
859202 63112
859302 15802
859402 8779
859502 34206
859602 63228
859702 32798
859802 38799
859902 36437
860002 41246
860102 48961
860202 60749
860302 35917
860402 10424
860502 57672
860602 30037
860702 5020
860802 27970
860902 17275
861002 36051
861102 61709
861202 10784
861302 44170
861402 41426
861502 45657
861602 35667
861702 18009
861802 32573
861902 37121
862002 28020
862102 60031
862202 42501
862302 41768
862402 36808
862502 4610
862602 62905
862702 63627
862802 55869
862902 40320
863002 31874
863102 64494
863202 1752
863302 13475
863402 12344
863502 29624
863602 11219
863702 36780
863802 44829
863902 42414
864002 21296
864102 38160
864202 10293
864302 18727
864402 15077
864502 31509
864602 8293
864702 30513
864802 2999
864902 31219
865002 58707
865102 64177
865202 8230
865302 17355
865402 32571
865502 55531
865602 25150
865702 33211
865802 59553
865902 36738
866002 31306
866102 8481
866202 45601
866302 61682
866402 34326
866502 33164
866602 43173
866702 1357
866802 58989
866902 61282
867002 52871
867102 43313
867202 15484
867302 56784
867402 10366
867502 23360
867602 22787
867702 24246
867802 46266
867902 58676
868002 14826
868102 4272
868202 10064
868302 25020
868402 53905
868502 53154
868602 51811
868702 57522
868802 53949
868902 53163
869002 17694
869102 71
869202 62253
869302 35
869402 2972
869502 41675
869602 16901
869702 25573
869802 43649
869902 41494
870002 8630
870102 7576
870202 33979
870302 18625
870402 38893
870502 14734
870602 2398
870702 14026
870802 21193
870902 33808
871002 36560
871102 52983
871202 63698
871302 18817
871402 35055
871502 53853
871602 43378
871702 29573
871802 19328
871902 40578
872002 20218
872102 42175
872202 15398
872302 29943
872402 63530
872502 32466
872602 39349
872702 26948
872802 61819
872902 22865
873002 2491
873102 939
873202 62520
873302 41114
873402 2982
873502 1374
873602 46633
873702 30313
873802 37516
873902 49758
874002 13501
874102 35111
874202 58185
874302 42704
874402 33101
874502 14433
874602 25781
874702 49419
874802 16304
874902 45391
875002 45464
875102 44190
875202 16835
875302 59890
875402 25077
875502 27551
875602 62149
875702 19395
875802 58601
875902 64030
876002 51201
876102 17148
876202 44485
876302 26896
876402 12492
876502 29743
876602 22049
876702 46359
876802 33521
876902 15061
877002 50983
877102 24046
877202 41781
877302 57385
877402 24962
877502 46059
877602 64896
877702 49981
877802 17043
877902 27134
878002 683
878102 21761
878202 49268
878302 39537
878402 30223
878502 14948
878602 59921
878702 4121
878802 11098
878902 16342
879002 56986
879102 1169
879202 51623
879302 44580
879402 38781
879502 58623
879602 6303
879702 6836
879802 64071
879902 5883
880002 1258
880102 15471
880202 41906
880302 41486
880402 13767
880502 6083
880602 61587
880702 57687
880802 3704
880902 12456
881002 57252
881102 20794
881202 63756
881302 30448
881402 60147
881502 24918
881602 11040
881702 43337
881802 15970
881902 13644
882002 5351
882102 49895
882202 53824
882302 56403
882402 31458
882502 54565
882602 17364
882702 21180
882802 45004
882902 52149
883002 58332
883102 30201
883202 49315
883302 28186
883402 17810
883502 15779
883602 7382
883702 373
883802 54436
883902 19797
884002 37722
884102 43071
884202 29238
884302 33578
884402 25104
884502 37116
884602 48068
884702 44786
884802 10483
884902 47790
885002 60173
885102 27899
885202 60616
885302 42505
885402 44182
885502 65309
885602 36409
885702 17364
885802 25039
885902 54353
886002 5947
886102 36930
886202 18015
886302 9876
886402 21854
886502 15962
886602 44128
886702 47448
886802 59343
886902 15371
887002 40723
887102 12629
887202 61833
887302 43258
887402 52577
887502 3581
887602 54222
887702 51117
887802 61566
887902 62710
888002 51797
888102 18108
888202 62784
888302 36066
888402 33459
888502 55577
888602 7972
888702 7200
888802 53373
888902 63947
889002 61315
889102 10792
889202 1672
889302 57227
889402 25382
889502 8783
889602 5806
889702 62564
889802 26006
889902 9574
890002 6829
890102 4323
890202 39644
890302 36835
890402 1961
890502 7520
890602 4465
890702 8044
890802 11832
890902 20500
891002 30631
891102 50972
891202 54384
891302 7379
891402 5839
891502 52608
891602 28393
891702 12548
891802 65253
891902 61648
892002 32465
892102 17296
892202 31470
892302 17570
892402 12424
892502 15612
892602 14303
892702 36050
892802 21697
892902 41439
893002 50595
893102 11523
893202 23241
893302 39410
893402 43986
893502 1034
893602 61484
893702 36992
893802 29867
893902 57882
894002 5399
894102 4679
894202 23457
894302 53271
894402 1474
894502 25022
894602 7560
894702 63841
894802 1568
894902 61200
895002 41380
895102 10700
895202 42684
895302 25182
895402 3549
895502 634
895602 57550
895702 58395
895802 13029
895902 33597
896002 12342
896102 49313
896202 47696
896302 44657
896402 16232
896502 3565
896602 40554
896702 63774
896802 33753
896902 55671
897002 33246
897102 42141
897202 44676
897302 46388
897402 2651
897502 62021
897602 17608
897702 2387
897802 61611
897902 31907
898002 9059
898102 24534
898202 52654
898302 51198
898402 30007
898502 51725
898602 10421
898702 60770
898802 61830
898902 61334
899002 10900
899102 26587
899202 23609
899302 10116
899402 63556
899502 44501
899602 20251
899702 57409
899802 39353
899902 11270
900002 61932
900102 63546
900202 61244
900302 54776
900402 37366
900502 43841
900602 36205
900702 14404
900802 15289
900902 43855
901002 60685
901102 34874
901202 22258
901302 8077
901402 57209
901502 52815
901602 27230
901702 29750
901802 20798
901902 54138
902002 41139
902102 6851
902202 9651
902302 10278
902402 47084
902502 27579
902602 52934
902702 32333
902802 9076
902902 1488
903002 12407
903102 32253
903202 44790
903302 28307
903402 11826
903502 45890
903602 46933
903702 61768
903802 60200
903902 47225
904002 52526
904102 9534
904202 43439
904302 33222
904402 19492
904502 3702
904602 54443
904702 17209
904802 21136
904902 24337
905002 56098
905102 10715
905202 54889
905302 56769
905402 24637
905502 7318
905602 57336
905702 60386
905802 8957
905902 61554
906002 29615
906102 17634
906202 37074
906302 31922
906402 34817
906502 16353
906602 53286
906702 42883
906802 41440
906902 3241
907002 50256
907102 3620
907202 42572
907302 44278
907402 39169
907502 29032
907602 51188
907702 62832
907802 62005
907902 32155
908002 54579
908102 16649
908202 24109
908302 59776
908402 60938
908502 10885
908602 54837
908702 11323
908802 51694
908902 6114
909002 46677
909102 34588
909202 29022
909302 49828
909402 25836
909502 7020
909602 44390
909702 31854
909802 7878
909902 5690
910002 45242
910102 41236
910202 49477
910302 29793
910402 16690
910502 33072
910602 38219
910702 52650
910802 43785
910902 29994
911002 904
911102 56497
911202 16801
911302 63485
911402 25452
911502 53405
911602 61441
911702 57993
911802 6306
911902 34609
912002 11686
912102 58737
912202 41070
912302 42550
912402 53567
912502 6109
912602 46842
912702 37879
912802 65341
912902 41225
913002 62003
913102 36654
913202 12659
913302 46167
913402 7057
913502 17943
913602 47044
913702 53563
913802 1402
913902 42024
914002 37140
914102 25585
914202 26223
914302 31512
914402 65159
914502 37429
914602 49322
914702 48312
914802 33770
914902 55558
915002 21995
915102 57283
915202 60045
915302 36139
915402 63130
915502 13027
915602 51167
915702 28279
915802 60045
915902 52583
916002 26513
916102 33807
916202 52126
916302 10729
916402 63689
916502 32927
916602 164
916702 10420
916802 42376
916902 26791
917002 1647
917102 9448
917202 8422
917302 60742
917402 51787
917502 27646
917602 38010
917702 7366
917802 22580
917902 35375
918002 43718
918102 45439
918202 21725
918302 58968
918402 49945
918502 30541
918602 17454
918702 9815
918802 34536
918902 25060
919002 13854
919102 27073
919202 32183
919302 52455
919402 6522
919502 19633
919602 15501
919702 4284
919802 2198
919902 56273
920002 53454
920102 38857
920202 61468
920302 7137
920402 21530
920502 44878
920602 8463
920702 30477
920802 33721
920902 32906
921002 10474
921102 18797
921202 49591
921302 15941
921402 40628
921502 55292
921602 63523
921702 20149
921802 1542
921902 17432
922002 45383
922102 46788
922202 35738
922302 39870
922402 60119
922502 6257
922602 31531
922702 6547
922802 33123
922902 8565
923002 14452
923102 57199
923202 58591
923302 21559
923402 41687
923502 1690
923602 34874
923702 21790
923802 28658
923902 31944
924002 56396
924102 21927
924202 9120
924302 3420
924402 48922
924502 50516
924602 10736
924702 9921
924802 27234
924902 7066
925002 62775
925102 61438
925202 30141
925302 57386
925402 28960
925502 31201
925602 24489
925702 20223
925802 43723
925902 2717
926002 5324
926102 51238
926202 13758
926302 8169
926402 30405
926502 8558
926602 47192
926702 14724
926802 49726
926902 47167
927002 58852
927102 7772
927202 15053
927302 26523
927402 44015
927502 36756
927602 30392
927702 48844
927802 42863
927902 12515
928002 33362
928102 11138
928202 35134
928302 15421
928402 31051
928502 42433
928602 6299
928702 39571
928802 23801
928902 9847
929002 61902
929102 32240
929202 21340
929302 56834
929402 38575
929502 49895
929602 25420
929702 106
929802 56003
929902 9786
930002 62942
930102 43963
930202 40949
930302 25223
930402 44358
930502 55352
930602 62886
930702 28809
930802 50482
930902 7694
931002 64402
931102 8979
931202 24890
931302 60989
931402 27673
931502 63240
931602 55030
931702 25924
931802 11286
931902 19852
932002 62809
932102 34659
932202 497
932302 19112
932402 56094
932502 52435
932602 23550
932702 3032
932802 12765
932902 438
933002 9050
933102 30511
933202 3975
933302 11790
933402 9009
933502 24065
933602 55045
933702 14923
933802 19730
933902 2542
934002 48831
934102 48868
934202 25465
934302 53761
934402 46851
934502 34719
934602 31939
934702 53576
934802 20974
934902 31481
935002 12250
935102 51058
935202 23650
935302 3807
935402 64072
935502 64222
935602 3299
935702 33063
935802 23143
935902 57980
936002 52630
936102 47643
936202 9543
936302 21372
936402 2966
936502 11115
936602 9855
936702 38505
936802 51490
936902 2361
937002 20504
937102 7083
937202 1235
937302 14958
937402 12458
937502 46787
937602 57672
937702 12881
937802 37110
937902 38711
938002 6907
938102 34729
938202 5628
938302 64921
938402 22544
938502 47838
938602 33877
938702 23572
938802 27037
938902 13049
939002 7956
939102 45947
939202 13774
939302 57518
939402 33635
939502 32521
939602 23348
939702 42141
939802 4562
939902 20313
940002 28364
940102 64726
940202 7996
940302 30313
940402 47670
940502 22734
940602 59465
940702 55210
940802 10832
940902 53686
941002 48091
941102 42988
941202 57669
941302 24236
941402 46725
941502 6088
941602 14528
941702 46788
941802 55925
941902 27099
942002 52219
942102 14002
942202 22954
942302 39978
942402 28005
942502 13563
942602 30469
942702 9961
942802 41757
942902 9434
943002 31825
943102 60487
943202 64239
943302 27782
943402 55319
943502 28625
943602 9221
943702 9537
943802 58706
943902 9309
944002 15612
944102 12201
944202 13602
944302 20586
944402 25351
944502 58593
944602 34622
944702 39368
944802 62527
944902 30448
945002 6330
945102 6083
945202 49603
945302 62464
945402 21932
945502 32064
945602 27206
945702 57569
945802 38507
945902 1859
946002 61533
946102 42756
946202 12806
946302 10902
946402 59610
946502 40909
946602 34521
946702 48105
946802 900
946902 33339
947002 14723
947102 52763
947202 17266
947302 60054
947402 32222
947502 2179
947602 56591
947702 50440
947802 9668
947902 45120
948002 17394
948102 13398
948202 54777
948302 8693
948402 4977
948502 33500
948602 57815
948702 28269
948802 14963
948902 11452
949002 41522
949102 38864
949202 22241
949302 2977
949402 47730
949502 64156
949602 16371
949702 23865
949802 22392
949902 25767
950002 5536
950102 49599
950202 51594
950302 53988
950402 3199
950502 20104
950602 35747
950702 16839
950802 55401
950902 25673
951002 10494
951102 7167
951202 13238
951302 1244
951402 1517
951502 6303
951602 21976
951702 39699
951802 23331
951902 63470
952002 54771
952102 53601
952202 47921
952302 12016
952402 61432
952502 10760
952602 9460
952702 56536
952802 224
952902 36411
953002 15974
953102 20749
953202 58083
953302 3784
953402 31781
953502 16793
953602 6761
953702 49067
953802 8479
953902 19676
954002 18617
954102 18450
954202 10034
954302 58306
954402 43131
954502 8187
954602 8288
954702 25203
954802 32943
954902 25845
955002 59929
955102 21110
955202 20095
955302 15303
955402 25521
955502 20071
955602 40504
955702 56874
955802 59656
955902 40372
956002 15030
956102 3948
956202 5661
956302 27189
956402 4944
956502 37659
956602 49435
956702 2111
956802 13353
956902 39605
957002 24569
957102 24453
957202 39996
957302 610
957402 22695
957502 3951
957602 7219
957702 37100
957802 38247
957902 41526
958002 58113
958102 35527
958202 12410
958302 5612
958402 20913
958502 51544
958602 22595
958702 1720
958802 25146
958902 12681
959002 60705
959102 24007
959202 57952
959302 47149
959402 59778
959502 50811
959602 23058
959702 43123
959802 4647
959902 38771
960002 44761
960102 3363
960202 48774
960302 45725
960402 56491
960502 23322
960602 29906
960702 22329
960802 21561
960902 63048
961002 29241
961102 30641
961202 8288
961302 329
961402 38954
961502 30761
961602 6944
961702 27579
961802 60424
961902 30099
962002 16516
962102 43505
962202 4373
962302 14083
962402 52160
962502 32043
962602 54954
962702 52888
962802 26449
962902 3370
963002 22569
963102 22120
963202 11434
963302 21776
963402 42539
963502 61831
963602 27196
963702 32940
963802 27020
963902 58879
964002 10799
964102 13901
964202 22928
964302 54505
964402 8588
964502 62204
964602 21290
964702 8286
964802 54511
964902 50769
965002 43197
965102 24366
965202 27091
965302 14819
965402 29279
965502 158
965602 39195
965702 4881
965802 54153
965902 35350
966002 60772
966102 27802
966202 48110
966302 28289
966402 59484
966502 33404
966602 23392
966702 28826
966802 26737
966902 59405
967002 55028
967102 11308
967202 44485
967302 49667
967402 33100
967502 303
967602 17087
967702 37075
967802 39330
967902 25173
968002 11046
968102 8957
968202 55133
968302 49932
968402 14363
968502 55992
968602 38766
968702 4357
968802 63352
968902 11003
969002 42786
969102 57195
969202 32231
969302 29535
969402 20127
969502 46530
969602 50074
969702 62404
969802 46094
969902 52784
970002 10390
970102 5885
970202 27394
970302 2721
970402 65096
970502 34793
970602 41542
970702 62191
970802 50466
970902 37024
971002 47914
971102 26679
971202 9653
971302 5448
971402 3894
971502 55381
971602 705
971702 28798
971802 45036
971902 43886
972002 47080
972102 700
972202 18997
972302 17963
972402 29579
972502 1097
972602 8589
972702 40055
972802 45125
972902 53247
973002 58309
973102 9684
973202 968
973302 26625
973402 43189
973502 4735
973602 957
973702 10051
973802 2728
973902 4347
974002 3403
974102 30631
974202 51752
974302 54240
974402 22535
974502 36068
974602 10223
974702 58449
974802 56390
974902 45396
975002 35826
975102 43256
975202 59418
975302 22560
975402 19056
975502 9750
975602 39884
975702 51883
975802 40811
975902 24919
976002 6734
976102 17702
976202 12651
976302 65528
976402 3399
976502 51258
976602 13189
976702 60737
976802 36039
976902 2367
977002 62462
977102 27083
977202 54621
977302 17848
977402 19760
977502 17708
977602 56447
977702 21641
977802 39596
977902 14092
978002 12376
978102 60271
978202 32705
978302 36780
978402 16873
978502 28870
978602 6966
978702 25076
978802 51004
978902 11225
979002 50063
979102 58424
979202 59578
979302 6114
979402 30737
979502 13514
979602 57588
979702 48197
979802 22753
979902 27809
980002 15404
980102 20128
980202 58930
980302 56043
980402 54621
980502 30517
980602 39847
980702 43294
980802 32624
980902 1491
981002 17611
981102 28983
981202 21358
981302 17664
981402 14320
981502 50992
981602 34868
981702 58394
981802 43182
981902 39060
982002 60694
982102 18203
982202 26895
982302 13544
982402 16270
982502 35172
982602 58054
982702 20418
982802 9922
982902 35839
983002 59781
983102 30390
983202 42377
983302 13331
983402 16859
983502 35545
983602 38343
983702 20904
983802 29329
983902 43649
984002 14546
984102 39761
984202 33566
984302 10673
984402 22293
984502 13184
984602 6798
984702 25962
984802 30217
984902 65168
985002 21223
985102 52915
985202 52284
985302 17150
985402 41618
985502 55783
985602 54041
985702 33034
985802 55266
985902 487
986002 41435
986102 41697
986202 61587
986302 49397
986402 25405
986502 32936
986602 35481
986702 19921
986802 60892
986902 37037
987002 40781
987102 62738
987202 42920
987302 9415
987402 27239
987502 35503
987602 59720
987702 4511
987802 51753
987902 35052
988002 8759
988102 10550
988202 59426
988302 59706
988402 7793
988502 42359
988602 8451
988702 4598
988802 2093
988902 61587
989002 17044
989102 14634
989202 19815
989302 16411
989402 54222
989502 36153
989602 21768
989702 6174
989802 11989
989902 50696
990002 62828
990102 11405
990202 64757
990302 14798
990402 21169
990502 58170
990602 7866
990702 5402
990802 9565
990902 61456
991002 27633
991102 13649
991202 34632
991302 24962
991402 28377
991502 5655
991602 6802
991702 50938
991802 59373
991902 48846
992002 24839
992102 36177
992202 11623
992302 27113
992402 3361
992502 25582
992602 21311
992702 22390
992802 8210
992902 17046
993002 55936
993102 43575
993202 539
993302 53370
993402 62386
993502 31668
993602 55901
993702 65291
993802 46136
993902 21648
994002 972
994102 53795
994202 58048
994302 12880
994402 10372
994502 29498
994602 65202
994702 28448
994802 37934
994902 38249
995002 9379
995102 33856
995202 38639
995302 62160
995402 55240
995502 53717
995602 45367
995702 43244
995802 50615
995902 38493
996002 33176
996102 59038
996202 44025
996302 11737
996402 58616
996502 11908
996602 41090
996702 40634
996802 25530
996902 10752
997002 544
997102 46432
997202 14487
997302 33514
997402 27994
997502 62935
997602 45413
997702 206
997802 45188
997902 902
998002 25448
998102 13992
998202 21583
998302 12617
998402 1173
998502 64403
998602 2483
998702 39057
998802 32636
998902 19636
999002 3336
999102 50662
999202 1852
999302 32255
999402 52297
999502 33872
999602 8720
999702 12630
999802 21036
999902 3254
1000002 43232
1000102 20321
1000202 37000
1000302 1334
1000402 16602
1000502 57238
1000602 20511
1000702 29533
1000802 42130
1000902 46517
1001002 17607
1001102 12378
1001202 42228
1001302 13983
1001402 55639
1001502 27853
1001602 18686
1001702 5900
1001802 30182
1001902 29084
1002002 41726
1002102 24081
1002202 58649
1002302 16624
1002402 59637
1002502 34720
1002602 17718
1002702 8377
1002802 47692
1002902 34197
1003002 33586
1003102 60775
1003202 28741
1003302 47316
1003402 11977
1003502 62124
1003602 19191
1003702 41251
1003802 10463
1003902 27263
1004002 172
1004102 31004
1004202 7951
1004302 37220
1004402 47000
1004502 29922
1004602 27472
1004702 12416
1004802 36429
1004902 20013
1005002 48902
1005102 18714
1005202 53982
1005302 8466
1005402 27413
1005502 28094
1005602 53617
1005702 7022
1005802 17183
1005902 38494
1006002 45396
1006102 32137
1006202 41549
1006302 13984
1006402 22778
1006502 59672
1006602 23891
1006702 53102
1006802 25636
1006902 60852
1007002 31492
1007102 37312
1007202 10407
1007302 59459
1007402 46751
1007502 63414
1007602 63014
1007702 55801
1007802 49280
1007902 43639
1008002 17865
1008102 62841
1008202 1715
1008302 52028
1008402 44542
1008502 10087
1008602 45790
1008702 1675
1008802 38598
1008902 9315
1009002 24761
1009102 59882
1009202 31999
1009302 65024
1009402 64998
1009502 30374
1009602 16730
1009702 15637
1009802 38184
1009902 27165
1010002 26157
1010102 26272
1010202 8799
1010302 63283
1010402 47706
1010502 41782
1010602 816
1010702 51001
1010802 17858
1010902 47613
1011002 32821
1011102 12191
1011202 4331
1011302 7220
1011402 42835
1011502 15438
1011602 18089
1011702 46107
1011802 53581
1011902 2134
1012002 24474
1012102 2323
1012202 22055
1012302 44876
1012402 46437
1012502 42568
1012602 25770
1012702 47730
1012802 52350
1012902 44671
1013002 45394
1013102 24446
1013202 4062
1013302 11452
1013402 18966
1013502 21988
1013602 5596
1013702 63455
1013802 44706
1013902 3234
1014002 8803
1014102 65218
1014202 42871
1014302 64855
1014402 39017
1014502 62508
1014602 35313
1014702 6564
1014802 49354
1014902 46075
1015002 49553
1015102 26232
1015202 29463
1015302 50567
1015402 54629
1015502 11931
1015602 46144
1015702 5643
1015802 24284
1015902 29736
1016002 21332
1016102 21057
1016202 51375
1016302 46958
1016402 62323
1016502 14829
1016602 32454
1016702 53682
1016802 51262
1016902 50086
1017002 21300
1017102 8416
1017202 2254
1017302 30733
1017402 28218
1017502 6533
1017602 8334
1017702 56075
1017802 52308
1017902 61047
1018002 54083
1018102 42753
1018202 65132
1018302 41277
1018402 47704
1018502 37782
1018602 47973
1018702 14846
1018802 50757
1018902 40311
1019002 18399
1019102 37023
1019202 60617
1019302 30090
1019402 35437
1019502 17766
1019602 47450
1019702 43869
1019802 29852
1019902 64322
1020002 4352
1020102 50625
1020202 8514
1020302 44692
1020402 41164
1020502 24666
1020602 64436
1020702 35985
1020802 46576
1020902 51100
1021002 51824
1021102 10268
1021202 57107
1021302 42670
1021402 23254
1021502 44302
1021602 40328
1021702 39951
1021802 53626
1021902 26414
1022002 52597
1022102 62064
1022202 55002
1022302 62204
1022402 8174
1022502 25689
1022602 57921
1022702 17813
1022802 7900
1022902 6296
1023002 16674
1023102 18097
1023202 33787
1023302 5272
1023402 52262
1023502 29748
1023602 43422
1023702 37366
1023802 54835
1023902 23300
1024002 14520
1024102 49523
1024202 47664
1024302 44162
1024402 28483
1024502 35462
1024602 52500
1024702 63285
1024802 10457
1024902 50713
1025002 37822
1025102 25074
1025202 19561
1025302 2139
1025402 55291
1025502 55356
1025602 533
1025702 7192
1025802 57995
1025902 24716
1026002 61295
1026102 50500
1026202 36832
1026302 30022
1026402 24219
1026502 30424
1026602 15978
1026702 33977
1026802 38336
1026902 18865
1027002 33540
1027102 3613
1027202 50994
1027302 35557
1027402 41680
1027502 50597
1027602 58157
1027702 63726
1027802 41500
1027902 59333
1028002 20135
1028102 38808
1028202 51672
1028302 21174
1028402 18790
1028502 36613
1028602 54733
1028702 53112
1028802 63362
1028902 24927
1029002 40818
1029102 34132
1029202 571
1029302 36052
1029402 45833
1029502 36132
1029602 46797
1029702 44657
1029802 26276
1029902 14465
1030002 39198
1030102 47009
1030202 65077
1030302 7777
1030402 6015
1030502 39238
1030602 22737
1030702 11024
1030802 36473
1030902 2086
1031002 63666
1031102 10560
1031202 44420
1031302 16165
1031402 37408
1031502 32924
1031602 10163
1031702 11013
1031802 47625
1031902 40707
1032002 14934
1032102 37789
1032202 17387
1032302 15552
1032402 44959
1032502 32569
1032602 28917
1032702 1536
1032802 52012
1032902 28006
1033002 29367
1033102 29866
1033202 34684
1033302 22383
1033402 48135
1033502 41841
1033602 12575
1033702 24489
1033802 23992
1033902 62624
1034002 24313
1034102 48696
1034202 48418
1034302 30029
1034402 327
1034502 40182
1034602 30165
1034702 24600
1034802 25471
1034902 16230
1035002 27495
1035102 19477
1035202 50417
1035302 9584
1035402 52620
1035502 11798
1035602 48208
1035702 26902
1035802 17489
1035902 11904
1036002 21666
1036102 23482
1036202 28609
1036302 9861
1036402 37022
1036502 43964
1036602 15747
1036702 23942
1036802 46905
1036902 44289
1037002 27848
1037102 51866
1037202 14483
1037302 61955
1037402 55162
1037502 39266
1037602 16069
1037702 12579
1037802 22307
1037902 43091
1038002 34940
1038102 29163
1038202 18042
1038302 31124
1038402 53170
1038502 35495
1038602 39465
1038702 2009
1038802 35774
1038902 36761
1039002 6948
1039102 4131
1039202 45027
1039302 6747
1039402 53075
1039502 45950
1039602 28963
1039702 63691
1039802 62068
1039902 2044
1040002 34915
1040102 21017
1040202 44654
1040302 38544
1040402 33796
1040502 54005
1040602 39419
1040702 23026
1040802 51851
1040902 12690
1041002 41691
1041102 63880
1041202 9971
1041302 2186
1041402 10573
1041502 44266
1041602 31863
1041702 46240
1041802 12413
1041902 211
1042002 34570
1042102 37026
1042202 4955
1042302 18842
1042402 47132
1042502 51128
1042602 64146
1042702 16348
1042802 54988
1042902 9739
1043002 25003
1043102 21070
1043202 13679
1043302 57352
1043402 17566
1043502 20427
1043602 7574
1043702 51858
1043802 269
1043902 36736
1044002 51109
1044102 42293
1044202 42755
1044302 18328
1044402 17802
1044502 5225
1044602 3238
1044702 46020
1044802 11362
1044902 14504
1045002 61793
1045102 24242
1045202 58327
1045302 22081
1045402 27559
1045502 49832
1045602 1185
1045702 33178
1045802 22604
1045902 29881
1046002 20335
1046102 21787
1046202 22789
1046302 4542
1046402 59790
1046502 6897
1046602 50189
1046702 39169
1046802 28883
1046902 53986
1047002 36945
1047102 53332
1047202 34081
1047302 52334
1047402 14295
1047502 978
1047602 43174
1047702 62603
1047802 52690
1047902 6244
1048002 24442
1048102 20668
1048202 5520
1048302 38216
1048402 45534
1048502 30274
1048602 17363
1048702 484
1048802 22814
1048902 29027
1049002 26568
1049102 48469
1049202 38967
1049302 495
1049402 54037
1049502 62537
1049602 1539
1049702 50890
1049802 46281
1049902 48484
1050002 21442
1050102 26377
1050202 9617
1050302 52985
1050402 22864
1050502 5719
1050602 53384
1050702 61976
1050802 12599
1050902 34386
1051002 61711
1051102 9043
1051202 40649
1051302 50244
1051402 30202
1051502 50686
1051602 22878
1051702 31964
1051802 49823
1051902 22467
1052002 52462
1052102 54408
1052202 16504
1052302 1766
1052402 42556
1052502 43989
1052602 18738
1052702 46641
1052802 35802
1052902 47634
1053002 44718
1053102 20885
1053202 15530
1053302 39893
1053402 11006
1053502 39049
1053602 58494
1053702 14398
1053802 50221
1053902 63350
1054002 31119
1054102 33442
1054202 10060
1054302 60957
1054402 34875
1054502 41315
1054602 20575
1054702 14224
1054802 40913
1054902 1913
1055002 33903
1055102 36150
1055202 2033
1055302 47792
1055402 15508
1055502 7740
1055602 55769
1055702 24758
1055802 23500
1055902 59923
1056002 7497
1056102 50500
1056202 48404
1056302 15520
1056402 29737
1056502 41774
1056602 5773
1056702 54088
1056802 56069
1056902 42312
1057002 52127
1057102 23217
1057202 22912
1057302 24477
1057402 54871
1057502 38164
1057602 5807
1057702 17810
1057802 13411
1057902 25940
1058002 33050
1058102 27904
1058202 45915
1058302 61698
1058402 63963
1058502 5377
1058602 10502
1058702 50104
1058802 54228
1058902 32319
1059002 1778
1059102 62409
1059202 13197
1059302 7190
1059402 42056
1059502 8435
1059602 17834
1059702 35550
1059802 37312
1059902 12139
1060002 26142
1060102 1105
1060202 56846
1060302 43279
1060402 65009
1060502 11282
1060602 11499
1060702 45183
1060802 21403
1060902 6117
1061002 53058
1061102 45413
1061202 30155
1061302 353
1061402 34287
1061502 59252
1061602 36684
1061702 60893
1061802 52929
1061902 56069
1062002 4556
1062102 29896
1062202 10436
1062302 36300
1062402 24688
1062502 27277
1062602 39246
1062702 41258
1062802 32352
1062902 32172
1063002 26755
1063102 31542
1063202 43502
1063302 24682
1063402 58861
1063502 35447
1063602 19858
1063702 2390
1063802 57301
1063902 30893
1064002 41984
1064102 61154
1064202 17170
1064302 18139
1064402 21699
1064502 33310
1064602 45479
1064702 46864
1064802 61759
1064902 510
1065002 51869
1065102 21434
1065202 36932
1065302 8369
1065402 21145
1065502 28006
1065602 64409
1065702 61658
1065802 40823
1065902 15987
1066002 44608
1066102 41097
1066202 3732
1066302 30248
1066402 20319
1066502 42370
1066602 65015
1066702 56980
1066802 61809
1066902 54070
1067002 21265
1067102 26451
1067202 41048
1067302 8910
1067402 53299
1067502 33761
1067602 22939
1067702 10711
1067802 51390
1067902 2506
1068002 13180
1068102 29210
1068202 12871
1068302 26673
1068402 64524
1068502 23171
1068602 20452
1068702 59489
1068802 23053
1068902 15487
1069002 32722
1069102 15828
1069202 58408
1069302 64469
1069402 54603
1069502 61135
1069602 9254
1069702 46561
1069802 54767
1069902 11874
1070002 34405
1070102 61699
1070202 34959
1070302 58648
1070402 49203
1070502 10883
1070602 4692
1070702 42554
1070802 43398
1070902 23642
1071002 23716
1071102 52645
1071202 3439
1071302 12195
1071402 23759
1071502 10900
1071602 6455
1071702 24585
1071802 50530
1071902 24940
1072002 43219
1072102 48245
1072202 37143
1072302 44606
1072402 39471
1072502 29253
1072602 60243
1072702 61303
1072802 56900
1072902 48557
1073002 9696
1073102 54392
1073202 19826
1073302 57889
1073402 13635
1073502 2139
1073602 55423
1073702 7519
1073802 50165
1073902 53739
1074002 35212
1074102 45123
1074202 34465
1074302 31379
1074402 25868
1074502 45129
1074602 20929
1074702 24937
1074802 19362
1074902 63787
1075002 34627
1075102 38094
1075202 16890
1075302 58851
1075402 52609
1075502 14186
1075602 21538
1075702 48938
1075802 19454
1075902 17911
1076002 3227
1076102 17945
1076202 27165
1076302 56573
1076402 17914
1076502 39865
1076602 14740
1076702 56498
1076802 62613
1076902 59314
1077002 52964
1077102 18185
1077202 58652
1077302 27319
1077402 19768
1077502 53914
1077602 4737
1077702 9033
1077802 48644
1077902 2829
1078002 8844
1078102 3267
1078202 58503
1078302 59214
1078402 32720
1078502 61971
1078602 17268
1078702 90
1078802 39468
1078902 31842
1079002 21371
1079102 14658
1079202 22758
1079302 43251
1079402 2277
1079502 34859
1079602 39735
1079702 32021
1079802 54698
1079902 53206
1080002 13474
1080102 33380
1080202 18835
1080302 50297
1080402 59611
1080502 43936
1080602 40058
1080702 18102
1080802 53675
1080902 50569
1081002 15067
1081102 33539
1081202 7472
1081302 21566
1081402 9247
1081502 52867
1081602 13621
1081702 39546
1081802 8621
1081902 54274
1082002 16321
1082102 29552
1082202 9038
1082302 50557
1082402 64325
1082502 43673
1082602 12314
1082702 61198
1082802 3141
1082902 43689
1083002 4698
1083102 57794
1083202 24966
1083302 36172
1083402 57741
1083502 21017
1083602 20433
1083702 2390
1083802 51709
1083902 5473
1084002 54564
1084102 41507
1084202 46494
1084302 35504
1084402 45703
1084502 9430
1084602 34620
1084702 8927
1084802 33757
1084902 47651
1085002 31086
1085102 11129
1085202 28801
1085302 1599
1085402 13584
1085502 30335
1085602 49973
1085702 3987
1085802 31878
1085902 17122
1086002 53016
1086102 39629
1086202 46611
1086302 34872
1086402 38002
1086502 35844
1086602 15347
1086702 25635
1086802 58687
1086902 20981
1087002 53919
1087102 32202
1087202 50082
1087302 43087
1087402 30409
1087502 27627
1087602 60264
1087702 22494
1087802 57947
1087902 35612
1088002 4525
1088102 49888
1088202 54836
1088302 48568
1088402 55365
1088502 3692
1088602 62059
1088702 60761
1088802 57545
1088902 25592
1089002 13951
1089102 13292
1089202 32388
1089302 6418
1089402 29603
1089502 49189
1089602 43892
1089702 46276
1089802 29076
1089902 49579
1090002 5068
1090102 21015
1090202 60839
1090302 16259
1090402 51846
1090502 38261
1090602 55273
1090702 2545
1090802 12209
1090902 36254
1091002 42977
1091102 39952
1091202 17402
1091302 6061
1091402 60687
1091502 43359
1091602 28852
1091702 26801
1091802 48521
1091902 4997
1092002 54331
1092102 47735
1092202 6914
1092302 14301
1092402 34848
1092502 59718
1092602 557
1092702 2586
1092802 49286
1092902 43294
1093002 44972
1093102 24411
1093202 39546
1093302 47279
1093402 56710
1093502 1590
1093602 14542
1093702 26300
1093802 22937
1093902 14769
1094002 17158
1094102 23853
1094202 47599
1094302 18453
1094402 12306
1094502 61208
1094602 23967
1094702 13977
1094802 741
1094902 7691
1095002 39549
1095102 26455
1095202 64630
1095302 1888
1095402 62698
1095502 52415
1095602 6907
1095702 46704
1095802 1387
1095902 7556
1096002 40697
1096102 36062
1096202 49298
1096302 32314
1096402 3237
1096502 29399
1096602 49348
1096702 50440
1096802 23047
1096902 41782
1097002 44426
1097102 50518
1097202 31359
1097302 39618
1097402 39311
1097502 43156
1097602 48367
1097702 27162
1097802 29461
1097902 16063
1098002 4844
1098102 52476
1098202 20808
1098302 5135
1098402 58379
1098502 8283
1098602 43401
1098702 8322
1098802 30177
1098902 52732
1099002 65342
1099102 37832
1099202 36658
1099302 35791
1099402 17660
1099502 40528
1099602 24172
1099702 22998
1099802 36620
1099902 13221
1100002 7039
1100102 10797
1100202 17638
1100302 31168
1100402 29598
1100502 60288
1100602 11997
1100702 8997
1100802 13868
1100902 19350
1101002 5842
1101102 9347
1101202 63821
1101302 27943
1101402 38013
1101502 44077
1101602 59218
1101702 11792
1101802 58126
1101902 663
1102002 20609
1102102 11398
1102202 31631
1102302 29274
1102402 57339
1102502 64430
1102602 25021
1102702 46300
1102802 30383
1102902 63330
1103002 23112
1103102 11398
1103202 30856
1103302 31632
1103402 39055
1103502 42966
1103602 21780
1103702 35851
1103802 58317
1103902 23587
1104002 62237
1104102 57786
1104202 6018
1104302 60866
1104402 8412
1104502 20355
1104602 7135
1104702 58984
1104802 36616
1104902 44852
1105002 3147
1105102 23021
1105202 36292
1105302 49728
1105402 12351
1105502 59487
1105602 55789
1105702 53166
1105802 1686
1105902 14050
1106002 48388
1106102 25625
1106202 12266
1106302 62034
1106402 44835
1106502 23705
1106602 7096
1106702 36953
1106802 10975
1106902 52811
1107002 18711
1107102 12935
1107202 31741
1107302 7615
1107402 18866
1107502 27123
1107602 11661
1107702 54460
1107802 11780
1107902 13982
1108002 9939
1108102 53975
1108202 23483
1108302 42084
1108402 43653
1108502 47912
1108602 17982
1108702 25646
1108802 46231
1108902 4151
1109002 31517
1109102 55213
1109202 2104
1109302 55890
1109402 16503
1109502 52436
1109602 56056
1109702 52702
1109802 40208
1109902 37802
1110002 29661
1110102 57390
1110202 32281
1110302 43102
1110402 26465
1110502 49493
1110602 34385
1110702 40072
1110802 63566
1110902 36926
1111002 9709
1111102 43685
1111202 10501
1111302 62330
1111402 18551
1111502 39201
1111602 24142
1111702 47114
1111802 40845
1111902 1479
1112002 41685
1112102 3013
1112202 19696
1112302 6432
1112402 37789
1112502 43219
1112602 17968
1112702 52334
1112802 4116
1112902 2248
1113002 2448
1113102 59070
1113202 8722
1113302 64938
1113402 39598
1113502 64268
1113602 36010
1113702 23287
1113802 17817
1113902 32030
1114002 31514
1114102 11209
1114202 46325
1114302 21555
1114402 37205
1114502 5857
1114602 44254
1114702 10096
1114802 27895
1114902 39844
1115002 1809
1115102 6667
1115202 60270
1115302 29089
1115402 13609
1115502 32277
1115602 16312
1115702 19310
1115802 29889
1115902 31944
1116002 13105
1116102 1916
1116202 61779
1116302 17735
1116402 4050
1116502 30813
1116602 8295
1116702 26333
1116802 27788
1116902 8597
1117002 51374
1117102 42227
1117202 36194
1117302 3927
1117402 36570
1117502 32390
1117602 18837
1117702 21227
1117802 46712
1117902 62431
1118002 43799
1118102 41127
1118202 38087
1118302 45041
1118402 30540
1118502 7953
1118602 53577
1118702 61627
1118802 21406
1118902 36606
1119002 43968
1119102 59378
1119202 3358
1119302 32074
1119402 59976
1119502 26546
1119602 39531
1119702 18224
1119802 8125
1119902 21275
1120002 25512
1120102 2206
1120202 33698
1120302 56019
1120402 25332
1120502 57976
1120602 49526
1120702 27628
1120802 41665
1120902 7937
1121002 54240
1121102 28778
1121202 50882
1121302 55872
1121402 51101
1121502 8573
1121602 13952
1121702 40004
1121802 9037
1121902 25932
1122002 21298
1122102 18544
1122202 42381
1122302 22303
1122402 18005
1122502 34986
1122602 358
1122702 52782
1122802 21515
1122902 3615
1123002 6081
1123102 64358
1123202 29323
1123302 51315
1123402 60785
1123502 62784
1123602 25025
1123702 50462
1123802 36367
1123902 62718
1124002 64592
1124102 44651
1124202 32370
1124302 34839
1124402 1291
1124502 64722
1124602 10689
1124702 42692
1124802 860
1124902 19371
1125002 33646
1125102 22343
1125202 17270
1125302 5152
1125402 52071
1125502 2765
1125602 10982
1125702 47196
1125802 57154
1125902 56221
1126002 33395
1126102 21301
1126202 2209
1126302 46435
1126402 6024
1126502 38216
1126602 17454
1126702 56306
1126802 19011
1126902 45260
1127002 16441
1127102 10506
1127202 55417
1127302 1674
1127402 28811
1127502 50425
1127602 9710
1127702 1897
1127802 64173
1127902 47977
1128002 30846
1128102 4415
1128202 60718
1128302 14645
1128402 11592
1128502 35788
1128602 30502
1128702 47927
1128802 7790
1128902 14324
1129002 42392
1129102 34903
1129202 11674
1129302 20839
1129402 49520
1129502 49826
1129602 9195
1129702 39661
1129802 2261
1129902 12248
1130002 23745
1130102 53488
1130202 57250
1130302 46829
1130402 38126
1130502 12393
1130602 4857
1130702 55840
1130802 12074
1130902 27689
1131002 64260
1131102 13593
1131202 34062
1131302 47327
1131402 9556
1131502 7420
1131602 35315
1131702 28225
1131802 18223
1131902 64672
1132002 5971
1132102 47273
1132202 33410
1132302 33446
1132402 39947
1132502 25066
1132602 60791
1132702 60057
1132802 57014
1132902 31715
1133002 30946
1133102 39759
1133202 30076
1133302 37492
1133402 36716
1133502 36502
1133602 5856
1133702 12550
1133802 52080
1133902 48963
1134002 6067
1134102 60580
1134202 47653
1134302 33968
1134402 26312
1134502 48227
1134602 46028
1134702 46839
1134802 35382
1134902 26991
1135002 60577
1135102 40232
1135202 57813
1135302 10588
1135402 7128
1135502 24062
1135602 8031
1135702 28356
1135802 62262
1135902 32246
1136002 3123
1136102 38866
1136202 26377
1136302 13327
1136402 41367
1136502 59802
1136602 3951
1136702 34719
1136802 50193
1136902 416
1137002 52979
1137102 49056
1137202 26233
1137302 21404
1137402 1307
1137502 40763
1137602 17605
1137702 12252
1137802 53574
1137902 11446
1138002 50268
1138102 36859
1138202 59079
1138302 43683
1138402 7648
1138502 29260
1138602 46589
1138702 15444
1138802 63191
1138902 38172
1139002 53091
1139102 11872
1139202 33428
1139302 31733
1139402 43945
1139502 16430
1139602 30666
1139702 35466
1139802 59108
1139902 3769
1140002 46097
1140102 21537
1140202 41925
1140302 34856
1140402 28558
1140502 60233
1140602 1635
1140702 37980
1140802 26228
1140902 33674
1141002 10426
1141102 8038
1141202 1549
1141302 56855
1141402 61222
1141502 42154
1141602 4594
1141702 30224
1141802 30313
1141902 7814
1142002 49394
1142102 36675
1142202 52509
1142302 63544
1142402 43601
1142502 43235
1142602 1725
1142702 4921
1142802 7988
1142902 46796
1143002 17800
1143102 28539
1143202 15984
1143302 36751
1143402 9586
1143502 48459
1143602 52741
1143702 43004
1143802 37556
1143902 5129
1144002 39911
1144102 60018
1144202 25083
1144302 20213
1144402 23150
1144502 34575
1144602 41078
1144702 11214
1144802 15010
1144902 27880
1145002 47251
1145102 14094
1145202 15570
1145302 64764
1145402 41805
1145502 35705
1145602 483
1145702 4088
1145802 56958
1145902 9417
1146002 50798
1146102 27742
1146202 40989
1146302 5766
1146402 51117
1146502 50338
1146602 63918
1146702 7073
1146802 42164
1146902 13418
1147002 32274
1147102 9724
1147202 13501
1147302 47342
1147402 19354
1147502 54570
1147602 4629
1147702 37970
1147802 50744
1147902 8732
1148002 48395
1148102 53564
1148202 27153
1148302 23949
1148402 44032
1148502 63637
1148602 40033
1148702 8972
1148802 43127
1148902 27988
1149002 45225
1149102 20513
1149202 10842
1149302 663
1149402 31433
1149502 17202
1149602 57919
1149702 45610
1149802 60388
1149902 9697
1150002 50240
1150102 9693
1150202 11723
1150302 42483
1150402 54208
1150502 33541
1150602 60054
1150702 24402
1150802 31364
1150902 11386
1151002 37748
1151102 29747
1151202 20740
1151302 33717
1151402 47794
1151502 38510
1151602 42932
1151702 55703
1151802 52570
1151902 54996
1152002 12891
1152102 20962
1152202 43285
1152302 45268
1152402 24820
1152502 64556
1152602 53463
1152702 13157
1152802 7543
1152902 22738
1153002 39381
1153102 51856
1153202 20759
1153302 16816
1153402 22802
1153502 40342
1153602 4955
1153702 11995
1153802 40512
1153902 20745
1154002 43917
1154102 51635
1154202 46629
1154302 28857
1154402 62118
1154502 7957
1154602 49235
1154702 16423
1154802 1627
1154902 51227
1155002 7291
1155102 1618
1155202 51770
1155302 15923
1155402 55916
1155502 25235
1155602 33534
1155702 6238
1155802 24629
1155902 45072
1156002 53437
1156102 52164
1156202 4615
1156302 33961
1156402 31839
1156502 56190
1156602 61784
1156702 5808
1156802 52415
1156902 59470
1157002 7295
1157102 44750
1157202 60271
1157302 45492
1157402 49427
1157502 19404
1157602 65429
1157702 57056
1157802 42207
1157902 65183
1158002 45735
1158102 54401
1158202 55108
1158302 21225
1158402 62770
1158502 33088
1158602 45627
1158702 2565
1158802 60967
1158902 51381
1159002 57968
1159102 8211
1159202 64860
1159302 52508
1159402 58466
1159502 25501
1159602 18480
1159702 12219
1159802 37192
1159902 30126
1160002 64628
1160102 48218
1160202 8921
1160302 31292
1160402 30954
1160502 33506
1160602 42660
1160702 27559
1160802 60596
1160902 4614
1161002 31990
1161102 42241
1161202 63580
1161302 63129
1161402 7854
1161502 26667
1161602 40178
1161702 54178
1161802 33986
1161902 50153
1162002 59444
1162102 40716
1162202 8228
1162302 36546
1162402 63799
1162502 49158
1162602 16924
1162702 12972
1162802 39295
1162902 33464
1163002 65530
1163102 11484
1163202 3905
1163302 5841
1163402 20142
1163502 18253
1163602 52360
1163702 46257
1163802 8651
1163902 23246
1164002 713
1164102 64705
1164202 12810
1164302 63874
1164402 55025
1164502 8663
1164602 7882
1164702 9064
1164802 26057
1164902 1573
1165002 21546
1165102 34917
1165202 20003
1165302 60457
1165402 42778
1165502 63346
1165602 21968
1165702 338
1165802 48110
1165902 53616
1166002 59338
1166102 37530
1166202 3843
1166302 44983
1166402 4122
1166502 39150
1166602 40701
1166702 50862
1166802 14005
1166902 49944
1167002 49566
1167102 36088
1167202 41259
1167302 44850
1167402 60994
1167502 62298
1167602 3210
1167702 60536
1167802 48297
1167902 39647
1168002 41543
1168102 20917
1168202 46419
1168302 42115
1168402 20615
1168502 23600
1168602 3791
1168702 9334
1168802 12023
1168902 25176
1169002 10428
1169102 39534
1169202 61500
1169302 37907
1169402 12744
1169502 24622
1169602 23884
1169702 8581
1169802 57728
1169902 37721
1170002 49027
1170102 52798
1170202 16814
1170302 6685
1170402 17181
1170502 8558
1170602 34726
1170702 57983
1170802 15779
1170902 17303
1171002 65271
1171102 16776
1171202 14467
1171302 25289
1171402 4604
1171502 18061
1171602 1417
1171702 49034
1171802 52768
1171902 44623
1172002 49045
1172102 5967
1172202 37884
1172302 22181
1172402 28480
1172502 41188
1172602 53605
1172702 7549
1172802 64833
1172902 45428
1173002 8527
1173102 16198
1173202 62088
1173302 27663
1173402 26114
1173502 49485
1173602 44932
1173702 6306
1173802 14881
1173902 26009
1174002 60525
1174102 37355
1174202 18457
1174302 4650
1174402 34190
1174502 9724
1174602 14452
1174702 14631
1174802 50196
1174902 15192
1175002 49824
1175102 36238
1175202 24184
1175302 60070
1175402 14021
1175502 36811
1175602 3571
1175702 62714
1175802 30488
1175902 3018
1176002 61971
1176102 62644
1176202 32766
1176302 3814
1176402 30541
1176502 60928
1176602 40415
1176702 39648
1176802 50769
1176902 62930
1177002 51046
1177102 52843
1177202 3917
1177302 33083
1177402 9847
1177502 21614
1177602 7379
1177702 5083
1177802 7607
1177902 62085
1178002 14408
1178102 8619
1178202 58940
1178302 43591
1178402 50901
1178502 36920
1178602 4219
1178702 62170
1178802 4991
1178902 37871
1179002 54668
1179102 44746
1179202 29249
1179302 40802
1179402 32932
1179502 44090
1179602 5494
1179702 62492
1179802 14387
1179902 586
1180002 52982
1180102 4901
1180202 17230
1180302 24527
1180402 11130
1180502 43064
1180602 51445
1180702 62127
1180802 37367
1180902 44468
1181002 19317
1181102 56290
1181202 59973
1181302 18822
1181402 15081
1181502 42110
1181602 13137
1181702 24935
1181802 39161
1181902 49192
1182002 31768
1182102 53708
1182202 45951
1182302 49933
1182402 3466
1182502 58635
1182602 60419
1182702 56909
1182802 58162
1182902 40255
1183002 54250
1183102 45634
1183202 30473
1183302 31228
1183402 4398
1183502 31255
1183602 7039
1183702 64953
1183802 29541
1183902 47238
1184002 38455
1184102 52684
1184202 21028
1184302 54700
1184402 23016
1184502 53341
1184602 2038
1184702 65038
1184802 24282
1184902 35604
1185002 54444
1185102 29391
1185202 27577
1185302 4654
1185402 42433
1185502 19043
1185602 57461
1185702 28472
1185802 44984
1185902 41038
1186002 18128
1186102 24031
1186202 54301
1186302 60225
1186402 1254
1186502 31225
1186602 23100
1186702 32381
1186802 13214
1186902 19549
1187002 6455
1187102 43617
1187202 838
1187302 29781
1187402 50944
1187502 46435
1187602 33135
1187702 42121
1187802 39660
1187902 7834
1188002 38303
1188102 60964
1188202 24294
1188302 15821
1188402 53988
1188502 40394
1188602 11598
1188702 13349
1188802 14102
1188902 12907
1189002 29618
1189102 8115
1189202 53727
1189302 29662
1189402 53655
1189502 52559
1189602 29449
1189702 34095
1189802 19323
1189902 15654
1190002 65437
1190102 45246
1190202 14410
1190302 25544
1190402 46110
1190502 52867
1190602 12390
1190702 23983
1190802 32120
1190902 39113
1191002 19931
1191102 12978
1191202 7778
1191302 16534
1191402 31456
1191502 20300
1191602 49035
1191702 5830
1191802 61545
1191902 22196
1192002 41409
1192102 34311
1192202 12486
1192302 9802
1192402 32995
1192502 230
1192602 6752
1192702 52853
1192802 5703
1192902 40674
1193002 44971
1193102 25081
1193202 51093
1193302 39444
1193402 5031
1193502 20348
1193602 33244
1193702 52946
1193802 23800
1193902 1562
1194002 45209
1194102 54171
1194202 25398
1194302 45840
1194402 11736
1194502 52807
1194602 48182
1194702 30251
1194802 29279
1194902 34460
1195002 15831
1195102 22532
1195202 63844
1195302 31280
1195402 29954
1195502 32653
1195602 35243
1195702 8013
1195802 7259
1195902 52320
1196002 41068
1196102 54622
1196202 61953
1196302 25485
1196402 3726
1196502 59019
1196602 64469
1196702 35228
1196802 3396
1196902 56233
1197002 24834
1197102 34852
1197202 33850
1197302 11700
1197402 39714
1197502 14888
1197602 39054
1197702 20853
1197802 40064
1197902 1250
1198002 19064
1198102 11063
1198202 56423
1198302 63828
1198402 33091
1198502 2301
1198602 42833
1198702 54458
1198802 30149
1198902 4445
1199002 33
1199102 57533
1199202 37110
1199302 13410
1199402 13469
1199502 30259
1199602 62455
1199702 57719
1199802 53374
1199902 7295
1200002 1233
1200102 53761
1200202 16258
1200302 50887
1200402 44296
1200502 20690
1200602 31262
1200702 42933
1200802 8062
1200902 42813
1201002 43177
1201102 44276
1201202 14534
1201302 43329
1201402 33594
1201502 8244
1201602 22100
1201702 4279
1201802 39902
1201902 36849
1202002 3540
1202102 13833
1202202 36212
1202302 24960
1202402 42217
1202502 4795
1202602 13669
1202702 3570
1202802 21018
1202902 7163
1203002 37379
1203102 38438
1203202 603
1203302 61840
1203402 15865
1203502 58522
1203602 58775
1203702 31846
1203802 34452
1203902 45566
1204002 42939
1204102 37471
1204202 8471
1204302 64447
1204402 52102
1204502 41933
1204602 33512
1204702 28875
1204802 36861
1204902 49479
1205002 35397
1205102 59528
1205202 45525
1205302 57923
1205402 16223
1205502 33687
1205602 45201
1205702 22330
1205802 8117
1205902 59076
1206002 6171
1206102 13404
1206202 33758
1206302 43519
1206402 35527
1206502 18381
1206602 41169
1206702 52410
1206802 25253
1206902 12269
1207002 29992
1207102 48574
1207202 54005
1207302 51463
1207402 38796
1207502 44674
1207602 17501
1207702 14354
1207802 26286
1207902 57424
1208002 30452
1208102 11923
1208202 28579
1208302 1543
1208402 57445
1208502 23548
1208602 41443
1208702 33464
1208802 4754
1208902 14592
1209002 18262
1209102 45793
1209202 29096
1209302 10066
1209402 39784
1209502 13207
1209602 51338
1209702 14608
1209802 16321
1209902 36028
1210002 9607
1210102 50904
1210202 54096
1210302 14902
1210402 55794
1210502 36981
1210602 40498
1210702 51075
1210802 18835
1210902 10242
1211002 46563
1211102 31219
1211202 32693
1211302 54979
1211402 7955
1211502 65246
1211602 37378
1211702 21119
1211802 27767
1211902 19677
1212002 3886
1212102 48694
1212202 19857
1212302 43516
1212402 7305
1212502 9348
1212602 31390
1212702 59008
1212802 15494
1212902 52842
1213002 19032
1213102 23883
1213202 50347
1213302 3535
1213402 61571
1213502 58059
1213602 43923
1213702 43246
1213802 26493
1213902 19125
1214002 41450
1214102 3894
1214202 1332
1214302 16903
1214402 54613
1214502 9267
1214602 6781
1214702 33629
1214802 41668
1214902 14321
1215002 59579
1215102 59553
1215202 11618
1215302 5979
1215402 9411
1215502 24163
1215602 30018
1215702 54179
1215802 21930
1215902 26427
1216002 26880
1216102 22995
1216202 57353
1216302 43372
1216402 48633
1216502 43171
1216602 51398
1216702 42581
1216802 61602
1216902 11151
1217002 42959
1217102 44520
1217202 47016
1217302 20777
1217402 33490
1217502 14732
1217602 12699
1217702 7379
1217802 54387
1217902 25991
1218002 6150
1218102 25977
1218202 10621
1218302 950
1218402 11678
1218502 30495
1218602 55559
1218702 4678
1218802 48870
1218902 21463
1219002 11478
1219102 57137
1219202 33706
1219302 62388
1219402 24610
1219502 51405
1219602 29707
1219702 22527
1219802 29484
1219902 8661
1220002 39837
1220102 25491
1220202 20644
1220302 43977
1220402 9451
1220502 61965
1220602 58369
1220702 44907
1220802 31905
1220902 34172
1221002 18101
1221102 53159
1221202 56574
1221302 24945
1221402 48741
1221502 35942
1221602 43359
1221702 35399
1221802 1785
1221902 41704
1222002 18163
1222102 63703
1222202 6181
1222302 27431
1222402 3680
1222502 27060
1222602 62783
1222702 28822
1222802 25098
1222902 21817
1223002 18574
1223102 3695
1223202 28340
1223302 34632
1223402 54430
1223502 23976
1223602 7764
1223702 64995
1223802 47870
1223902 16714
1224002 16712
1224102 64679
1224202 60021
1224302 3050
1224402 5028
1224502 48880
1224602 19152
1224702 6369
1224802 32600
1224902 5414
1225002 15859
1225102 16279
1225202 24619
1225302 36597
1225402 16128
1225502 40633
1225602 56827
1225702 44302
1225802 55207
1225902 30328
1226002 61772
1226102 20869
1226202 46670
1226302 21404
1226402 61764
1226502 40618
1226602 46778
1226702 39271
1226802 2675
1226902 15487
1227002 33732
1227102 17846
1227202 41585
1227302 26715
1227402 5554
1227502 37628
1227602 37213
1227702 11617
1227802 32977
1227902 63443
1228002 44160
1228102 37005
1228202 51010
1228302 22229
1228402 29164
1228502 48819
1228602 37517
1228702 19337
1228802 41708
1228902 32364
1229002 57014
1229102 650
1229202 57636
1229302 31662
1229402 55599
1229502 51656
1229602 20980
1229702 6087
1229802 43970
1229902 412
1230002 12951
1230102 16540
1230202 38969
1230302 11793
1230402 46921
1230502 56110
1230602 31404
1230702 34779
1230802 28118
1230902 35252
1231002 32143
1231102 58507
1231202 55042
1231302 22450
1231402 9317
1231502 22330
1231602 47788
1231702 60886
1231802 40191
1231902 38481
1232002 44856
1232102 15234
1232202 10075
1232302 5022
1232402 23380
1232502 13368
1232602 55653
1232702 32346
1232802 2889
1232902 52129
1233002 26248
1233102 2729
1233202 64254
1233302 42950
1233402 48302
1233502 6662
1233602 23127
1233702 27925
1233802 14615
1233902 9764
1234002 36523
1234102 36579
1234202 4965
1234302 58317
1234402 45335
1234502 21465
1234602 64297
1234702 23195
1234802 27402
1234902 54634
1235002 16383
1235102 33295
1235202 64773
1235302 35710
1235402 57342
1235502 52805
1235602 5206
1235702 35756
1235802 35909
1235902 18080
1236002 64478
1236102 8014
1236202 245
1236302 231
1236402 61084
1236502 60005
1236602 44568
1236702 49736
1236802 44315
1236902 14012
1237002 41910
1237102 37871
1237202 61914
1237302 23841
1237402 11410
1237502 802
1237602 38799
1237702 37854
1237802 51917
1237902 5591
1238002 40600
1238102 18910
1238202 29480
1238302 8117
1238402 15110
1238502 29224
1238602 16369
1238702 60859
1238802 53824
1238902 5744
1239002 49536
1239102 11391
1239202 20469
1239302 36612
1239402 623
1239502 58731
1239602 15720
1239702 39492
1239802 28494
1239902 63294
1240002 39211
1240102 56221
1240202 7262
1240302 24506
1240402 55122
1240502 32667
1240602 40250
1240702 65283
1240802 38656
1240902 42677
1241002 36132
1241102 34219
1241202 970
1241302 6551
1241402 249
1241502 23241
1241602 47849
1241702 44297
1241802 41055
1241902 54640
1242002 51278
1242102 3153
1242202 59821
1242302 50613
1242402 2319
1242502 51476
1242602 46140
1242702 13777
1242802 33937
1242902 41072
1243002 28978
1243102 62430
1243202 41526
1243302 36042
1243402 8274
1243502 63969
1243602 40412
1243702 24063
1243802 42580
1243902 56597
1244002 52385
1244102 20915
1244202 61884
1244302 48052
1244402 17588
1244502 41761
1244602 28282
1244702 7503
1244802 59852
1244902 62916
1245002 61363
1245102 19820
1245202 24408
1245302 41928
1245402 26649
1245502 54689
1245602 40128
1245702 32911
1245802 30524
1245902 54262
1246002 61811
1246102 64023
1246202 30430
1246302 15941
1246402 63171
1246502 47416
1246602 23834
1246702 49628
1246802 11827
1246902 12245
1247002 33338
1247102 47019
1247202 35451
1247302 10113
1247402 58174
1247502 31468
1247602 30744
1247702 55927
1247802 27101
1247902 17934
1248002 63563
1248102 14898
1248202 20323
1248302 46811
1248402 23600
1248502 38399
1248602 9464
1248702 13208
1248802 32587
1248902 29867
1249002 38677
1249102 26044
1249202 43254
1249302 17775
1249402 37236
1249502 39326
1249602 20922
1249702 51395
1249802 3566
1249902 18274
1250002 18734
1250102 62224
1250202 42022
1250302 16078
1250402 30753
1250502 46665
1250602 4871
1250702 33512
1250802 64185
1250902 65295
1251002 60029
1251102 5672
1251202 35044
1251302 2239
1251402 38351
1251502 57024
1251602 14620
1251702 48822
1251802 25974
1251902 27621
1252002 44501
1252102 10327
1252202 31622
1252302 60836
1252402 43673
1252502 23282
1252602 54985
1252702 49553
1252802 14705
1252902 55548
1253002 17271
1253102 46091
1253202 42469
1253302 11131
1253402 65374
1253502 20728
1253602 55933
1253702 15369
1253802 59291
1253902 23793
1254002 54526
1254102 1651
1254202 44721
1254302 57490
1254402 52345
1254502 64227
1254602 8185
1254702 30076
1254802 41561
1254902 32168
1255002 23364
1255102 17932
1255202 27092
1255302 3735
1255402 10624
1255502 17182
1255602 37649
1255702 16402
1255802 27490
1255902 59120
1256002 56533
1256102 40700
1256202 44677
1256302 28748
1256402 53572
1256502 63358
1256602 2710
1256702 61129
1256802 31413
1256902 46704
1257002 11961
1257102 38286
1257202 32627
1257302 39601
1257402 15283
1257502 4554
1257602 40156
1257702 32861
1257802 27794
1257902 64822
1258002 23511
1258102 12711
1258202 62193
1258302 64405
1258402 36103
1258502 1243
1258602 43665
1258702 24702
1258802 35368
1258902 44421
1259002 64429
1259102 43711
1259202 53596
1259302 43792
1259402 36536
1259502 23774
1259602 873
1259702 23918
1259802 54750
1259902 63209
1260002 62145
1260102 47311
1260202 24577
1260302 17058
1260402 22369
1260502 49275
1260602 7102
1260702 41518
1260802 43814
1260902 57522
1261002 46463
1261102 41809
1261202 30534
1261302 21003
1261402 60539
1261502 57193
1261602 6304
1261702 47533
1261802 28229
1261902 26428
1262002 29472
1262102 41425
1262202 64307
1262302 10668
1262402 28802
1262502 41354
1262602 56650
1262702 30854
1262802 28430
1262902 46604
1263002 40545
1263102 28035
1263202 1643
1263302 31414
1263402 32632
1263502 24445
1263602 32789
1263702 41163
1263802 46488
1263902 46426
1264002 45021
1264102 49426
1264202 9823
1264302 52279
1264402 36433
1264502 62876
1264602 55581
1264702 59780
1264802 14758
1264902 51245
1265002 40821
1265102 7707
1265202 31236
1265302 9200
1265402 31150
1265502 14553
1265602 13507
1265702 30473
1265802 38184
1265902 34904
1266002 65466
1266102 25365
1266202 31249
1266302 30838
1266402 23122
1266502 43437
1266602 47680
1266702 35083
1266802 12417
1266902 54591
1267002 65030
1267102 40465
1267202 29044
1267302 40421
1267402 7878
1267502 42367
1267602 18010
1267702 52341
1267802 18334
1267902 4861
1268002 16874
1268102 25265
1268202 54316
1268302 42448
1268402 4289
1268502 19008
1268602 3570
1268702 28343
1268802 65448
1268902 49517
1269002 31123
1269102 27246
1269202 22073
1269302 62469
1269402 46513
1269502 12441
1269602 6913
1269702 11401
1269802 21071
1269902 54529
1270002 29618
1270102 58917
1270202 31813
1270302 11624
1270402 57834
1270502 21800
1270602 30660
1270702 7173
1270802 29370
1270902 23317
1271002 12705
1271102 14539
1271202 47578
1271302 61319
1271402 45831
1271502 38777
1271602 49203
1271702 4195
1271802 3092
1271902 40135
1272002 2987
1272102 55840
1272202 16060
1272302 33512
1272402 57122
1272502 7017
1272602 47543
1272702 204
1272802 50093
1272902 46448
1273002 35440
1273102 34024
1273202 10212
1273302 6304
1273402 22191
1273502 19595
1273602 31134
1273702 135
1273802 17031
1273902 18238
1274002 18746
1274102 10816
1274202 26138
1274302 13985
1274402 53964
1274502 45689
1274602 52530
1274702 13659
1274802 24797
1274902 10283
1275002 54295
1275102 22903
1275202 44783
1275302 62860
1275402 38487
1275502 23338
1275602 30422
1275702 7443
1275802 15651
1275902 63606
1276002 36616
1276102 33915
1276202 3390
1276302 24820
1276402 18271
1276502 8323
1276602 58221
1276702 54254
1276802 59883
1276902 53649
1277002 32207
1277102 28246
1277202 27505
1277302 2816
1277402 64827
1277502 6582
1277602 36399
1277702 51010
1277802 20982
1277902 529
1278002 47770
1278102 45247
1278202 25135
1278302 17003
1278402 10756
1278502 63996
1278602 45052
1278702 4999
1278802 44162
1278902 6764
1279002 37373
1279102 548
1279202 48996
1279302 38037
1279402 1466
1279502 63978
1279602 31965
1279702 13161
1279802 53973
1279902 63414
1280002 63949
1280102 49437
1280202 58741
1280302 1787
1280402 24318
1280502 63873
1280602 10439
1280702 23488
1280802 10724
1280902 38072
1281002 61560
1281102 53186
1281202 62821
1281302 22126
1281402 3870
1281502 49374
1281602 21620
1281702 3092
1281802 52336
1281902 45480
1282002 23104
1282102 44492
1282202 30861
1282302 9448
1282402 6460
1282502 13228
1282602 43327
1282702 59943
1282802 61871
1282902 9373
1283002 38405
1283102 57636
1283202 55446
1283302 62998
1283402 43732
1283502 2203
1283602 55659
1283702 47364
1283802 40879
1283902 3505
1284002 25183
1284102 65361
1284202 15164
1284302 10547
1284402 13489
1284502 29223
1284602 62513
1284702 86
1284802 35260
1284902 58214
1285002 2264
1285102 46413
1285202 57250
1285302 16453
1285402 62825
1285502 41028
1285602 16915
1285702 45244
1285802 6157
1285902 3651
1286002 6019
1286102 12603
1286202 62247
1286302 64300
1286402 35942
1286502 16849
1286602 33708
1286702 458
1286802 53350
1286902 35262
1287002 2004
1287102 20369
1287202 36575
1287302 6092
1287402 46262
1287502 61907
1287602 37391
1287702 7644
1287802 53541
1287902 22452
1288002 25519
1288102 804
1288202 48826
1288302 53411
1288402 31264
1288502 16551
1288602 1724
1288702 48166
1288802 65459
1288902 40817
1289002 43648
1289102 45527
1289202 56344
1289302 54762
1289402 48424
1289502 57537
1289602 54757
1289702 62236
1289802 59252
1289902 7422
1290002 37043
1290102 3145
1290202 6376
1290302 49432
1290402 18943
1290502 46378
1290602 1823
1290702 8769
1290802 18989
1290902 25844
1291002 60900
1291102 14263
1291202 41265
1291302 34961
1291402 36026
1291502 60604
1291602 43462
1291702 58197
1291802 35530
1291902 33924
1292002 29411
1292102 57220
1292202 15162
1292302 8499
1292402 47526
1292502 59923
1292602 1364
1292702 26876
1292802 45448
1292902 55534
1293002 20685
1293102 40486
1293202 33638
1293302 39523
1293402 40862
1293502 5243
1293602 55397
1293702 52738
1293802 14065
1293902 25994
1294002 37897
1294102 60518
1294202 54219
1294302 7856
1294402 3105
1294502 51820
1294602 24234
1294702 7817
1294802 25935
1294902 25991
1295002 43824
1295102 23648
1295202 9599
1295302 25127
1295402 33443
1295502 3009
1295602 35769
1295702 7225
1295802 1880
1295902 65441
1296002 7228
1296102 32699
1296202 35355
1296302 26924
1296402 27492
1296502 12744
1296602 56551
1296702 1937
1296802 61766
1296902 17041
1297002 23188
1297102 46933
1297202 25048
1297302 30703
1297402 43155
1297502 7122
1297602 2672
1297702 33312
1297802 16489
1297902 27388
1298002 63846
1298102 58568
1298202 15162
1298302 28556
1298402 18202
1298502 35767
1298602 16559
1298702 62583
1298802 31136
1298902 41079
1299002 28372
1299102 19666
1299202 39629
1299302 30623
1299402 51067
1299502 5188
1299602 1640
1299702 43925
1299802 5831
1299902 39620
1300002 52196
1300102 40639
1300202 60329
1300302 13583
1300402 63302
1300502 57182
1300602 9407
1300702 19590
1300802 51789
1300902 37394
1301002 30855
1301102 21944
1301202 195
1301302 51468
1301402 22966
1301502 30554
1301602 11386
1301702 26488
1301802 3075
1301902 58359
1302002 63350
1302102 54393
1302202 48832
1302302 44704
1302402 22659
1302502 9135
1302602 24708
1302702 2947
1302802 65501
1302902 4632
1303002 5840
1303102 12719
1303202 8907
1303302 20409
1303402 43597
1303502 33239
1303602 59716
1303702 178
1303802 53819
1303902 19172
1304002 26706
1304102 2392
1304202 60632
1304302 49844
1304402 22345
1304502 59510
1304602 47902
1304702 11035
1304802 64981
1304902 25586
1305002 17833
1305102 19969
1305202 11454
1305302 52864
1305402 52638
1305502 45970
1305602 5710
1305702 23135
1305802 25589
1305902 29747
1306002 64750
1306102 53083
1306202 52737
1306302 61496
1306402 40512
1306502 1869
1306602 50056
1306702 7349
1306802 21123
1306902 33678
1307002 17688
1307102 23662
1307202 8081
1307302 62832
1307402 22196
1307502 33212
1307602 5678
1307702 16053
1307802 27585
1307902 20579
1308002 57827
1308102 56511
1308202 38742
1308302 1134
1308402 47127
1308502 46882
1308602 37472
1308702 27155
1308802 33847
1308902 44851
1309002 53331
1309102 4370
1309202 13012
1309302 63120
1309402 38695
1309502 60306
1309602 9109
1309702 64797
1309802 21370
1309902 587
1310002 51188
1310102 31325
1310202 47759
1310302 47203
1310402 56067
1310502 6009
1310602 22952
1310702 58010
1310802 17872
1310902 18598
1311002 31723
1311102 2919
1311202 9222
1311302 49080
1311402 38577
1311502 15344
1311602 59746
1311702 23396
1311802 54170
1311902 59667
1312002 10284
1312102 17328
1312202 8139
1312302 17369
1312402 26743
1312502 62656
1312602 64189
1312702 53062
1312802 5575
1312902 14357
1313002 33601
1313102 52537
1313202 21152
1313302 36906
1313402 21279
1313502 15013
1313602 1705
1313702 14481
1313802 36838
1313902 44689
1314002 39530
1314102 46330
1314202 33388
1314302 4134
1314402 49638
1314502 36671
1314602 20290
1314702 50786
1314802 363
1314902 23994
1315002 18467
1315102 24763
1315202 59458
1315302 63676
1315402 42743
1315502 29191
1315602 43642
1315702 26417
1315802 9401
1315902 32670
1316002 41326
1316102 49225
1316202 5858
1316302 4171
1316402 41419
1316502 36385
1316602 17324
1316702 15428
1316802 38682
1316902 61983
1317002 31312
1317102 9537
1317202 13225
1317302 1360
1317402 3518
1317502 30632
1317602 16240
1317702 5755
1317802 44412
1317902 36096
1318002 26685
1318102 64395
1318202 11730
1318302 14173
1318402 52981
1318502 34903
1318602 15307
1318702 52239
1318802 53824
1318902 25163
1319002 6514
1319102 60083
1319202 5796
1319302 5540
1319402 32060
1319502 7951
1319602 11367
1319702 52570
1319802 50489
1319902 3938
1320002 19775
1320102 27360
1320202 37873
1320302 20700
1320402 21623
1320502 13943
1320602 48351
1320702 37499
1320802 23854
1320902 40282
1321002 28871
1321102 14421
1321202 43468
1321302 224
1321402 47470
1321502 35206
1321602 37771
1321702 38280
1321802 19916
1321902 59738
1322002 54554
1322102 38282
1322202 48352
1322302 26937
1322402 10617
1322502 21587
1322602 17045
1322702 52203
1322802 9342
1322902 48841
1323002 22553
1323102 39875
1323202 19060
1323302 35161
1323402 39890
1323502 7563
1323602 35920
1323702 8649
1323802 7660
1323902 28408
1324002 29762
1324102 52030
1324202 64850
1324302 46450
1324402 24451
1324502 4971
1324602 39153
1324702 37961
1324802 19043
1324902 13835
1325002 64582
1325102 35716
1325202 61258
1325302 36808
1325402 21908
1325502 3757
1325602 35040
1325702 38361
1325802 53491
1325902 5355
1326002 41116
1326102 52133
1326202 24538
1326302 37153
1326402 63924
1326502 39180
1326602 10407
1326702 55501
1326802 32997
1326902 54243
1327002 26674
1327102 21550
1327202 19496
1327302 2536
1327402 20080
1327502 60085
1327602 42205
1327702 18784
1327802 15737
1327902 34317
1328002 4783
1328102 57365
1328202 13830
1328302 33137
1328402 20442
1328502 37187
1328602 2057
1328702 46410
1328802 28190
1328902 47828
1329002 35545
1329102 43263
1329202 51475
1329302 47039
1329402 47411
1329502 38399
1329602 50236
1329702 36675
1329802 26654
1329902 63698
1330002 23293
1330102 27911
1330202 43807
1330302 23827
1330402 61274
1330502 61606
1330602 57352
1330702 59033
1330802 36947
1330902 48451
1331002 3608
1331102 55954
1331202 19860
1331302 43065
1331402 47748
1331502 35336
1331602 38350
1331702 35968
1331802 7915
1331902 47789
1332002 24760
1332102 50949
1332202 14311
1332302 64108
1332402 47183
1332502 34341
1332602 36183
1332702 7280
1332802 40595
1332902 9735
1333002 45548
1333102 34642
1333202 10525
1333302 17594
1333402 45742
1333502 31681
1333602 49352
1333702 50874
1333802 23149
1333902 24775
1334002 40192
1334102 14031
1334202 47390
1334302 57686
1334402 14125
1334502 21646
1334602 49370
1334702 37909
1334802 50056
1334902 19944
1335002 49970
1335102 7648
1335202 43887
1335302 3128
1335402 6162
1335502 44671
1335602 8861
1335702 5007
1335802 28910
1335902 3345
1336002 6824
1336102 1883
1336202 37102
1336302 63357
1336402 15252
1336502 45250
1336602 53101
1336702 7236
1336802 57189
1336902 54465
1337002 39319
1337102 59620
1337202 20597
1337302 11262
1337402 21912
1337502 22225
1337602 63266
1337702 167
1337802 10042
1337902 30517
1338002 20263
1338102 4525
1338202 6074
1338302 5232
1338402 43151
1338502 32943
1338602 46526
1338702 15855
1338802 21741
1338902 9314
1339002 19913
1339102 35695
1339202 39769
1339302 19669
1339402 19852
1339502 25821
1339602 26982
1339702 3694
1339802 53298
1339902 64959
1340002 19656
1340102 57041
1340202 4192
1340302 19159
1340402 30536
1340502 62614
1340602 35819
1340702 30673
1340802 13707
1340902 46992
1341002 58219
1341102 57311
1341202 28867
1341302 37980
1341402 14254
1341502 45473
1341602 45235
1341702 49663
1341802 30587
1341902 23088
1342002 29785
1342102 28726
1342202 42398
1342302 1085
1342402 4997
1342502 24264
1342602 4017
1342702 35694
1342802 61260
1342902 41015
1343002 39537
1343102 34729
1343202 13958
1343302 10557
1343402 33276
1343502 8535
1343602 21132
1343702 61826
1343802 19762
1343902 28481
1344002 27243
1344102 48526
1344202 25636
1344302 56983
1344402 26927
1344502 28712
1344602 54367
1344702 28141
1344802 50797
1344902 25938
1345002 37016
1345102 33466
1345202 35030
1345302 25041
1345402 18272
1345502 9677
1345602 50321
1345702 29814
1345802 41985
1345902 55030
1346002 17676
1346102 65149
1346202 48909
1346302 41635
1346402 54151
1346502 12507
1346602 64743
1346702 10848
1346802 29052
1346902 12991
1347002 35616
1347102 19295
1347202 98
1347302 36895
1347402 8809
1347502 22615
1347602 34704
1347702 57968
1347802 17730
1347902 36560
1348002 33876
1348102 61761
1348202 39151
1348302 17397
1348402 14360
1348502 14184
1348602 28869
1348702 48502
1348802 48075
1348902 6920
1349002 33977
1349102 5882
1349202 30436
1349302 51114
1349402 41094
1349502 24450
1349602 54971
1349702 39845
1349802 14292
1349902 21926
1350002 44145
1350102 27654
1350202 10685
1350302 53646
1350402 55051
1350502 8110
1350602 19469
1350702 28420
1350802 56244
1350902 54096
1351002 9072
1351102 17117
1351202 51262
1351302 59309
1351402 40419
1351502 33735
1351602 19237
1351702 29878
1351802 2187
1351902 30873
1352002 27142
1352102 32068
1352202 38417
1352302 26751
1352402 27835
1352502 21990
1352602 55671
1352702 59755
1352802 53444
1352902 34567
1353002 166
1353102 5958
1353202 9585
1353302 14642
1353402 19164
1353502 1929
1353602 27346
1353702 51127
1353802 17663
1353902 65442
1354002 9996
1354102 32095
1354202 41315
1354302 61688
1354402 63575
1354502 20382
1354602 57215
1354702 58563
1354802 23144
1354902 55481
1355002 57604
1355102 49981
1355202 25049
1355302 62382
1355402 23596
1355502 45430
1355602 8180
1355702 54290
1355802 2819
1355902 50639
1356002 33279
1356102 61155
1356202 26935
1356302 26267
1356402 15425
1356502 52341
1356602 35483
1356702 11869
1356802 33567
1356902 3761
1357002 26136
1357102 31535
1357202 39931
1357302 63134
1357402 30452
1357502 8430
1357602 7049
1357702 38330
1357802 54106
1357902 927
1358002 33280
1358102 18776
1358202 42324
1358302 17246
1358402 17486
1358502 18641
1358602 20556
1358702 19313
1358802 13331
1358902 28363
1359002 21214
1359102 13840
1359202 40492
1359302 23904
1359402 17604
1359502 14913
1359602 52406
1359702 57356
1359802 52777
1359902 45257
1360002 1553
1360102 55368
1360202 58389
1360302 42672
1360402 479
1360502 3529
1360602 7699
1360702 42095
1360802 32884
1360902 49576
1361002 4871
1361102 30996
1361202 48951
1361302 52589
1361402 22430
1361502 48179
1361602 30918
1361702 53737
1361802 53196
1361902 14863
1362002 18639
1362102 49955
1362202 55447
1362302 17305
1362402 31339
1362502 19780
1362602 32654
1362702 57924
1362802 24655
1362902 52400
1363002 39677
1363102 52416
1363202 7898
1363302 26017
1363402 42997
1363502 15218
1363602 62318
1363702 20578
1363802 30377
1363902 16031
1364002 27916
1364102 40482
1364202 39186
1364302 27135
1364402 16109
1364502 49596
1364602 24634
1364702 38165
1364802 59096
1364902 18811
1365002 18134
1365102 18725
1365202 64495
1365302 30690
1365402 6089
1365502 11862
1365602 32180
1365702 61796
1365802 60291
1365902 48679
1366002 10885
1366102 29970
1366202 32140
1366302 41825
1366402 30710
1366502 18322
1366602 3160
1366702 13875
1366802 27201
1366902 13154
1367002 39206
1367102 33043
1367202 43674
1367302 37172
1367402 15248
1367502 36045
1367602 3826
1367702 17902
1367802 16399
1367902 57315
1368002 56359
1368102 8011
1368202 21688
1368302 52491
1368402 33865
1368502 39478
1368602 22575
1368702 329
1368802 46447
1368902 41453
1369002 62947
1369102 47845
1369202 12466
1369302 16203
1369402 10777
1369502 15351
1369602 40132
1369702 14410
1369802 52860
1369902 25703
1370002 38861
1370102 12488
1370202 7274
1370302 50594
1370402 43997
1370502 34994
1370602 41096
1370702 58788
1370802 17879
1370902 28337
1371002 36040
1371102 46580
1371202 62222
1371302 45611
1371402 47719
1371502 33575
1371602 16768
1371702 24637
1371802 18825
1371902 39584
1372002 51147
1372102 36705
1372202 29361
1372302 14036
1372402 21896
1372502 60525
1372602 62670
1372702 19485
1372802 11663
1372902 34937
1373002 27511
1373102 2340
1373202 45870
1373302 22733
1373402 15855
1373502 42740
1373602 62658
1373702 42124
1373802 35425
1373902 41994
1374002 31377
1374102 60828
1374202 62004
1374302 16828
1374402 63563
1374502 57904
1374602 24356
1374702 16124
1374802 37129
1374902 35330
1375002 1438
1375102 23495
1375202 8546
1375302 2901
1375402 11092
1375502 57274
1375602 9600
1375702 37928
1375802 50869
1375902 27115
1376002 55054
1376102 36134
1376202 42588
1376302 51067
1376402 55065
1376502 4577
1376602 47777
1376702 11976
1376802 49100
1376902 52943
1377002 18984
1377102 18526
1377202 34737
1377302 64400
1377402 43430
1377502 2452
1377602 24166
1377702 41575
1377802 53692
1377902 38962
1378002 50909
1378102 54950
1378202 26230
1378302 38629
1378402 33602
1378502 19464
1378602 53350
1378702 37767
1378802 44296
1378902 44149
1379002 26220
1379102 26278
1379202 66
1379302 22172
1379402 49645
1379502 50704
1379602 46314
1379702 48553
1379802 20355
1379902 25784
1380002 54546
1380102 63996
1380202 63724
1380302 36735
1380402 47385
1380502 13016
1380602 33376
1380702 63771
1380802 39546
1380902 52567
1381002 45247
1381102 26397
1381202 2599
1381302 35242
1381402 37769
1381502 21618
1381602 1656
1381702 33719
1381802 63484
1381902 7973
1382002 37309
1382102 37606
1382202 56947
1382302 40729
1382402 33799
1382502 56755
1382602 16824
1382702 41456
1382802 4490
1382902 62403
1383002 46458
1383102 18961
1383202 9305
1383302 50587
1383402 14782
1383502 27665
1383602 34389
1383702 35953
1383802 62412
1383902 18635
1384002 51290
1384102 63914
1384202 45971
1384302 26180
1384402 51398
1384502 16215
1384602 11371
1384702 54010
1384802 15054
1384902 48364
1385002 3943
1385102 6116
1385202 37498
1385302 48248
1385402 46080
1385502 62805
1385602 29519
1385702 50576
1385802 6139
1385902 52164
1386002 48833
1386102 18260
1386202 43594
1386302 42385
1386402 25879
1386502 14390
1386602 10372
1386702 53209
1386802 59701
1386902 38441
1387002 53254
1387102 56589
1387202 46449
1387302 25876
1387402 32214
1387502 35575
1387602 59496
1387702 39685
1387802 2296
1387902 14382
1388002 12347
1388102 26582
1388202 49961
1388302 6069
1388402 11772
1388502 6134
1388602 45413
1388702 37736
1388802 50377
1388902 42669
1389002 7860
1389102 8450
1389202 15548
1389302 12379
1389402 25970
1389502 41705
1389602 46897
1389702 6558
1389802 65448
1389902 58428
1390002 22794
1390102 31377
1390202 53010
1390302 36810
1390402 20234
1390502 30339
1390602 56438
1390702 37859
1390802 45797
1390902 65007
1391002 30461
1391102 55488
1391202 13488
1391302 20545
1391402 3391
1391502 39271
1391602 17394
1391702 25314
1391802 62800
1391902 12106
1392002 5192
1392102 40950
1392202 35365
1392302 11938
1392402 64245
1392502 15049
1392602 51746
1392702 36151
1392802 65104
1392902 33286
1393002 15375
1393102 41801
1393202 12256
1393302 53314
1393402 19365
1393502 4785
1393602 61742
1393702 39760
1393802 60659
1393902 2323
1394002 20371
1394102 19578
1394202 3205
1394302 20995
1394402 40446
1394502 20809
1394602 34912
1394702 19494
1394802 38906
1394902 64921
1395002 5621
1395102 11974
1395202 9558
1395302 52596
1395402 38041
1395502 13633
1395602 36931
1395702 10578
1395802 11843
1395902 8114
1396002 17981
1396102 6999
1396202 61096
1396302 23099
1396402 25450
1396502 56339
1396602 54474
1396702 42804
1396802 54607
1396902 6590
1397002 60234
1397102 32577
1397202 30120
1397302 50575
1397402 55277
1397502 35962
1397602 54914
1397702 26939
1397802 63084
1397902 36792
1398002 41744
1398102 13676
1398202 27116
1398302 32330
1398402 46248
1398502 42079
1398602 44481
1398702 5511
1398802 26075
1398902 41541
1399002 24784
1399102 55865
1399202 39901
1399302 22298
1399402 55459
1399502 12480
1399602 7340
1399702 28200
1399802 78
1399902 17840
1400002 33450
1400102 20293
1400202 44558
1400302 33220
1400402 29183
1400502 47800
1400602 473
1400702 31956
1400802 41211
1400902 15679
1401002 20787
1401102 55586
1401202 44703
1401302 13653
1401402 46354
1401502 33525
1401602 63336
1401702 4220
1401802 2432
1401902 47039
1402002 11072
1402102 59085
1402202 57073
1402302 48503
1402402 46249
1402502 64498
1402602 6854
1402702 6880
1402802 38294
1402902 18357
1403002 55414
1403102 39434
1403202 16508
1403302 34714
1403402 64466
1403502 33739
1403602 57872
1403702 57096
1403802 17379
1403902 8868
1404002 5516
1404102 14903
1404202 22495
1404302 51351
1404402 32334
1404502 43477
1404602 58260
1404702 49456
1404802 44532
1404902 56228
1405002 22010
1405102 39172
1405202 25897
1405302 2475
1405402 27201
1405502 48549
1405602 45624
1405702 11645
1405802 38585
1405902 4988
1406002 28319
1406102 47302
1406202 13259
1406302 16114
1406402 24965
1406502 21232
1406602 64304
1406702 61040
1406802 21489
1406902 41270
1407002 36970
1407102 13478
1407202 22230
1407302 10960
1407402 59429
1407502 63703
1407602 53352
1407702 32922
1407802 61907
1407902 58639
1408002 41295
1408102 62656
1408202 63458
1408302 47888
1408402 3419
1408502 20553
1408602 3466
1408702 43771
1408802 65156
1408902 13097
1409002 7101
1409102 1139
1409202 56218
1409302 16975
1409402 26671
1409502 31974
1409602 48849
1409702 55655
1409802 51430
1409902 35128
1410002 22279
1410102 57047
1410202 23220
1410302 12445
1410402 17195
1410502 59771
1410602 55896
1410702 52975
1410802 10187
1410902 35672
1411002 38670
1411102 37471
1411202 38683
1411302 15053
1411402 26842
1411502 43743
1411602 7693
1411702 47309
1411802 371
1411902 6828
1412002 42553
1412102 42348
1412202 6997
1412302 23762
1412402 13921
1412502 61314
1412602 571
1412702 19471
1412802 21080
1412902 6214
1413002 28138
1413102 47672
1413202 63087
1413302 49028
1413402 34424
1413502 12264
1413602 22570
1413702 32696
1413802 27548
1413902 51191
1414002 26664
1414102 18798
1414202 23151
1414302 11619
1414402 17111
1414502 26235
1414602 15309
1414702 8129
1414802 35252
1414902 16106
1415002 50726
1415102 42464
1415202 60304
1415302 6962
1415402 57058
1415502 48066
1415602 32246
1415702 10154
1415802 64106
1415902 62322
1416002 44334
1416102 50042
1416202 29898
1416302 27352
1416402 21784
1416502 18214
1416602 56892
1416702 61316
1416802 12641
1416902 49161
1417002 37552
1417102 45113
1417202 59717
1417302 13128
1417402 23497
1417502 45227
1417602 7802
1417702 14466
1417802 35615
1417902 1863
1418002 43868
1418102 1261
1418202 44551
1418302 53380
1418402 41804
1418502 31161
1418602 59858
1418702 6050
1418802 62124
1418902 47778
1419002 30715
1419102 48676
1419202 59497
1419302 6951
1419402 46687
1419502 15026
1419602 41868
1419702 19638
1419802 46412
1419902 51755
1420002 29349
1420102 35294
1420202 32722
1420302 45261
1420402 58586
1420502 30265
1420602 47398
1420702 19678
1420802 43329
1420902 60681
1421002 469
1421102 3780
1421202 10468
1421302 11696
1421402 47605
1421502 3091
1421602 47836
1421702 473
1421802 27612
1421902 46847
1422002 8388
1422102 38188
1422202 6487
1422302 61310
1422402 41093
1422502 64564
1422602 1520
1422702 7920
1422802 55492
1422902 16573
1423002 5372
1423102 30256
1423202 8285
1423302 43832
1423402 45553
1423502 16591
1423602 22141
1423702 41033
1423802 34984
1423902 59206
1424002 60866
1424102 18231
1424202 1745
1424302 7794
1424402 42656
1424502 56701
1424602 3189
1424702 14213
1424802 717
1424902 3726
1425002 13518
1425102 60301
1425202 40214
1425302 35880
1425402 47028
1425502 44642
1425602 25389
1425702 4517
1425802 45128
1425902 1469
1426002 65404
1426102 9850
1426202 10038
1426302 8654
1426402 7821
1426502 45
1426602 3861
1426702 32582
1426802 42901
1426902 8059
1427002 51877
1427102 24791
1427202 54565
1427302 26271
1427402 54832
1427502 15494
1427602 52991
1427702 34852
1427802 10651
1427902 28214
1428002 38904
1428102 55516
1428202 22256
1428302 4615
1428402 30813
1428502 52242
1428602 15744
1428702 27030
1428802 22069
1428902 843
1429002 34226
1429102 12806
1429202 8790
1429302 59300
1429402 33680
1429502 13414
1429602 24444
1429702 24945
1429802 19098
1429902 33208
1430002 16426
1430102 63596
1430202 44417
1430302 1931
1430402 20570
1430502 52760
1430602 3760
1430702 55958
1430802 41384
1430902 41337
1431002 7483
1431102 10213
1431202 12615
1431302 32223
1431402 1681
1431502 23603
1431602 37029
1431702 17915
1431802 11284
1431902 35578
1432002 17018
1432102 60341
1432202 26608
1432302 40541
1432402 33849
1432502 40421
1432602 35155
1432702 59358
1432802 43114
1432902 11241
1433002 43066
1433102 7689
1433202 1281
1433302 45802
1433402 44342
1433502 16508
1433602 12356
1433702 6965
1433802 25302
1433902 52739
1434002 48364
1434102 13224
1434202 4240
1434302 62281
1434402 46565
1434502 49451
1434602 38656
1434702 13664
1434802 3145
1434902 9703
1435002 50718
1435102 29253
1435202 52685
1435302 53567
1435402 58387
1435502 33750
1435602 14695
1435702 12721
1435802 28055
1435902 3568
1436002 4511
1436102 43411
1436202 47830
1436302 21953
1436402 53523
1436502 56951
1436602 52321
1436702 58857
1436802 16534
1436902 19982
1437002 23278
1437102 56977
1437202 64031
1437302 717
1437402 6479
1437502 26795
1437602 39213
1437702 11912
1437802 5144
1437902 1341
1438002 34776
1438102 17522
1438202 63761
1438302 58105
1438402 12956
1438502 60547
1438602 59912
1438702 35907
1438802 7510
1438902 51682
1439002 47175
1439102 11259
1439202 23092
1439302 32260
1439402 57968
1439502 50712
1439602 42191
1439702 7771
1439802 51605
1439902 60535
1440002 38974
1440102 20255
1440202 28225
1440302 62705
1440402 40790
1440502 16813
1440602 29308
1440702 51790
1440802 1168
1440902 45528
1441002 41474
1441102 53486
1441202 25656
1441302 10747
1441402 32251
1441502 34756
1441602 37321
1441702 3828
1441802 16449
1441902 15666
1442002 56458
1442102 33338
1442202 11143
1442302 37558
1442402 43568
1442502 2655
1442602 37710
1442702 42956
1442802 37831
1442902 64387
1443002 2081
1443102 26915
1443202 46080
1443302 15089
1443402 41134
1443502 38218
1443602 32017
1443702 36126
1443802 4795
1443902 46917
1444002 55730
1444102 44705
1444202 54236
1444302 46146
1444402 37080
1444502 30804
1444602 28808
1444702 2423
1444802 53195
1444902 2993
1445002 62018
1445102 1527
1445202 55805
1445302 1352
1445402 24707
1445502 40788
1445602 2828
1445702 39905
1445802 26996
1445902 29178
1446002 50716
1446102 9781
1446202 44896
1446302 29277
1446402 25005
1446502 22359
1446602 39604
1446702 26809
1446802 27000
1446902 26313
1447002 34422
1447102 21764
1447202 38575
1447302 59691
1447402 14828
1447502 9195
1447602 46276
1447702 40911
1447802 56062
1447902 47671
1448002 62245
1448102 42686
1448202 49729
1448302 59091
1448402 11915
1448502 23363
1448602 11672
1448702 64387
1448802 6771
1448902 64290
1449002 56248
1449102 41149
1449202 18543
1449302 59852
1449402 65429
1449502 18473
1449602 52547
1449702 3764
1449802 28981
1449902 11002
1450002 11274
1450102 45819
1450202 28722
1450302 53372
1450402 54318
1450502 37909
1450602 37768
1450702 46116
1450802 2833
1450902 17335
1451002 25991
1451102 26801
1451202 6680
1451302 17339
1451402 41475
1451502 47862
1451602 25020
1451702 38794
1451802 43553
1451902 42893
1452002 43815
1452102 42688
1452202 22614
1452302 28638
1452402 26940
1452502 10212
1452602 61200
1452702 18120
1452802 6213
1452902 28050
1453002 58930
1453102 55279
1453202 30999
1453302 52410
1453402 29566
1453502 23863
1453602 23923
1453702 56259
1453802 49281
1453902 41475
1454002 40409
1454102 9221
1454202 12745
1454302 19058
1454402 920
1454502 30021
1454602 9368
1454702 52438
1454802 43882
1454902 47598
1455002 12142
1455102 40576
1455202 44270
1455302 32376
1455402 9459
1455502 10878
1455602 337
1455702 3529
1455802 46096
1455902 15997
1456002 42420
1456102 57726
1456202 9312
1456302 58597
1456402 60328
1456502 4358
1456602 53863
1456702 31421
1456802 4399
1456902 23295
1457002 2742
1457102 2791
1457202 17170
1457302 29285
1457402 14827
1457502 14995
1457602 49460
1457702 60298
1457802 32692
1457902 4931
1458002 64696
1458102 49996
1458202 36240
1458302 44389
1458402 20506
1458502 28257
1458602 28249
1458702 12318
1458802 16417
1458902 31378
1459002 26199
1459102 39025
1459202 15799
1459302 25250
1459402 15124
1459502 51485
1459602 64593
1459702 47603
1459802 39481
1459902 42194
1460002 55596
1460102 21115
1460202 12861
1460302 23799
1460402 56459
1460502 50029
1460602 29511
1460702 22632
1460802 30786
1460902 52268
1461002 14947
1461102 24112
1461202 52728
1461302 33052
1461402 55302
1461502 12318
1461602 56712
1461702 51439
1461802 45168
1461902 36758
1462002 13015
1462102 28316
1462202 1389
1462302 16849
1462402 48439
1462502 31804
1462602 58984
1462702 46266
1462802 1346
1462902 11002
1463002 7600
1463102 9153
1463202 34721
1463302 52562
1463402 11890
1463502 643
1463602 31161
1463702 43336
1463802 62999
1463902 1990
1464002 28157
1464102 57903
1464202 51965
1464302 54537
1464402 17050
1464502 24059
1464602 64866
1464702 607
1464802 11805
1464902 3065
1465002 37985
1465102 5800
1465202 20674
1465302 25074
1465402 16608
1465502 33781
1465602 29109
1465702 7469
1465802 13940
1465902 60867
1466002 43101
1466102 26821
1466202 63701
1466302 19545
1466402 6069
1466502 2112
1466602 48794
1466702 8001
1466802 44578
1466902 31298
1467002 12006
1467102 7123
1467202 5652
1467302 44780
1467402 64974
1467502 5730
1467602 835
1467702 19160
1467802 42167
1467902 4812
1468002 37983
1468102 60626
1468202 19416
1468302 59387
1468402 22164
1468502 63273
1468602 44832
1468702 16593
1468802 627
1468902 1031
1469002 34093
1469102 39594
1469202 14135
1469302 49189
1469402 23253
1469502 1477
1469602 36795
1469702 53645
1469802 12643
1469902 45109
1470002 27480
1470102 48519
1470202 33712
1470302 15350
1470402 13304
1470502 43245
1470602 40865
1470702 39212
1470802 64263
1470902 39706
1471002 64599
1471102 19286
1471202 14826
1471302 17917
1471402 42286
1471502 35505
1471602 59547
1471702 2589
1471802 57122
1471902 45755
1472002 48977
1472102 54521
1472202 1435
1472302 35344
1472402 36827
1472502 30759
1472602 38299
1472702 12485
1472802 51743
1472902 50046
1473002 35564
1473102 11766
1473202 45267
1473302 61255
1473402 21889
1473502 32203
1473602 59547
1473702 766
1473802 40549
1473902 64946
1474002 23536
1474102 62751
1474202 1835
1474302 52610
1474402 24258
1474502 54060
1474602 30055
1474702 43305
1474802 12691
1474902 49368
1475002 50368
1475102 56840
1475202 16448
1475302 42260
1475402 24873
1475502 15226
1475602 61932
1475702 8588
1475802 12416
1475902 5157
1476002 53731
1476102 22259
1476202 20405
1476302 62408
1476402 40680
1476502 44551
1476602 15964
1476702 46776
1476802 64613
1476902 52626
1477002 18163
1477102 4823
1477202 13807
1477302 62869
1477402 24242
1477502 23640
1477602 46026
1477702 52947
1477802 288
1477902 32206
1478002 10887
1478102 45755
1478202 33010
1478302 51574
1478402 15890
1478502 9770
1478602 60078
1478702 54944
1478802 34291
1478902 55951
1479002 42611
1479102 19746
1479202 43694
1479302 9739
1479402 61134
1479502 34278
1479602 9467
1479702 13206
1479802 56835
1479902 19744
1480002 2629
1480102 25931
1480202 19371
1480302 12369
1480402 38891
1480502 21111
1480602 10617
1480702 17840
1480802 63350
1480902 14096
1481002 52268
1481102 33097
1481202 16082
1481302 58213
1481402 34369
1481502 11808
1481602 48400
1481702 28780
1481802 14461
1481902 39763
1482002 49283
1482102 17810
1482202 14057
1482302 52959
1482402 8961
1482502 19176
1482602 34305
1482702 670
1482802 4612
1482902 20161
1483002 17910
1483102 61059
1483202 10412
1483302 55992
1483402 50444
1483502 15011
1483602 36698
1483702 17755
1483802 41836
1483902 25686
1484002 21751
1484102 44318
1484202 13565
1484302 56815
1484402 17520
1484502 57565
1484602 27802
1484702 7536
1484802 5230
1484902 53734
1485002 48091
1485102 6557
1485202 43535
1485302 14673
1485402 35996
1485502 54924
1485602 3823
1485702 56464
1485802 44035
1485902 51390
1486002 31844
1486102 56527
1486202 50889
1486302 49261
1486402 48761
1486502 46911
1486602 41900
1486702 56252
1486802 3155
1486902 32630
1487002 31434
1487102 59810
1487202 30510
1487302 9351
1487402 46123
1487502 44162
1487602 36050
1487702 48910
1487802 14524
1487902 60493
1488002 41760
1488102 18165
1488202 35874
1488302 48805
1488402 19075
1488502 8434
1488602 56247
1488702 51787
1488802 43477
1488902 1728
1489002 64991
1489102 34068
1489202 12917
1489302 37822
1489402 34038
1489502 19567
1489602 50263
1489702 38484
1489802 41906
1489902 1641
1490002 20429
1490102 60389
1490202 17045
1490302 27315
1490402 36154
1490502 15618
1490602 15417
1490702 17909
1490802 36240
1490902 51555
1491002 15762
1491102 22743
1491202 10439
1491302 11485
1491402 9300
1491502 29094
1491602 34734
1491702 43131
1491802 16952
1491902 50549
1492002 51703
1492102 51565
1492202 49163
1492302 19618
1492402 19199
1492502 29721
1492602 38306
1492702 65493
1492802 53508
1492902 54929
1493002 7523
1493102 64507
1493202 18734
1493302 44005
1493402 53420
1493502 61671
1493602 18935
1493702 39617
1493802 2057
1493902 36422
1494002 56476
1494102 49294
1494202 30302
1494302 28135
1494402 10871
1494502 34066
1494602 37357
1494702 13676
1494802 62104
1494902 17917
1495002 37018
1495102 5984
1495202 41166
1495302 60901
1495402 2327
1495502 6293
1495602 45921
1495702 19139
1495802 17562
1495902 29848
1496002 22500
1496102 38601
1496202 18088
1496302 30783
1496402 24672
1496502 37812
1496602 40706
1496702 34369
1496802 15135
1496902 25003
1497002 50184
1497102 42776
1497202 57745
1497302 59955
1497402 13069
1497502 3188
1497602 1431
1497702 23640
1497802 23823
1497902 38306
1498002 17722
1498102 40517
1498202 30618
1498302 22190
1498402 55612
1498502 17877
1498602 15774
1498702 31472
1498802 32438
1498902 3534
1499002 39628
1499102 13893
1499202 22433
1499302 40255
1499402 8994
1499502 31797
1499602 51045
1499702 40080
1499802 10668
1499902 57641
1500002 19550
1500102 47946
1500202 9689
1500302 33592
1500402 4408
1500502 16006
1500602 1295
1500702 1412
1500802 16767
1500902 56091
1501002 46162
1501102 35172
1501202 29722
1501302 25253
1501402 20260
1501502 28097
1501602 32926
1501702 37478
1501802 39810
1501902 46806
1502002 20469
1502102 51018
1502202 30393
1502302 48071
1502402 2128
1502502 55023
1502602 7269
1502702 37611
1502802 21809
1502902 14138
1503002 31799
1503102 40933
1503202 27122
1503302 61225
1503402 5105
1503502 40135
1503602 19671
1503702 33145
1503802 5853
1503902 43693
1504002 12227
1504102 4838
1504202 30800
1504302 34145
1504402 39928
1504502 20947
1504602 7545
1504702 48067
1504802 31134
1504902 62271
1505002 57848
1505102 35209
1505202 46934
1505302 61847
1505402 16009
1505502 9366
1505602 59742
1505702 65037
1505802 59053
1505902 16144
1506002 35988
1506102 14364
1506202 37476
1506302 43008
1506402 33871
1506502 63738
1506602 35212
1506702 39917
1506802 55305
1506902 58111
1507002 52878
1507102 10803
1507202 43542
1507302 30403
1507402 43153
1507502 52464
1507602 40015
1507702 39476
1507802 4024
1507902 2046
1508002 32677
1508102 19947
1508202 32484
1508302 49157
1508402 56428
1508502 18197
1508602 41092
1508702 12617
1508802 43084
1508902 24300
1509002 11513
1509102 31064
1509202 25755
1509302 3536
1509402 2606
1509502 26668
1509602 3706
1509702 36352
1509802 30907
1509902 26645
1510002 54688
1510102 43625
1510202 23128
1510302 33857
1510402 37791
1510502 35158
1510602 25868
1510702 26817
1510802 46555
1510902 21746
1511002 29389
1511102 59180
1511202 31266
1511302 13764
1511402 3376
1511502 32761
1511602 31410
1511702 16616
1511802 6155
1511902 52019
1512002 16467
1512102 24338
1512202 20407
1512302 22561
1512402 49736
1512502 18482
1512602 34185
1512702 34776
1512802 11249
1512902 6165
1513002 13999
1513102 50090
1513202 30794
1513302 22215
1513402 47570
1513502 34634
1513602 53996
1513702 36110
1513802 51831
1513902 28299
1514002 43999
1514102 4970
1514202 43115
1514302 30898
1514402 58692
1514502 34520
1514602 55502
1514702 47000
1514802 47843
1514902 126
1515002 34175
1515102 22589
1515202 26088
1515302 59047
1515402 26309
1515502 15127
1515602 9103
1515702 58790
1515802 17577
1515902 61486
1516002 43287
1516102 36417
1516202 8948
1516302 10152
1516402 47447
1516502 3346
1516602 6776
1516702 16033
1516802 61952
1516902 49910
1517002 54657
1517102 42797
1517202 39340
1517302 59520
1517402 11258
1517502 40852
1517602 43326
1517702 34354
1517802 7853
1517902 41756
1518002 56358
1518102 14810
1518202 50794
1518302 55330
1518402 38305
1518502 16741
1518602 1663
1518702 8021
1518802 14107
1518902 31681
1519002 60855
1519102 2379
1519202 34459
1519302 10784
1519402 50533
1519502 52306
1519602 32861
1519702 12321
1519802 30256
1519902 56761
1520002 58175
1520102 47292
1520202 42030
1520302 28071
1520402 47979
1520502 40650
1520602 4407
1520702 3827
1520802 33961
1520902 59693
1521002 43280
1521102 9558
1521202 24374
1521302 3967
1521402 13285
1521502 13309
1521602 24234
1521702 15154
1521802 61858
1521902 21443
1522002 55197
1522102 51458
1522202 5984
1522302 19226
1522402 9690
1522502 46953
1522602 29788
1522702 40929
1522802 5519
1522902 8141
1523002 20785
1523102 1316
1523202 33194
1523302 13778
1523402 28485
1523502 1906
1523602 35094
1523702 26216
1523802 13677
1523902 41312
1524002 63534
1524102 16123
1524202 41350
1524302 26905
1524402 18448
1524502 42897
1524602 41662
1524702 65248
1524802 30677
1524902 5217
1525002 56746
1525102 32702
1525202 9845
1525302 17164
1525402 1516
1525502 9109
1525602 12075
1525702 64325
1525802 1168
1525902 29188
1526002 46997
1526102 296
1526202 34861
1526302 3976
1526402 5395
1526502 31739
1526602 60531
1526702 59725
1526802 19795
1526902 28835
1527002 2431
1527102 39382
1527202 61345
1527302 60257
1527402 35331
1527502 35271
1527602 20054
1527702 46983
1527802 17010
1527902 23886
1528002 42399
1528102 33451
1528202 49066
1528302 60723
1528402 6752
1528502 7725
1528602 12913
1528702 5128
1528802 39597
1528902 47051
1529002 62578
1529102 11514
1529202 5286
1529302 47036
1529402 61903
1529502 52072
1529602 16423
1529702 17049
1529802 10204
1529902 39846
1530002 13634
1530102 58501
1530202 21339
1530302 59020
1530402 58114
1530502 36564
1530602 58876
1530702 64778
1530802 37134
1530902 24445
1531002 31674
1531102 50197
1531202 58845
1531302 24120
1531402 52701
1531502 61037
1531602 39186
1531702 59033
1531802 31504
1531902 2138
1532002 13873
1532102 52504
1532202 39007
1532302 62579
1532402 22796
1532502 9457
1532602 34551
1532702 52305
1532802 51423
1532902 10650
1533002 65115
1533102 60040
1533202 42583
1533302 55897
1533402 4312
1533502 64184
1533602 36896
1533702 26141
1533802 55637
1533902 23467
1534002 53659
1534102 57954
1534202 6518
1534302 20101
1534402 5987
1534502 31739
1534602 4850
1534702 55230
1534802 32217
1534902 62614
1535002 42398
1535102 44702
1535202 36046
1535302 26157
1535402 32290
1535502 35185
1535602 39801
1535702 24607
1535802 13792
1535902 7969
1536002 30302
1536102 4225
1536202 34969
1536302 39104
1536402 23411
1536502 7015
1536602 7165
1536702 45278
1536802 42171
1536902 13836
1537002 58841
1537102 40674
1537202 21163
1537302 43537
1537402 44227
1537502 25291
1537602 65233
1537702 7730
1537802 23538
1537902 24050
1538002 1725
1538102 30054
1538202 27779
1538302 7433
1538402 42750
1538502 59170
1538602 39615
1538702 59524
1538802 3732
1538902 19896
1539002 61512
1539102 2003
1539202 49156
1539302 11671
1539402 6969
1539502 37053
1539602 23062
1539702 253
1539802 27946
1539902 47820
1540002 42853
1540102 20986
1540202 41800
1540302 49825
1540402 60772
1540502 28791
1540602 58216
1540702 59128
1540802 12704
1540902 27532
1541002 10600
1541102 60363
1541202 6969
1541302 16359
1541402 49002
1541502 27568
1541602 55420
1541702 24364
1541802 60277
1541902 12573
1542002 37623
1542102 53984
1542202 11507
1542302 1252
1542402 28971
1542502 3926
1542602 30876
1542702 25775
1542802 32340
1542902 43792
1543002 40014
1543102 49648
1543202 37025
1543302 18618
1543402 56646
1543502 59524
1543602 19885
1543702 60558
1543802 28912
1543902 41560
1544002 21195
1544102 21245
1544202 1982
1544302 32097
1544402 20641
1544502 10339
1544602 25040
1544702 12276
1544802 7279
1544902 27035
1545002 28353
1545102 49821
1545202 27939
1545302 2012
1545402 61433
1545502 20207
1545602 44910
1545702 57341
1545802 45707
1545902 50937
1546002 49132
1546102 24114
1546202 184
1546302 25151
1546402 30459
1546502 26037
1546602 58336
1546702 64568
1546802 38888
1546902 47543
1547002 35591
1547102 747
1547202 28786
1547302 59938
1547402 57559
1547502 29865
1547602 44262
1547702 42833
1547802 6743
1547902 8479
1548002 8870
1548102 8106
1548202 37411
1548302 35794
1548402 37404
1548502 60832
1548602 43254
1548702 49400
1548802 15090
1548902 17814
1549002 52020
1549102 30915
1549202 59546
1549302 48921
1549402 43900
1549502 37076
1549602 35694
1549702 32608
1549802 58003
1549902 21550
1550002 5424
1550102 23786
1550202 59162
1550302 3836
1550402 23801
1550502 39039
1550602 62367
1550702 9845
1550802 4568
1550902 18822
1551002 64636
1551102 25884
1551202 53704
1551302 26095
1551402 25084
1551502 11170
1551602 16498
1551702 56239
1551802 32659
1551902 7256
1552002 47446
1552102 11741
1552202 61509
1552302 47223
1552402 24000
1552502 64887
1552602 60029
1552702 43584
1552802 57123
1552902 9587
1553002 8497
1553102 6610
1553202 39565
1553302 44983
1553402 62607
1553502 35124
1553602 35697
1553702 17945
1553802 51578
1553902 44177
1554002 675
1554102 58666
1554202 57737
1554302 20076
1554402 35693
1554502 53869
1554602 19206
1554702 53605
1554802 49088
1554902 60623
1555002 63398
1555102 65413
1555202 5075
1555302 43349
1555402 26829
1555502 64107
1555602 4672
1555702 13196
1555802 14458
1555902 18923
1556002 25619
1556102 53896
1556202 3464
1556302 65028
1556402 30985
1556502 57835
1556602 38434
1556702 65150
1556802 11417
1556902 53523
1557002 18043
1557102 30411
1557202 60674
1557302 49007
1557402 5220
1557502 10437
1557602 27838
1557702 54524
1557802 54174
1557902 44153
1558002 29621
1558102 58109
1558202 7639
1558302 10699
1558402 10446
1558502 37383
1558602 29246
1558702 43359
1558802 24853
1558902 38592
1559002 52222
1559102 45823
1559202 2021
1559302 46405
1559402 49677
1559502 63989
1559602 9910
1559702 9064
1559802 7017
1559902 21324
1560002 10017
1560102 54891
1560202 43243
1560302 39803
1560402 25203
1560502 42348
1560602 51780
1560702 55582
1560802 10019
1560902 30100
1561002 57185
1561102 24493
1561202 28149
1561302 5528
1561402 43181
1561502 38736
1561602 39415
1561702 8050
1561802 12541
1561902 362
1562002 48648
1562102 49981
1562202 62118
1562302 19332
1562402 48483
1562502 5915
1562602 48861
1562702 35296
1562802 41206
1562902 26264
1563002 23695
1563102 25150
1563202 53003
1563302 39976
1563402 15709
1563502 28537
1563602 37636
1563702 53357
1563802 56168
1563902 49122
1564002 34194
1564102 64673
1564202 42817
1564302 23174
1564402 14286
1564502 4577
1564602 49988
1564702 41720
1564802 59873
1564902 33569
1565002 63959
1565102 41520
1565202 20721
1565302 54060
1565402 7617
1565502 42452
1565602 48215
1565702 21064
1565802 9551
1565902 16215
1566002 64089
1566102 46892
1566202 40386
1566302 8852
1566402 17599
1566502 6426
1566602 54966
1566702 46853
1566802 24666
1566902 23208
1567002 47932
1567102 7141
1567202 37522
1567302 18385
1567402 4800
1567502 5858
1567602 60868
1567702 57135
1567802 31413
1567902 26715
1568002 36927
1568102 61744
1568202 26353
1568302 15272
1568402 37977
1568502 5958
1568602 3284
1568702 57719
1568802 44758
1568902 28965
1569002 37022
1569102 929
1569202 646
1569302 34037
1569402 11824
1569502 2156
1569602 51566
1569702 64746
1569802 36629
1569902 31695
1570002 18376
1570102 26288
1570202 36536
1570302 8307
1570402 27342
1570502 61532
1570602 10900
1570702 22548
1570802 64182
1570902 39959
1571002 3121
1571102 62887
1571202 22703
1571302 8684
1571402 46752
1571502 14150
1571602 15488
1571702 18970
1571802 62322
1571902 4407
1572002 46677
1572102 41387
1572202 60147
1572302 25596
1572402 6602
1572502 23869
1572602 33650
1572702 5082
1572802 18698
1572902 10403
1573002 624
1573102 21929
1573202 47943
1573302 54695
1573402 54577
1573502 56728
1573602 3869
1573702 48203
1573802 62083
1573902 21225
1574002 55563
1574102 32057
1574202 7210
1574302 12666
1574402 16544
1574502 47505
1574602 59951
1574702 36853
1574802 362
1574902 22368
1575002 55738
1575102 42925
1575202 59442
1575302 4665
1575402 57010
1575502 56934
1575602 52282
1575702 53372
1575802 24343
1575902 45823
1576002 32085
1576102 11625
1576202 20649
1576302 8470
1576402 44229
1576502 57677
1576602 54362
1576702 57204
1576802 27854
1576902 65392
1577002 7630
1577102 19096
1577202 27499
1577302 32909
1577402 54989
1577502 64796
1577602 23766
1577702 36197
1577802 4863
1577902 2983
1578002 60002
1578102 38392
1578202 12135
1578302 28298
1578402 35796
1578502 16650
1578602 49043
1578702 54014
1578802 56025
1578902 36460
1579002 52060
1579102 46628
1579202 53891
1579302 18542
1579402 45873
1579502 62259
1579602 37517
1579702 42077
1579802 27034
1579902 34611
1580002 36761
1580102 19005
1580202 50369
1580302 55059
1580402 44463
1580502 33312
1580602 51694
1580702 28362
1580802 21180
1580902 2583
1581002 36818
1581102 7508
1581202 8730
1581302 44469
1581402 8263
1581502 13367
1581602 62268
1581702 31265
1581802 17464
1581902 51489
1582002 62795
1582102 50030
1582202 37065
1582302 54510
1582402 23566
1582502 4808
1582602 1336
1582702 15003
1582802 46440
1582902 10344
1583002 57464
1583102 54265
1583202 22968
1583302 32795
1583402 37058
1583502 23417
1583602 31456
1583702 31306
1583802 50898
1583902 12884
1584002 44431
1584102 27713
1584202 54577
1584302 55220
1584402 38826
1584502 13837
1584602 19333
1584702 42154
1584802 51113
1584902 5883
1585002 23941
1585102 52053
1585202 34608
1585302 60123
1585402 44268
1585502 43684
1585602 31893
1585702 1407
1585802 23907
1585902 32098
1586002 21764
1586102 11819
1586202 42350
1586302 11601
1586402 33999
1586502 33526
1586602 4183
1586702 30529
1586802 14591
1586902 4940
1587002 29709
1587102 4549
1587202 28548
1587302 46050
1587402 33160
1587502 42632
1587602 28767
1587702 34345
1587802 35384
1587902 34846
1588002 59419
1588102 27884
1588202 25435
1588302 55958
1588402 34112
1588502 30040
1588602 15042
1588702 21980
1588802 22572
1588902 19371
1589002 5538
1589102 56139
1589202 45569
1589302 35061
1589402 3054
1589502 18065
1589602 4034
1589702 65350
1589802 23803
1589902 53088
1590002 47245
1590102 26999
1590202 29386
1590302 45435
1590402 4134
1590502 11289
1590602 45682
1590702 4524
1590802 38894
1590902 17232
1591002 43959
1591102 46289
1591202 60132
1591302 33520
1591402 50537
1591502 16017
1591602 61733
1591702 42920
1591802 38622
1591902 43569
1592002 58552
1592102 23017
1592202 54241
1592302 19985
1592402 3012
1592502 26350
1592602 2345
1592702 32917
1592802 6604
1592902 14669
1593002 43492
1593102 45134
1593202 21891
1593302 5446
1593402 34475
1593502 2700
1593602 17253
1593702 23645
1593802 49272
1593902 27056
1594002 58187
1594102 39914
1594202 4469
1594302 16181
1594402 13757
1594502 49161
1594602 21298
1594702 65488
1594802 64845
1594902 28447
1595002 20838
1595102 53104
1595202 31976
1595302 12398
1595402 6502
1595502 69
1595602 9725
1595702 43724
1595802 52726
1595902 62678
1596002 56270
1596102 50478
1596202 38296
1596302 61664
1596402 23208
1596502 53091
1596602 27559
1596702 17656
1596802 817
1596902 42067
1597002 29426
1597102 43048
1597202 63595
1597302 32873
1597402 13743
1597502 30626
1597602 55203
1597702 55173
1597802 30066
1597902 30083
1598002 8623
1598102 51005
1598202 51606
1598302 55275
1598402 742
1598502 12951
1598602 15518
1598702 46572
1598802 23734
1598902 26095
1599002 2637
1599102 25322
1599202 5184
1599302 30274
1599402 59687
1599502 19665
1599602 10213
1599702 21689
1599802 6903
1599902 25457
1600002 59695
1600102 6561
1600202 64554
1600302 30359
1600402 15427
1600502 5592
1600602 62884
1600702 64802
1600802 12630
1600902 38354
1601002 40936
1601102 19948
1601202 60495
1601302 17649
1601402 54990
1601502 41124
1601602 43223
1601702 31662
1601802 49854
1601902 55028
1602002 25067
1602102 9359
1602202 34525
1602302 13040
1602402 24858
1602502 27993
1602602 12378
1602702 53657
1602802 59609
1602902 36287
1603002 24664
1603102 44718
1603202 52533
1603302 57636
1603402 29836
1603502 22827
1603602 19892
1603702 4371
1603802 38489
1603902 20922
1604002 47565
1604102 43592
1604202 12721
1604302 1267
1604402 56826
1604502 9548
1604602 58505
1604702 14396
1604802 8724
1604902 46386
1605002 62880
1605102 41805
1605202 61317
1605302 47921
1605402 49880
1605502 13855
1605602 20180
1605702 23433
1605802 7704
1605902 10718
1606002 25644
1606102 45282
1606202 849
1606302 9809
1606402 12720
1606502 3012
1606602 37190
1606702 1001
1606802 39037
1606902 49183
1607002 8010
1607102 47921
1607202 24637
1607302 38817
1607402 8132
1607502 30074
1607602 37678
1607702 30542
1607802 14140
1607902 55416
1608002 26176
1608102 10102
1608202 42952
1608302 21447
1608402 28590
1608502 11948
1608602 53695
1608702 55505
1608802 52477
1608902 21852
1609002 46819
1609102 49104
1609202 12867
1609302 58506
1609402 57527
1609502 23982
1609602 1453
1609702 26143
1609802 50147
1609902 7330
1610002 17064
1610102 23699
1610202 34580
1610302 23670
1610402 26865
1610502 17028
1610602 32990
1610702 51877
1610802 52400
1610902 54804
1611002 47647
1611102 5105
1611202 38943
1611302 18654
1611402 38334
1611502 32995
1611602 23526
1611702 30018
1611802 49730
1611902 4218
1612002 29526
1612102 8205
1612202 33634
1612302 63953
1612402 29534
1612502 42360
1612602 38784
1612702 13896
1612802 24180
1612902 26590
1613002 44346
1613102 3137
1613202 5250
1613302 35378
1613402 54644
1613502 59395
1613602 9480
1613702 18400
1613802 47538
1613902 44619
1614002 1007
1614102 29837
1614202 44364
1614302 29980
1614402 30877
1614502 11891
1614602 16524
1614702 5621
1614802 13896
1614902 12693
1615002 18679
1615102 48296
1615202 3890
1615302 29911
1615402 36758
1615502 46111
1615602 60752
1615702 42525
1615802 3304
1615902 12115
1616002 28417
1616102 42627
1616202 58501
1616302 51471
1616402 42529
1616502 53199
1616602 32929
1616702 16442
1616802 60996
1616902 40247
1617002 40695
1617102 25908
1617202 32109
1617302 34581
1617402 46958
1617502 4146
1617602 49052
1617702 51115
1617802 51286
1617902 33772
1618002 53
1618102 18199
1618202 5579
1618302 4081
1618402 830
1618502 42256
1618602 14930
1618702 32151
1618802 2675
1618902 37060
1619002 21609
1619102 36603
1619202 53272
1619302 37911
1619402 43189
1619502 38841
1619602 43641
1619702 46002
1619802 25552
1619902 17059
1620002 34338
1620102 64742
1620202 9252
1620302 33750
1620402 48106
1620502 43253
1620602 10244
1620702 17358
1620802 19488
1620902 42479
1621002 35355
1621102 31615
1621202 31488
1621302 50053
1621402 45308
1621502 58928
1621602 41740
1621702 41478
1621802 64154
1621902 12193
1622002 51359
1622102 20051
1622202 34784
1622302 925
1622402 25266
1622502 30868
1622602 24622
1622702 63890
1622802 36148
1622902 58936
1623002 29772
1623102 12635
1623202 6095
1623302 30214
1623402 28476
1623502 34850
1623602 43136
1623702 53515
1623802 18027
1623902 31163
1624002 17305
1624102 23039
1624202 32879
1624302 7368
1624402 51143
1624502 20691
1624602 24209
1624702 35831
1624802 64619
1624902 55352
1625002 108
1625102 42507
1625202 10361
1625302 31828
1625402 54420
1625502 52243
1625602 61413
1625702 32410
1625802 52376
1625902 47852
1626002 34908
1626102 1111
1626202 28443
1626302 61034
1626402 9106
1626502 44559
1626602 3040
1626702 17013
1626802 45975
1626902 30638
1627002 65485
1627102 18770
1627202 52456
1627302 18967
1627402 56208
1627502 23767
1627602 10922
1627702 50650
1627802 46296
1627902 2569
1628002 40966
1628102 19163
1628202 58970
1628302 47738
1628402 29373
1628502 26012
1628602 12806
1628702 31842
1628802 61544
1628902 34203
1629002 18947
1629102 20548
1629202 51244
1629302 25584
1629402 21856
1629502 39004
1629602 48736
1629702 10661
1629802 2526
1629902 35229
1630002 49327
1630102 61076
1630202 12118
1630302 26670
1630402 13373
1630502 53599
1630602 23864
1630702 15375
1630802 2037
1630902 24241
1631002 63398
1631102 20193
1631202 59754
1631302 49751
1631402 24636
1631502 34548
1631602 58795
1631702 5398
1631802 19152
1631902 7447
1632002 31148
1632102 52332
1632202 30225
1632302 46164
1632402 6775
1632502 20585
1632602 57704
1632702 13489
1632802 37342
1632902 19668
1633002 23335
1633102 21057
1633202 22804
1633302 21898
1633402 36964
1633502 17424
1633602 11178
1633702 40385
1633802 17861
1633902 17028
1634002 26385
1634102 7342
1634202 50539
1634302 55299
1634402 31429
1634502 31265
1634602 23605
1634702 20077
1634802 4815
1634902 38210
1635002 16216
1635102 9380
1635202 966
1635302 36203
1635402 56444
1635502 10332
1635602 17844
1635702 43537
1635802 22026
1635902 819
1636002 7534
1636102 12993
1636202 499
1636302 27286
1636402 62338
1636502 43068
1636602 10020
1636702 61498
1636802 1115
1636902 21953
1637002 22402
1637102 50326
1637202 1190
1637302 39303
1637402 10177
1637502 12599
1637602 51774
1637702 53970
1637802 36263
1637902 16972
1638002 43845
1638102 38355
1638202 52216
1638302 48079
1638402 48380
1638502 26710
1638602 595
1638702 12348
1638802 14187
1638902 14342
1639002 41701
1639102 44993
1639202 8422
1639302 44381
1639402 33634
1639502 25132
1639602 17925
1639702 44140
1639802 55475
1639902 29786
1640002 49349
1640102 406
1640202 17621
1640302 6225
1640402 62255
1640502 4042
1640602 8697
1640702 49016
1640802 60948
1640902 9095
1641002 22783
1641102 19103
1641202 21475
1641302 37465
1641402 39196
1641502 20975
1641602 24066
1641702 39654
1641802 6027
1641902 14915
1642002 14639
1642102 13867
1642202 61532
1642302 33240
1642402 41050
1642502 34017
1642602 17830
1642702 60632
1642802 6489
1642902 2509
1643002 64598
1643102 12149
1643202 2529
1643302 3717
1643402 4643
1643502 51197
1643602 53165
1643702 5621
1643802 59004
1643902 61125
1644002 31212
1644102 54308
1644202 2723
1644302 21323
1644402 39902
1644502 62478
1644602 12135
1644702 59511
1644802 18184
1644902 5035
1645002 10115
1645102 60139
1645202 6479
1645302 33579
1645402 7567
1645502 31817
1645602 59319
1645702 29878
1645802 34601
1645902 56747
1646002 43480
1646102 7722
1646202 59138
1646302 49986
1646402 27337
1646502 7950
1646602 21645
1646702 38915
1646802 25688
1646902 15414
1647002 28259
1647102 3725
1647202 12363
1647302 17522
1647402 56806
1647502 48173
1647602 8202
1647702 12749
1647802 60054
1647902 55432
1648002 7788
1648102 17561
1648202 60008
1648302 1440
1648402 47471
1648502 11929
1648602 6749
1648702 8650
1648802 15106
1648902 47543
1649002 57686
1649102 92
1649202 54458
1649302 23906
1649402 52382
1649502 36502
1649602 19601
1649702 23945
1649802 2794
1649902 59194
1650002 40212
1650102 4760
1650202 35001
1650302 51039
1650402 58941
1650502 30223
1650602 7883
1650702 59726
1650802 20247
1650902 35128
1651002 4255
1651102 64655
1651202 18819
1651302 6872
1651402 37090
1651502 61649
1651602 57330
1651702 25649
1651802 39498
1651902 29942
1652002 32988
1652102 32767
1652202 57736
1652302 15567
1652402 37902
1652502 35770
1652602 18924
1652702 41296
1652802 12876
1652902 26358
1653002 45376
1653102 32376
1653202 47813
1653302 39185
1653402 31501
1653502 62933
1653602 47083
1653702 12579
1653802 872
1653902 1111
1654002 41373
1654102 15598
1654202 11079
1654302 59479
1654402 43760
1654502 46574
1654602 55011
1654702 35792
1654802 14377
1654902 24209
1655002 17096
1655102 65352
1655202 33379
1655302 9465
1655402 7128
1655502 20433
1655602 40047
1655702 32452
1655802 42643
1655902 9360
1656002 7232
1656102 387
1656202 26929
1656302 63318
1656402 44870
1656502 64366
1656602 22996
1656702 32000
1656802 10202
1656902 38607
1657002 36721
1657102 31357
1657202 8084
1657302 30855
1657402 25374
1657502 2483
1657602 10272
1657702 17992
1657802 63646
1657902 43473
1658002 5606
1658102 32894
1658202 51088
1658302 13312
1658402 52441
1658502 29082
1658602 27784
1658702 37588
1658802 16570
1658902 37702
1659002 56382
1659102 23331
1659202 3088
1659302 17198
1659402 53402
1659502 49202
1659602 41031
1659702 41681
1659802 49727
1659902 56105
1660002 29778
1660102 38855
1660202 27404
1660302 14227
1660402 45795
1660502 12221
1660602 2676
1660702 52197
1660802 48847
1660902 51735
1661002 40747
1661102 18115
1661202 62138
1661302 33025
1661402 2226
1661502 34682
1661602 8934
1661702 14618
1661802 53523
1661902 34838
1662002 38830
1662102 21999
1662202 30073
1662302 57964
1662402 6023
1662502 44099
1662602 23148
1662702 63453
1662802 63012
1662902 59690
1663002 23201
1663102 31318
1663202 35172
1663302 49922
1663402 2000
1663502 30916
1663602 12406
1663702 19894
1663802 26488
1663902 44345
1664002 7052
1664102 20303
1664202 37509
1664302 57951
1664402 11720
1664502 63459
1664602 20979
1664702 63087
1664802 8718
1664902 36558
1665002 11541
1665102 17305
1665202 21051
1665302 16626
1665402 53701
1665502 45936
1665602 6854
1665702 26151
1665802 48337
1665902 12066
1666002 25005
1666102 46940
1666202 12209
1666302 59995
1666402 1631
1666502 26311
1666602 1351
1666702 13762
1666802 26210
1666902 19402
1667002 32738
1667102 40621
1667202 35735
1667302 49708
1667402 46001
1667502 35710
1667602 5607
1667702 9722
1667802 3357
1667902 48850
1668002 62699
1668102 8931
1668202 34918
1668302 32398
1668402 10659
1668502 60172
1668602 41399
1668702 55845
1668802 58626
1668902 15537
1669002 52518
1669102 33677
1669202 63702
1669302 702
1669402 13481
1669502 26170
1669602 50151
1669702 9622
1669802 37620
1669902 64501
1670002 61348
1670102 30176
1670202 28171
1670302 59542
1670402 10310
1670502 14104
1670602 47376
1670702 39128
1670802 8199
1670902 45825
1671002 36157
1671102 26031
1671202 21438
1671302 38842
1671402 60643
1671502 25731
1671602 35503
1671702 8442
1671802 56349
1671902 58535
1672002 48018
1672102 31377
1672202 16865
1672302 4995
1672402 3123
1672502 26937
1672602 3599
1672702 49023
1672802 8254
1672902 5424
1673002 2649
1673102 31479
1673202 26118
1673302 55326
1673402 51410
1673502 542
1673602 30855
1673702 39560
1673802 10530
1673902 42439
1674002 35817
1674102 6663
1674202 34708
1674302 22570
1674402 64335
1674502 17399
1674602 27029
1674702 48565
1674802 35255
1674902 32705
1675002 16427
1675102 54084
1675202 35753
1675302 33446
1675402 9471
1675502 22767
1675602 12910
1675702 20881
1675802 14637
1675902 42742
1676002 48474
1676102 41480
1676202 64030
1676302 10543
1676402 56286
1676502 12860
1676602 49796
1676702 38960
1676802 52614
1676902 58746
1677002 1559
1677102 41154
1677202 9105
1677302 46021
1677402 52827
1677502 2775
1677602 379
1677702 49434
1677802 25080
1677902 44238
1678002 40345
1678102 51624
1678202 51587
1678302 7175
1678402 10822
1678502 46517
1678602 57263
1678702 22948
1678802 7982
1678902 36503
1679002 47425
1679102 4199
1679202 24521
1679302 49232
1679402 9725
1679502 3712
1679602 38571
1679702 27198
1679802 26655
1679902 53937
1680002 9695
1680102 16882
1680202 25179
1680302 57363
1680402 52237
1680502 56731
1680602 13580
1680702 8756
1680802 40793
1680902 16037
1681002 10368
1681102 37980
1681202 43436
1681302 37071
1681402 63778
1681502 44437
1681602 8343
1681702 6462
1681802 23673
1681902 10739
1682002 8906
1682102 10120
1682202 57019
1682302 34265
1682402 60468
1682502 27831
1682602 43430
1682702 64173
1682802 12113
1682902 38788
1683002 28077
1683102 57973
1683202 46191
1683302 48377
1683402 57300
1683502 63494
1683602 3947
1683702 3545
1683802 37011
1683902 30849
1684002 21707
1684102 4494
1684202 50382
1684302 7262
1684402 15713
1684502 39913
1684602 20583
1684702 22690
1684802 39678
1684902 36505
1685002 41287
1685102 54914
1685202 8316
1685302 1148
1685402 46986
1685502 54102
1685602 17656
1685702 37215
1685802 43331
1685902 22715
1686002 2632
1686102 36255
1686202 6302
1686302 22308
1686402 20652
1686502 47756
1686602 64074
1686702 54894
1686802 62163
1686902 528
1687002 34454
1687102 26675
1687202 15717
1687302 52004
1687402 9541
1687502 46382
1687602 416
1687702 50903
1687802 31636
1687902 37002
1688002 49352
1688102 39907
1688202 30620
1688302 9681
1688402 36044
1688502 38677
1688602 47942
1688702 45624
1688802 27113
1688902 31151
1689002 34797
1689102 54835
1689202 8953
1689302 43951
1689402 638
1689502 46570
1689602 370
1689702 41003
1689802 51731
1689902 60249
1690002 40497
1690102 29792
1690202 53258
1690302 28286
1690402 62866
1690502 48063
1690602 4776
1690702 60627
1690802 43099
1690902 28779
1691002 26689
1691102 32916
1691202 52278
1691302 32399
1691402 30206
1691502 30268
1691602 54670
1691702 33372
1691802 37616
1691902 15707
1692002 21173
1692102 32646
1692202 26965
1692302 37704
1692402 36846
1692502 56589
1692602 26279
1692702 59407
1692802 17499
1692902 42717
1693002 956
1693102 26778
1693202 6197
1693302 28546
1693402 5838
1693502 16607
1693602 46245
1693702 33134
1693802 44798
1693902 28293
1694002 60460
1694102 54288
1694202 47446
1694302 46228
1694402 35067
1694502 1767
1694602 58939
1694702 17009
1694802 6315
1694902 40678
1695002 36377
1695102 12128
1695202 9187
1695302 62119
1695402 56924
1695502 14030
1695602 47431
1695702 28390
1695802 57699
1695902 50519
1696002 63831
1696102 53821
1696202 52814
1696302 7245
1696402 29956
1696502 13921
1696602 33237
1696702 7375
1696802 11486
1696902 49219
1697002 43603
1697102 32705
1697202 4496
1697302 62823
1697402 39924
1697502 50717
1697602 13344
1697702 21330
1697802 36121
1697902 10004
1698002 10080
1698102 38887
1698202 36716
1698302 59544
1698402 48071
1698502 402
1698602 37896
1698702 56904
1698802 8865
1698902 45980
1699002 58562
1699102 19341
1699202 21628
1699302 10594
1699402 21308
1699502 32758
1699602 49666
1699702 51981
1699802 34683
1699902 13904
1700002 58447
1700102 4186
1700202 26551
1700302 42195
1700402 41025
1700502 50295
1700602 61089
1700702 58846
1700802 56584
1700902 12562
1701002 37293
1701102 34929
1701202 61397
1701302 50519
1701402 12358
1701502 56743
1701602 62340
1701702 46481
1701802 25239
1701902 25350
1702002 17724
1702102 13114
1702202 7531
1702302 43272
1702402 17901
1702502 62932
1702602 45595
1702702 19210
1702802 55501
1702902 20063
1703002 9258
1703102 57069
1703202 14180
1703302 2261
1703402 4453
1703502 6638
1703602 31209
1703702 50664
1703802 48115
1703902 48449
1704002 11134
1704102 3803
1704202 18392
1704302 15333
1704402 29063
1704502 39413
1704602 11717
1704702 22877
1704802 875
1704902 12973
1705002 17623
1705102 44975
1705202 47077
1705302 59078
1705402 45066
1705502 4749
1705602 19558
1705702 37839
1705802 56463
1705902 19203
1706002 53172
1706102 6310
1706202 45869
1706302 19371
1706402 28256
1706502 32018
1706602 41415
1706702 43713
1706802 13427
1706902 49318
1707002 30593
1707102 2258
1707202 57842
1707302 60412
1707402 35888
1707502 37760
1707602 31803
1707702 22027
1707802 48346
1707902 8329
1708002 9889
1708102 52586
1708202 37470
1708302 30396
1708402 23850
1708502 30619
1708602 57631
1708702 6311
1708802 34206
1708902 25386
1709002 29714
1709102 679
1709202 64944
1709302 19650
1709402 43176
1709502 32207
1709602 28402
1709702 33433
1709802 28932
1709902 930
1710002 38439
1710102 48535
1710202 50799
1710302 33888
1710402 31633
1710502 44814
1710602 23755
1710702 4854
1710802 52665
1710902 47164
1711002 61967
1711102 63933
1711202 3548
1711302 51967
1711402 17521
1711502 12328
1711602 19185
1711702 44457
1711802 17692
1711902 25767
1712002 62220
1712102 60475
1712202 15841
1712302 60769
1712402 18435
1712502 62833
1712602 62088
1712702 57812
1712802 53362
1712902 13608
1713002 3351
1713102 27315
1713202 7839
1713302 57154
1713402 20883
1713502 12157
1713602 2223
1713702 49636
1713802 32538
1713902 63004
1714002 49863
1714102 21783
1714202 22169
1714302 22985
1714402 34769
1714502 2051
1714602 45786
1714702 22538
1714802 61648
1714902 25044
1715002 24198
1715102 63423
1715202 23989
1715302 29874
1715402 3163
1715502 54790
1715602 53918
1715702 56543
1715802 39821
1715902 48338
1716002 31202
1716102 32521
1716202 35665
1716302 4263
1716402 25930
1716502 20629
1716602 52765
1716702 32341
1716802 14298
1716902 11140
1717002 33815
1717102 54651
1717202 27406
1717302 29600
1717402 62642
1717502 27253
1717602 20194
1717702 12821
1717802 18718
1717902 1526
1718002 49025
1718102 7555
1718202 43839
1718302 42782
1718402 13624
1718502 35306
1718602 14783
1718702 62214
1718802 50080
1718902 51109
1719002 17092
1719102 19621
1719202 40890
1719302 46253
1719402 63494
1719502 26428
1719602 64979
1719702 21958
1719802 5708
1719902 54087
1720002 49452
1720102 3070
1720202 3459
1720302 12841
1720402 57316
1720502 63737
1720602 14065
1720702 48292
1720802 27028
1720902 31770
1721002 48586
1721102 45663
1721202 18922
1721302 23646
1721402 17729
1721502 60875
1721602 5024
1721702 19624
1721802 31185
1721902 33340
1722002 51306
1722102 28580
1722202 55609
1722302 55019
1722402 58972
1722502 24597
1722602 18513
1722702 7836
1722802 12988
1722902 40686
1723002 690
1723102 43469
1723202 29672
1723302 22411
1723402 26978
1723502 41954
1723602 48652
1723702 1440
1723802 16077
1723902 5369
1724002 24308
1724102 32170
1724202 50279
1724302 40109
1724402 28485
1724502 26645
1724602 35257
1724702 37012
1724802 29909
1724902 44597
1725002 18406
1725102 9553
1725202 2369
1725302 30175
1725402 59003
1725502 5789
1725602 23976
1725702 63742
1725802 9602
1725902 1254
1726002 8744
1726102 38010
1726202 27894
1726302 1316
1726402 4511
1726502 27572
1726602 44677
1726702 58335
1726802 7109
1726902 52459
1727002 14649
1727102 34385
1727202 5728
1727302 41064
1727402 22437
1727502 13163
1727602 46290
1727702 40297
1727802 843
1727902 15254
1728002 64037
1728102 22904
1728202 8626
1728302 60192
1728402 42543
1728502 41340
1728602 48551
1728702 41780
1728802 40362
1728902 23388
1729002 21801
1729102 31930
1729202 1250
1729302 61685
1729402 49166
1729502 52540
1729602 12307
1729702 18932
1729802 11715
1729902 8556
1730002 870
1730102 7860
1730202 34425
1730302 53098
1730402 64575
1730502 41033
1730602 41441
1730702 14943
1730802 63843
1730902 10471
1731002 4365
1731102 23367
1731202 30954
1731302 5550
1731402 2814
1731502 53991
1731602 40200
1731702 37462
1731802 9795
1731902 30336
1732002 25256
1732102 57444
1732202 36867
1732302 53191
1732402 61587
1732502 56635
1732602 32691
1732702 58472
1732802 58353
1732902 25908
1733002 21404
1733102 37785
1733202 50056
1733302 50434
1733402 9437
1733502 18068
1733602 50982
1733702 40476
1733802 52156
1733902 25634
1734002 23150
1734102 2811
1734202 11902
1734302 59268
1734402 15352
1734502 20846
1734602 17960
1734702 8350
1734802 8656
1734902 60627
1735002 20914
1735102 56869
1735202 20899
1735302 13946
1735402 50870
1735502 7851
1735602 18176
1735702 13007
1735802 27895
1735902 23301
1736002 34873
1736102 26235
1736202 18255
1736302 17650
1736402 4163
1736502 62562
1736602 9841
1736702 27349
1736802 25029
1736902 47180
1737002 41523
1737102 60019
1737202 45502
1737302 62539
1737402 38315
1737502 9958
1737602 16493
1737702 13835
1737802 10264
1737902 55429
1738002 4810
1738102 59717
1738202 64264
1738302 27452
1738402 10432
1738502 60450
1738602 48561
1738702 57675
1738802 19066
1738902 31722
1739002 32721
1739102 21403
1739202 29290
1739302 7811
1739402 20937
1739502 11954
1739602 52278
1739702 21033
1739802 2764
1739902 36074
1740002 34890
1740102 3400
1740202 61601
1740302 22643
1740402 47806
1740502 27315
1740602 39791
1740702 48052
1740802 11483
1740902 22851
1741002 49900
1741102 4455
1741202 63884
1741302 884
1741402 55553
1741502 60994
1741602 2476
1741702 40789
1741802 57886
1741902 13912
1742002 254
1742102 59060
1742202 32665
1742302 51678
1742402 9454
1742502 47043
1742602 29757
1742702 23425
1742802 13010
1742902 19401
1743002 29450
1743102 54544
1743202 13807
1743302 38652
1743402 64736
1743502 17997
1743602 53890
1743702 24658
1743802 35165
1743902 30111
1744002 40543
1744102 1446
1744202 15357
1744302 33770
1744402 51351
1744502 45179
1744602 61613
1744702 29263
1744802 14537
1744902 53548
1745002 22448
1745102 22753
1745202 7877
1745302 21418
1745402 55981
1745502 14200
1745602 36925
1745702 34824
1745802 59719
1745902 6540
1746002 3437
1746102 32106
1746202 58848
1746302 48074
1746402 31018
1746502 27303
1746602 62948
1746702 46586
1746802 46940
1746902 40009
1747002 40989
1747102 19292
1747202 49111
1747302 61581
1747402 43066
1747502 10476
1747602 17437
1747702 15613
1747802 1191
1747902 38709
1748002 21579
1748102 21539
1748202 21981
1748302 35932
1748402 17815
1748502 110
1748602 48099
1748702 3543
1748802 61883
1748902 50167
1749002 47782
1749102 33536
1749202 26700
1749302 56407
1749402 5254
1749502 47861
1749602 41064
1749702 48544
1749802 10394
1749902 63444
1750002 18897
1750102 15077
1750202 7104
1750302 55486
1750402 21652
1750502 48628
1750602 15998
1750702 22554
1750802 55911
1750902 57361
1751002 55279
1751102 13003
1751202 2594
1751302 48802
1751402 46756
1751502 22038
1751602 64243
1751702 27169
1751802 44834
1751902 22189
1752002 20618
1752102 61402
1752202 33815
1752302 59293
1752402 63157
1752502 21473
1752602 224
1752702 1106
1752802 11375
1752902 61282
1753002 720
1753102 21362
1753202 24486
1753302 18549
1753402 25228
1753502 55813
1753602 37454
1753702 40579
1753802 24230
1753902 58843
1754002 52167
1754102 9978
1754202 62565
1754302 62218
1754402 48481
1754502 5593
1754602 39290
1754702 62357
1754802 7613
1754902 1605
1755002 58414
1755102 128
1755202 4454
1755302 33969
1755402 2689
1755502 60304
1755602 26982
1755702 56167
1755802 12935
1755902 22458
1756002 8171
1756102 33985
1756202 26239
1756302 29813
1756402 27245
1756502 43017
1756602 16681
1756702 60986
1756802 4751
1756902 44492
1757002 18588
1757102 7319
1757202 59438
1757302 4613
1757402 13668
1757502 61223
1757602 52875
1757702 38153
1757802 52285
1757902 5544
1758002 6050
1758102 51587
1758202 3204
1758302 28201
1758402 10913
1758502 29936
1758602 39613
1758702 50644
1758802 26442
1758902 12434
1759002 4821
1759102 12933
1759202 57006
1759302 19166
1759402 32162
1759502 21839
1759602 3769
1759702 5945
1759802 64882
1759902 46865
1760002 26602
1760102 10632
1760202 7945
1760302 56341
1760402 34825
1760502 13164
1760602 48084
1760702 5365
1760802 41096
1760902 13606
1761002 31370
1761102 64346
1761202 46248
1761302 13298
1761402 28516
1761502 20667
1761602 58427
1761702 61840
1761802 23256
1761902 46993
1762002 40242
1762102 26806
1762202 5248
1762302 28811
1762402 8777
1762502 19282
1762602 49544
1762702 10005
1762802 28862
1762902 41991
1763002 2274
1763102 63002
1763202 23675
1763302 57345
1763402 45057
1763502 60303
1763602 52317
1763702 39762
1763802 55232
1763902 54304
1764002 55678
1764102 24781
1764202 53893
1764302 25541
1764402 46325
1764502 61395
1764602 16185
1764702 33083
1764802 65473
1764902 36522
1765002 58044
1765102 48466
1765202 31467
1765302 17073
1765402 15618
1765502 46554
1765602 11305
1765702 22125
1765802 60476
1765902 57869
1766002 5442
1766102 16866
1766202 60428
1766302 59750
1766402 23924
1766502 32752
1766602 51818
1766702 585
1766802 47471
1766902 45383
1767002 9047
1767102 59230
1767202 58095
1767302 55237
1767402 18543
1767502 8563
1767602 29770
1767702 27293
1767802 56913
1767902 39023
1768002 26728
1768102 43883
1768202 24915
1768302 62063
1768402 27193
1768502 41210
1768602 33394
1768702 40649
1768802 4745
1768902 60968
1769002 20875
1769102 50275
1769202 60237
1769302 13204
1769402 43834
1769502 7368
1769602 8110
1769702 17662
1769802 36054
1769902 27026
1770002 7156
1770102 34892
1770202 55138
1770302 30792
1770402 59810
1770502 56773
1770602 20951
1770702 4600
1770802 24625
1770902 19587
1771002 34374
1771102 24176
1771202 26870
1771302 49729
1771402 15031
1771502 47755
1771602 42481
1771702 4574
1771802 63385
1771902 59964
1772002 20096
1772102 57590
1772202 19231
1772302 55260
1772402 14566
1772502 62946
1772602 17682
1772702 23374
1772802 42200
1772902 58465
1773002 57410
1773102 59614
1773202 40937
1773302 26553
1773402 30482
1773502 48551
1773602 30995
1773702 63377
1773802 49112
1773902 27109
1774002 11685
1774102 56565
1774202 6430
1774302 11730
1774402 11354
1774502 10592
1774602 22223
1774702 39442
1774802 38112
1774902 32429
1775002 33699
1775102 40544
1775202 26144
1775302 21174
1775402 53776
1775502 50261
1775602 30145
1775702 8053
1775802 29660
1775902 45803
1776002 28091
1776102 15216
1776202 43798
1776302 16509
1776402 37761
1776502 22400
1776602 44943
1776702 9857
1776802 31661
1776902 56382
1777002 9967
1777102 32583
1777202 63623
1777302 63101
1777402 50202
1777502 31568
1777602 61965
1777702 49537
1777802 24680
1777902 5651
1778002 53951
1778102 51588
1778202 2759
1778302 63213
1778402 27353
1778502 57994
1778602 63011
1778702 64105
1778802 33697
1778902 3198
1779002 296
1779102 3401
1779202 8799
1779302 23101
1779402 19957
1779502 48752
1779602 57875
1779702 22252
1779802 23945
1779902 16393
1780002 10644
1780102 27889
1780202 51926
1780302 15234
1780402 37870
1780502 7094
1780602 30678
1780702 57567
1780802 46125
1780902 43779
1781002 19346
1781102 36872
1781202 53453
1781302 63606
1781402 11138
1781502 44911
1781602 15021
1781702 20158
1781802 34103
1781902 24508
1782002 42903
1782102 22526
1782202 30193
1782302 10189
1782402 11861
1782502 56452
1782602 52984
1782702 2512
1782802 6691
1782902 9775
1783002 30176
1783102 31566
1783202 7560
1783302 16614
1783402 10668
1783502 44584
1783602 62152
1783702 3766
1783802 63159
1783902 30845
1784002 8075
1784102 10105
1784202 21933
1784302 37900
1784402 26410
1784502 5503
1784602 56286
1784702 57303
1784802 55576
1784902 58914
1785002 17392
1785102 53211
1785202 31569
1785302 29780
1785402 33076
1785502 46779
1785602 63770
1785702 62426
1785802 24879
1785902 3060
1786002 46429
1786102 6105
1786202 2643
1786302 64934
1786402 33995
1786502 39396
1786602 57718
1786702 28699
1786802 10227
1786902 30458
1787002 3662
1787102 41565
1787202 7964
1787302 18951
1787402 23641
1787502 54882
1787602 4756
1787702 24968
1787802 7459
1787902 8519
1788002 6300
1788102 41451
1788202 22084
1788302 7474
1788402 4912
1788502 11039
1788602 42113
1788702 39573
1788802 50771
1788902 14213
1789002 52240
1789102 55072
1789202 43473
1789302 19207
1789402 45996
1789502 13820
1789602 38300
1789702 12217
1789802 7373
1789902 59398
1790002 35293
1790102 13609
1790202 22865
1790302 44692
1790402 61638
1790502 16876
1790602 54793
1790702 12146
1790802 13395
1790902 65072
1791002 22836
1791102 17323
1791202 63468
1791302 55054
1791402 41325
1791502 35408
1791602 64370
1791702 13783
1791802 15833
1791902 42461
1792002 60807
1792102 59546
1792202 23843
1792302 11654
1792402 63293
1792502 5251
1792602 50132
1792702 46524
1792802 60593
1792902 45626
1793002 32704
1793102 28814
1793202 48546
1793302 44536
1793402 43294
1793502 43438
1793602 4179
1793702 10642
1793802 5333
1793902 34865
1794002 10401
1794102 33621
1794202 17164
1794302 1911
1794402 24061
1794502 18514
1794602 11597
1794702 56525
1794802 19159
1794902 64539
1795002 56869
1795102 10928
1795202 16927
1795302 57945
1795402 62640
1795502 45468
1795602 36917
1795702 2288
1795802 61919
1795902 39467
1796002 54703
1796102 4252
1796202 34846
1796302 4378
1796402 54134
1796502 57554
1796602 35571
1796702 16935
1796802 31254
1796902 44554
1797002 6294
1797102 38701
1797202 56790
1797302 32027
1797402 16292
1797502 4960
1797602 63861
1797702 18549
1797802 36605
1797902 39593
1798002 62074
1798102 16209
1798202 4429
1798302 48826
1798402 47831
1798502 33768
1798602 36429
1798702 35583
1798802 33747
1798902 11855
1799002 65372
1799102 32858
1799202 36216
1799302 46787
1799402 58743
1799502 9732
1799602 36336
1799702 44680
1799802 41505
1799902 32642
1800002 5523
1800102 21603
1800202 59707
1800302 6140
1800402 50488
1800502 15055
1800602 12969
1800702 24979
1800802 3697
1800902 61233
1801002 19886
1801102 60453
1801202 54517
1801302 56743
1801402 41768
1801502 34744
1801602 53402
1801702 39746
1801802 55276
1801902 54116
1802002 16717
1802102 34161
1802202 16698
1802302 11385
1802402 23819
1802502 19174
1802602 238
1802702 55195
